observation_id,material_id,state_id,property,result_kind,value_si,minimum_si,maximum_si,unit,basis,conditions,method,source_id,source_organization,source_title,source_revision,source_locator,original_value,original_unit,significant_figures
obs-482a4b0df6a9a7f82587,al-6061,al-6061-t4,tensile_yield_strength,lower_bound,110000000.0,,,Pa,minimum,"{""product_form"": ""extrusion""}",Not specified in the cited datasheet table,hydro-6061-2019,Hydro,Alloy 6061,2019/01,"Page 2, table “6061 Extruded Mechanical and Physical Property Limits”, T4 minimum yield strength",110,MPa,2
obs-1ba45f5693d201aaf921,al-6061,al-6061-t4,thermal_conductivity,point,155.0,,,W/(m*K),typical,"{""product_form"": ""extrusion"", ""temperature_K"": 298.15}",Not specified in the cited datasheet table,hydro-6061-2019,Hydro,Alloy 6061,2019/01,"Page 2, table “6061 Extruded Mechanical and Physical Property Limits”, T4 typical thermal conductivity",155,W/(m·K),3
obs-4acacc882e3dbe3c39ed,al-6061,,density,point,2712.630661599906,,,kg/m^3,typical,{},Not specified in the cited datasheet table,hydro-6061-2019,Hydro,Alloy 6061,2019/01,"Page 2, alloy-wide density above the chemical composition table: 0.098 lb/in³; no temper specified",0.098,lb/in³,2
obs-fd562a821429c26c2fac,al-6061,al-6061-t6,tensile_yield_strength,lower_bound,240000000.0,,,Pa,minimum,"{""product_form"": ""extrusion""}",Not specified in the cited datasheet table,hydro-6061-2019,Hydro,Alloy 6061,2019/01,"Page 2, table “6061 Extruded Mechanical and Physical Property Limits”, T6 minimum yield strength",240,MPa,2
obs-ce45c34ba6b45ffacc57,al-6061,al-6061-t6,thermal_conductivity,point,167.0,,,W/(m*K),typical,"{""product_form"": ""extrusion"", ""temperature_K"": 298.15}",Not specified in the cited datasheet table,hydro-6061-2019,Hydro,Alloy 6061,2019/01,"Page 2, table “6061 Extruded Mechanical and Physical Property Limits”, T6 typical thermal conductivity",167,W/(m·K),3
obs-c9de5547ad8d4c0a7438,tecaran-abs-grey,,density,point,1040.0,,,kg/m^3,typical,"{""product_form"": ""stock_shape""}",DIN EN ISO 1183,ensinger-manual,Ensinger,Stock shapes — Engineering plastics manual,Snapshot 9b46c0ae1e72,"Page 88, Material standard values, column 1 (TECARAN ABS grey), row Density",1.04,g/cm³,3
obs-ad26df2567f44dfee560,tecaran-abs-grey,,youngs_modulus,point,1700000000.0,,,Pa,typical,"{""product_form"": ""stock_shape""}",DIN EN ISO 527-2,ensinger-manual,Ensinger,Stock shapes — Engineering plastics manual,Snapshot 9b46c0ae1e72,"Page 88, Material standard values, column 1 (TECARAN ABS grey), row Modulus of elasticity (tensile test)","1,700",MPa,4
obs-d25ead22f83541fbfc4a,tecaran-abs-grey,,ultimate_tensile_strength,point,32000000.0,,,Pa,typical,"{""product_form"": ""stock_shape""}",DIN EN ISO 527-2,ensinger-manual,Ensinger,Stock shapes — Engineering plastics manual,Snapshot 9b46c0ae1e72,"Page 88, Material standard values, column 1 (TECARAN ABS grey), row Tensile strength",32,MPa,2
obs-f83647f4042456b738d7,tecaran-abs-grey,,tensile_yield_strength,point,32000000.0,,,Pa,typical,"{""product_form"": ""stock_shape""}",DIN EN ISO 527-2,ensinger-manual,Ensinger,Stock shapes — Engineering plastics manual,Snapshot 9b46c0ae1e72,"Page 88, Material standard values, column 1 (TECARAN ABS grey), row Tensile strength at yield",32,MPa,2
obs-78eeecbcbb379a3dfc80,tecaran-abs-grey,,elongation_at_break,point,0.49,,,1,typical,"{""product_form"": ""stock_shape""}",DIN EN ISO 527-2,ensinger-manual,Ensinger,Stock shapes — Engineering plastics manual,Snapshot 9b46c0ae1e72,"Page 88, Material standard values, column 1 (TECARAN ABS grey), row Elongation at break",49,%,2
obs-5f25d58b3442d936df1c,tecaran-abs-grey,,flexural_strength,point,49000000.0,,,Pa,typical,"{""product_form"": ""stock_shape""}",DIN EN ISO 178,ensinger-manual,Ensinger,Stock shapes — Engineering plastics manual,Snapshot 9b46c0ae1e72,"Page 88, Material standard values, column 1 (TECARAN ABS grey), row Flexural strength",49,MPa,2
obs-d0e1b91a3c656cacf640,tecanyl-mt-coloured,,density,interval,,1040.0,1100.0,kg/m^3,typical,"{""product_form"": ""stock_shape""}",DIN EN ISO 1183,ensinger-manual,Ensinger,Stock shapes — Engineering plastics manual,Snapshot 9b46c0ae1e72,"Page 88, Material standard values, column 2 (TECANYL MT coloured), row Density",1.04 – 1.10,g/cm³,3
obs-be1a3ae6d94429701888,tecanyl-mt-coloured,,youngs_modulus,point,2400000000.0,,,Pa,typical,"{""product_form"": ""stock_shape""}",DIN EN ISO 527-2,ensinger-manual,Ensinger,Stock shapes — Engineering plastics manual,Snapshot 9b46c0ae1e72,"Page 88, Material standard values, column 2 (TECANYL MT coloured), row Modulus of elasticity (tensile test)","2,400",MPa,4
obs-6d78ad726142bdd23b9b,tecanyl-mt-coloured,,ultimate_tensile_strength,point,65000000.0,,,Pa,typical,"{""product_form"": ""stock_shape""}",DIN EN ISO 527-2,ensinger-manual,Ensinger,Stock shapes — Engineering plastics manual,Snapshot 9b46c0ae1e72,"Page 88, Material standard values, column 2 (TECANYL MT coloured), row Tensile strength",65,MPa,2
obs-9153f722842e0615f81b,tecanyl-mt-coloured,,tensile_yield_strength,point,67000000.0,,,Pa,typical,"{""product_form"": ""stock_shape""}",DIN EN ISO 527-2,ensinger-manual,Ensinger,Stock shapes — Engineering plastics manual,Snapshot 9b46c0ae1e72,"Page 88, Material standard values, column 2 (TECANYL MT coloured), row Tensile strength at yield",67,MPa,2
obs-f17daa1912cb64d79b3a,tecanyl-mt-coloured,,elongation_at_break,point,0.08,,,1,typical,"{""product_form"": ""stock_shape""}",DIN EN ISO 527-2,ensinger-manual,Ensinger,Stock shapes — Engineering plastics manual,Snapshot 9b46c0ae1e72,"Page 88, Material standard values, column 2 (TECANYL MT coloured), row Elongation at break",8,%,1
obs-8329624356ce48698cb4,tecanyl-mt-coloured,,thermal_conductivity,point,0.21,,,W/(m*K),typical,"{""product_form"": ""stock_shape""}",ISO 22007-4:2008,ensinger-manual,Ensinger,Stock shapes — Engineering plastics manual,Snapshot 9b46c0ae1e72,"Page 88, Material standard values, column 2 (TECANYL MT coloured), row Thermal conductivity",0.21,W/(m·K),2
obs-901de54c1081329ffa06,tecanyl-mt-coloured,,flexural_strength,point,95000000.0,,,Pa,typical,"{""product_form"": ""stock_shape""}",DIN EN ISO 178,ensinger-manual,Ensinger,Stock shapes — Engineering plastics manual,Snapshot 9b46c0ae1e72,"Page 88, Material standard values, column 2 (TECANYL MT coloured), row Flexural strength",95,MPa,2
obs-0b00c296d510824baca0,tecanyl-gf30,,density,point,1300.0,,,kg/m^3,typical,"{""product_form"": ""stock_shape""}",DIN EN ISO 1183,ensinger-manual,Ensinger,Stock shapes — Engineering plastics manual,Snapshot 9b46c0ae1e72,"Page 88, Material standard values, column 3 (TECANYL GF30), row Density",1.3,g/cm³,2
obs-e10b65501a2d38d4df35,tecanyl-gf30,,youngs_modulus,point,4100000000.0,,,Pa,typical,"{""product_form"": ""stock_shape""}",DIN EN ISO 527-2,ensinger-manual,Ensinger,Stock shapes — Engineering plastics manual,Snapshot 9b46c0ae1e72,"Page 88, Material standard values, column 3 (TECANYL GF30), row Modulus of elasticity (tensile test)","4,100",MPa,4
obs-1cc822549376c9f8f15a,tecanyl-gf30,,ultimate_tensile_strength,point,73000000.0,,,Pa,typical,"{""product_form"": ""stock_shape""}",DIN EN ISO 527-2,ensinger-manual,Ensinger,Stock shapes — Engineering plastics manual,Snapshot 9b46c0ae1e72,"Page 88, Material standard values, column 3 (TECANYL GF30), row Tensile strength",73,MPa,2
obs-5c851aa28997053b97f2,tecanyl-gf30,,tensile_yield_strength,point,73000000.0,,,Pa,typical,"{""product_form"": ""stock_shape""}",DIN EN ISO 527-2,ensinger-manual,Ensinger,Stock shapes — Engineering plastics manual,Snapshot 9b46c0ae1e72,"Page 88, Material standard values, column 3 (TECANYL GF30), row Tensile strength at yield",73,MPa,2
obs-89bf39e016d0998a98a3,tecanyl-gf30,,elongation_at_break,point,0.05,,,1,typical,"{""product_form"": ""stock_shape""}",DIN EN ISO 527-2,ensinger-manual,Ensinger,Stock shapes — Engineering plastics manual,Snapshot 9b46c0ae1e72,"Page 88, Material standard values, column 3 (TECANYL GF30), row Elongation at break",5,%,1
obs-44362c0afd787a34bf01,tecanyl-gf30,,thermal_conductivity,point,0.28,,,W/(m*K),typical,"{""product_form"": ""stock_shape""}",ISO 22007-4:2008,ensinger-manual,Ensinger,Stock shapes — Engineering plastics manual,Snapshot 9b46c0ae1e72,"Page 88, Material standard values, column 3 (TECANYL GF30), row Thermal conductivity",0.28,W/(m·K),2
obs-92cfd8b9c4a30eb26a02,tecanyl-gf30,,flexural_strength,point,116000000.0,,,Pa,typical,"{""product_form"": ""stock_shape""}",DIN EN ISO 178,ensinger-manual,Ensinger,Stock shapes — Engineering plastics manual,Snapshot 9b46c0ae1e72,"Page 88, Material standard values, column 3 (TECANYL GF30), row Flexural strength",116,MPa,3
obs-9113247ccc20fd3b54cb,tecanyl-731-grey,,density,point,1100.0,,,kg/m^3,typical,"{""product_form"": ""stock_shape""}",DIN EN ISO 1183,ensinger-manual,Ensinger,Stock shapes — Engineering plastics manual,Snapshot 9b46c0ae1e72,"Page 88, Material standard values, column 4 (TECANYL 731 grey), row Density",1.1,g/cm³,2
obs-c41657a4c822ed9f29fc,tecanyl-731-grey,,youngs_modulus,point,2400000000.0,,,Pa,typical,"{""product_form"": ""stock_shape""}",DIN EN ISO 527-2,ensinger-manual,Ensinger,Stock shapes — Engineering plastics manual,Snapshot 9b46c0ae1e72,"Page 88, Material standard values, column 4 (TECANYL 731 grey), row Modulus of elasticity (tensile test)","2,400",MPa,4
obs-5afbfc80b3d8cafe06f9,tecanyl-731-grey,,ultimate_tensile_strength,point,57000000.0,,,Pa,typical,"{""product_form"": ""stock_shape""}",DIN EN ISO 527-2,ensinger-manual,Ensinger,Stock shapes — Engineering plastics manual,Snapshot 9b46c0ae1e72,"Page 88, Material standard values, column 4 (TECANYL 731 grey), row Tensile strength",57,MPa,2
obs-d0e1453036596d4c96f7,tecanyl-731-grey,,tensile_yield_strength,point,57000000.0,,,Pa,typical,"{""product_form"": ""stock_shape""}",DIN EN ISO 527-2,ensinger-manual,Ensinger,Stock shapes — Engineering plastics manual,Snapshot 9b46c0ae1e72,"Page 88, Material standard values, column 4 (TECANYL 731 grey), row Tensile strength at yield",57,MPa,2
obs-0d13518861a4afc60639,tecanyl-731-grey,,elongation_at_break,point,0.22,,,1,typical,"{""product_form"": ""stock_shape""}",DIN EN ISO 527-2,ensinger-manual,Ensinger,Stock shapes — Engineering plastics manual,Snapshot 9b46c0ae1e72,"Page 88, Material standard values, column 4 (TECANYL 731 grey), row Elongation at break",22,%,2
obs-afbfa0ede9124bcf7c41,tecanyl-731-grey,,thermal_conductivity,point,0.21,,,W/(m*K),typical,"{""product_form"": ""stock_shape""}",ISO 22007-4:2008,ensinger-manual,Ensinger,Stock shapes — Engineering plastics manual,Snapshot 9b46c0ae1e72,"Page 88, Material standard values, column 4 (TECANYL 731 grey), row Thermal conductivity",0.21,W/(m·K),2
obs-9110c9fb9378c2c84b51,tecanyl-731-grey,,flexural_strength,point,85000000.0,,,Pa,typical,"{""product_form"": ""stock_shape""}",DIN EN ISO 178,ensinger-manual,Ensinger,Stock shapes — Engineering plastics manual,Snapshot 9b46c0ae1e72,"Page 88, Material standard values, column 4 (TECANYL 731 grey), row Flexural strength",85,MPa,2
obs-68f5f66d683ffac64e5e,tecafine-pmp,,density,point,830.0,,,kg/m^3,typical,"{""product_form"": ""stock_shape""}",DIN EN ISO 1183,ensinger-manual,Ensinger,Stock shapes — Engineering plastics manual,Snapshot 9b46c0ae1e72,"Page 88, Material standard values, column 5 (TECAFINE PMP), row Density",0.83,g/cm³,2
obs-7fb6dbf786c1dff49e25,tecafine-pmp,,youngs_modulus,point,1000000000.0,,,Pa,typical,"{""product_form"": ""stock_shape""}",DIN EN ISO 527-2,ensinger-manual,Ensinger,Stock shapes — Engineering plastics manual,Snapshot 9b46c0ae1e72,"Page 88, Material standard values, column 5 (TECAFINE PMP), row Modulus of elasticity (tensile test)","1,000",MPa,4
obs-bce320ad3d6f5795424f,tecafine-pmp,,ultimate_tensile_strength,point,26000000.0,,,Pa,typical,"{""product_form"": ""stock_shape""}",DIN EN ISO 527-2,ensinger-manual,Ensinger,Stock shapes — Engineering plastics manual,Snapshot 9b46c0ae1e72,"Page 88, Material standard values, column 5 (TECAFINE PMP), row Tensile strength",26,MPa,2
obs-79d38f4f0150afb1dc63,tecafine-pmp,,tensile_yield_strength,point,26000000.0,,,Pa,typical,"{""product_form"": ""stock_shape""}",DIN EN ISO 527-2,ensinger-manual,Ensinger,Stock shapes — Engineering plastics manual,Snapshot 9b46c0ae1e72,"Page 88, Material standard values, column 5 (TECAFINE PMP), row Tensile strength at yield",26,MPa,2
obs-e796da12f7af929e0b20,tecafine-pmp,,elongation_at_break,point,0.67,,,1,typical,"{""product_form"": ""stock_shape""}",DIN EN ISO 527-2,ensinger-manual,Ensinger,Stock shapes — Engineering plastics manual,Snapshot 9b46c0ae1e72,"Page 88, Material standard values, column 5 (TECAFINE PMP), row Elongation at break",67,%,2
obs-3e1421c15c773b677c1f,tecafine-pmp,,flexural_strength,point,31000000.0,,,Pa,typical,"{""product_form"": ""stock_shape""}",DIN EN ISO 178,ensinger-manual,Ensinger,Stock shapes — Engineering plastics manual,Snapshot 9b46c0ae1e72,"Page 88, Material standard values, column 5 (TECAFINE PMP), row Flexural strength",31,MPa,2
obs-fa753e0e66227b0e8cef,tecapro-mt,,density,point,930.0,,,kg/m^3,typical,"{""product_form"": ""stock_shape""}",DIN EN ISO 1183,ensinger-manual,Ensinger,Stock shapes — Engineering plastics manual,Snapshot 9b46c0ae1e72,"Page 88, Material standard values, column 6 (TECAPRO MT), row Density",0.93,g/cm³,2
obs-ce8501443cc89e1160d4,tecapro-mt,,youngs_modulus,point,2000000000.0,,,Pa,typical,"{""product_form"": ""stock_shape""}",DIN EN ISO 527-2,ensinger-manual,Ensinger,Stock shapes — Engineering plastics manual,Snapshot 9b46c0ae1e72,"Page 88, Material standard values, column 6 (TECAPRO MT), row Modulus of elasticity (tensile test)","2,000",MPa,4
obs-4d096e2a405916d15f12,tecapro-mt,,ultimate_tensile_strength,point,34000000.0,,,Pa,typical,"{""product_form"": ""stock_shape""}",DIN EN ISO 527-2,ensinger-manual,Ensinger,Stock shapes — Engineering plastics manual,Snapshot 9b46c0ae1e72,"Page 88, Material standard values, column 6 (TECAPRO MT), row Tensile strength",34,MPa,2
obs-cd9648df82c4c6e4e43d,tecapro-mt,,tensile_yield_strength,point,34000000.0,,,Pa,typical,"{""product_form"": ""stock_shape""}",DIN EN ISO 527-2,ensinger-manual,Ensinger,Stock shapes — Engineering plastics manual,Snapshot 9b46c0ae1e72,"Page 88, Material standard values, column 6 (TECAPRO MT), row Tensile strength at yield",34,MPa,2
obs-b1290da5ec2297a14641,tecapro-mt,,elongation_at_break,point,0.67,,,1,typical,"{""product_form"": ""stock_shape""}",DIN EN ISO 527-2,ensinger-manual,Ensinger,Stock shapes — Engineering plastics manual,Snapshot 9b46c0ae1e72,"Page 88, Material standard values, column 6 (TECAPRO MT), row Elongation at break",67,%,2
obs-ac5416bf46cdb6a9af9c,tecapro-mt,,flexural_strength,point,54000000.0,,,Pa,typical,"{""product_form"": ""stock_shape""}",DIN EN ISO 178,ensinger-manual,Ensinger,Stock shapes — Engineering plastics manual,Snapshot 9b46c0ae1e72,"Page 88, Material standard values, column 6 (TECAPRO MT), row Flexural strength",54,MPa,2
obs-be60646c0de3ba72c818,tecaform-ah-natural,,density,point,1410.0,,,kg/m^3,typical,"{""product_form"": ""stock_shape""}",DIN EN ISO 1183,ensinger-manual,Ensinger,Stock shapes — Engineering plastics manual,Snapshot 9b46c0ae1e72,"Page 88, Material standard values, column 7 (TECAFORM AH natural), row Density",1.41,g/cm³,3
obs-e9a3fc924aadf35cdd15,tecaform-ah-natural,,youngs_modulus,point,2800000000.0,,,Pa,typical,"{""product_form"": ""stock_shape""}",DIN EN ISO 527-2,ensinger-manual,Ensinger,Stock shapes — Engineering plastics manual,Snapshot 9b46c0ae1e72,"Page 88, Material standard values, column 7 (TECAFORM AH natural), row Modulus of elasticity (tensile test)","2,800",MPa,4
obs-cb07983115d764d31b42,tecaform-ah-natural,,ultimate_tensile_strength,point,67000000.0,,,Pa,typical,"{""product_form"": ""stock_shape""}",DIN EN ISO 527-2,ensinger-manual,Ensinger,Stock shapes — Engineering plastics manual,Snapshot 9b46c0ae1e72,"Page 88, Material standard values, column 7 (TECAFORM AH natural), row Tensile strength",67,MPa,2
obs-eb2aa55fa6e27ee0d18b,tecaform-ah-natural,,tensile_yield_strength,point,67000000.0,,,Pa,typical,"{""product_form"": ""stock_shape""}",DIN EN ISO 527-2,ensinger-manual,Ensinger,Stock shapes — Engineering plastics manual,Snapshot 9b46c0ae1e72,"Page 88, Material standard values, column 7 (TECAFORM AH natural), row Tensile strength at yield",67,MPa,2
obs-524fda91c8b3b85c1a89,tecaform-ah-natural,,elongation_at_break,point,0.32,,,1,typical,"{""product_form"": ""stock_shape""}",DIN EN ISO 527-2,ensinger-manual,Ensinger,Stock shapes — Engineering plastics manual,Snapshot 9b46c0ae1e72,"Page 88, Material standard values, column 7 (TECAFORM AH natural), row Elongation at break",32,%,2
obs-d981ce28a7fac3b35c53,tecaform-ah-natural,,thermal_conductivity,point,0.39,,,W/(m*K),typical,"{""product_form"": ""stock_shape""}",ISO 22007-4:2008,ensinger-manual,Ensinger,Stock shapes — Engineering plastics manual,Snapshot 9b46c0ae1e72,"Page 88, Material standard values, column 7 (TECAFORM AH natural), row Thermal conductivity",0.39,W/(m·K),2
obs-3da47c7aa6455fd36a3d,tecaform-ah-natural,,flexural_strength,point,91000000.0,,,Pa,typical,"{""product_form"": ""stock_shape""}",DIN EN ISO 178,ensinger-manual,Ensinger,Stock shapes — Engineering plastics manual,Snapshot 9b46c0ae1e72,"Page 88, Material standard values, column 7 (TECAFORM AH natural), row Flexural strength",91,MPa,2
obs-9caef868bf7001593d93,tecaform-ah-gf25,,density,point,1590.0,,,kg/m^3,typical,"{""product_form"": ""stock_shape""}",DIN EN ISO 1183,ensinger-manual,Ensinger,Stock shapes — Engineering plastics manual,Snapshot 9b46c0ae1e72,"Page 88, Material standard values, column 9 (TECAFORM AH GF25), row Density",1.59,g/cm³,3
obs-983d8f8da4e8df514686,tecaform-ah-gf25,,youngs_modulus,point,4200000000.0,,,Pa,typical,"{""product_form"": ""stock_shape""}",DIN EN ISO 527-2,ensinger-manual,Ensinger,Stock shapes — Engineering plastics manual,Snapshot 9b46c0ae1e72,"Page 88, Material standard values, column 9 (TECAFORM AH GF25), row Modulus of elasticity (tensile test)","4,200",MPa,4
obs-6b6c95e52aee2c349f6a,tecaform-ah-gf25,,ultimate_tensile_strength,point,51000000.0,,,Pa,typical,"{""product_form"": ""stock_shape""}",DIN EN ISO 527-2,ensinger-manual,Ensinger,Stock shapes — Engineering plastics manual,Snapshot 9b46c0ae1e72,"Page 88, Material standard values, column 9 (TECAFORM AH GF25), row Tensile strength",51,MPa,2
obs-08dc28e84f0cc86c3252,tecaform-ah-gf25,,tensile_yield_strength,point,51000000.0,,,Pa,typical,"{""product_form"": ""stock_shape""}",DIN EN ISO 527-2,ensinger-manual,Ensinger,Stock shapes — Engineering plastics manual,Snapshot 9b46c0ae1e72,"Page 88, Material standard values, column 9 (TECAFORM AH GF25), row Tensile strength at yield",51,MPa,2
obs-7cc0ff64ac6b78ff26fa,tecaform-ah-gf25,,elongation_at_break,point,0.12,,,1,typical,"{""product_form"": ""stock_shape""}",DIN EN ISO 527-2,ensinger-manual,Ensinger,Stock shapes — Engineering plastics manual,Snapshot 9b46c0ae1e72,"Page 88, Material standard values, column 9 (TECAFORM AH GF25), row Elongation at break",12,%,2
obs-833ae1e750b75023f6a5,tecaform-ah-gf25,,thermal_conductivity,point,0.47,,,W/(m*K),typical,"{""product_form"": ""stock_shape""}",ISO 22007-4:2008,ensinger-manual,Ensinger,Stock shapes — Engineering plastics manual,Snapshot 9b46c0ae1e72,"Page 88, Material standard values, column 9 (TECAFORM AH GF25), row Thermal conductivity",0.47,W/(m·K),2
obs-77776f78b2e79700f9d3,tecaform-ah-gf25,,flexural_strength,point,88000000.0,,,Pa,typical,"{""product_form"": ""stock_shape""}",DIN EN ISO 178,ensinger-manual,Ensinger,Stock shapes — Engineering plastics manual,Snapshot 9b46c0ae1e72,"Page 88, Material standard values, column 9 (TECAFORM AH GF25), row Flexural strength",88,MPa,2
obs-9d39f6caa499d61f88bc,tecaform-ah-els,,density,point,1410.0,,,kg/m^3,typical,"{""product_form"": ""stock_shape""}",DIN EN ISO 1183,ensinger-manual,Ensinger,Stock shapes — Engineering plastics manual,Snapshot 9b46c0ae1e72,"Page 88, Material standard values, column 10 (TECAFORM AH ELS), row Density",1.41,g/cm³,3
obs-0f58c594f34b44cc55f2,tecaform-ah-els,,youngs_modulus,point,1800000000.0,,,Pa,typical,"{""product_form"": ""stock_shape""}",DIN EN ISO 527-2,ensinger-manual,Ensinger,Stock shapes — Engineering plastics manual,Snapshot 9b46c0ae1e72,"Page 88, Material standard values, column 10 (TECAFORM AH ELS), row Modulus of elasticity (tensile test)","1,800",MPa,4
obs-60d550b3eb5ed2c8803a,tecaform-ah-els,,ultimate_tensile_strength,point,42000000.0,,,Pa,typical,"{""product_form"": ""stock_shape""}",DIN EN ISO 527-2,ensinger-manual,Ensinger,Stock shapes — Engineering plastics manual,Snapshot 9b46c0ae1e72,"Page 88, Material standard values, column 10 (TECAFORM AH ELS), row Tensile strength",42,MPa,2
obs-92f1a51e7834e9b1a682,tecaform-ah-els,,tensile_yield_strength,point,42000000.0,,,Pa,typical,"{""product_form"": ""stock_shape""}",DIN EN ISO 527-2,ensinger-manual,Ensinger,Stock shapes — Engineering plastics manual,Snapshot 9b46c0ae1e72,"Page 88, Material standard values, column 10 (TECAFORM AH ELS), row Tensile strength at yield",42,MPa,2
obs-181c80c5f2a4fead08fb,tecaform-ah-els,,elongation_at_break,point,0.11,,,1,typical,"{""product_form"": ""stock_shape""}",DIN EN ISO 527-2,ensinger-manual,Ensinger,Stock shapes — Engineering plastics manual,Snapshot 9b46c0ae1e72,"Page 88, Material standard values, column 10 (TECAFORM AH ELS), row Elongation at break",11,%,2
obs-340801bbc9214bcacb50,tecaform-ah-els,,thermal_conductivity,point,0.46,,,W/(m*K),typical,"{""product_form"": ""stock_shape""}",ISO 22007-4:2008,ensinger-manual,Ensinger,Stock shapes — Engineering plastics manual,Snapshot 9b46c0ae1e72,"Page 88, Material standard values, column 10 (TECAFORM AH ELS), row Thermal conductivity",0.46,W/(m·K),2
obs-acb56072c55208c59b89,tecaform-ah-els,,flexural_strength,point,56000000.0,,,Pa,typical,"{""product_form"": ""stock_shape""}",DIN EN ISO 178,ensinger-manual,Ensinger,Stock shapes — Engineering plastics manual,Snapshot 9b46c0ae1e72,"Page 88, Material standard values, column 10 (TECAFORM AH ELS), row Flexural strength",56,MPa,2
obs-f318c654fef9e8ca52cd,tecaform-ah-sd,,density,point,1350.0,,,kg/m^3,typical,"{""product_form"": ""stock_shape""}",DIN EN ISO 1183,ensinger-manual,Ensinger,Stock shapes — Engineering plastics manual,Snapshot 9b46c0ae1e72,"Page 89, Material standard values, column 1 (TECAFORM AH SD), row Density",1.35,g/cm³,3
obs-ef0c8316a1c55c6c1955,tecaform-ah-sd,,youngs_modulus,point,1300000000.0,,,Pa,typical,"{""product_form"": ""stock_shape""}",DIN EN ISO 527-2,ensinger-manual,Ensinger,Stock shapes — Engineering plastics manual,Snapshot 9b46c0ae1e72,"Page 89, Material standard values, column 1 (TECAFORM AH SD), row Modulus of elasticity (tensile test)","1,300",MPa,4
obs-a78e35ba731c734724dc,tecaform-ah-sd,,ultimate_tensile_strength,point,39000000.0,,,Pa,typical,"{""product_form"": ""stock_shape""}",DIN EN ISO 527-2,ensinger-manual,Ensinger,Stock shapes — Engineering plastics manual,Snapshot 9b46c0ae1e72,"Page 89, Material standard values, column 1 (TECAFORM AH SD), row Tensile strength",39,MPa,2
obs-91ce479003bc8adf3105,tecaform-ah-sd,,tensile_yield_strength,point,39000000.0,,,Pa,typical,"{""product_form"": ""stock_shape""}",DIN EN ISO 527-2,ensinger-manual,Ensinger,Stock shapes — Engineering plastics manual,Snapshot 9b46c0ae1e72,"Page 89, Material standard values, column 1 (TECAFORM AH SD), row Tensile strength at yield",39,MPa,2
obs-889cfd36f6375b3b1457,tecaform-ah-sd,,elongation_at_break,point,0.23,,,1,typical,"{""product_form"": ""stock_shape""}",DIN EN ISO 527-2,ensinger-manual,Ensinger,Stock shapes — Engineering plastics manual,Snapshot 9b46c0ae1e72,"Page 89, Material standard values, column 1 (TECAFORM AH SD), row Elongation at break",23,%,2
obs-e6fb3b8ab14aa742ecfd,tecaform-ah-sd,,thermal_conductivity,point,0.3,,,W/(m*K),typical,"{""product_form"": ""stock_shape""}",ISO 22007-4:2008,ensinger-manual,Ensinger,Stock shapes — Engineering plastics manual,Snapshot 9b46c0ae1e72,"Page 89, Material standard values, column 1 (TECAFORM AH SD), row Thermal conductivity",0.30,W/(m·K),2
obs-d210c04c34467182e60e,tecaform-ah-sd,,flexural_strength,point,46000000.0,,,Pa,typical,"{""product_form"": ""stock_shape""}",DIN EN ISO 178,ensinger-manual,Ensinger,Stock shapes — Engineering plastics manual,Snapshot 9b46c0ae1e72,"Page 89, Material standard values, column 1 (TECAFORM AH SD), row Flexural strength",46,MPa,2
obs-86b315a003162b118ee1,tecaform-ah-id-blue,,density,point,1490.0,,,kg/m^3,typical,"{""product_form"": ""stock_shape""}",DIN EN ISO 1183,ensinger-manual,Ensinger,Stock shapes — Engineering plastics manual,Snapshot 9b46c0ae1e72,"Page 89, Material standard values, column 2 (TECAFORM AH ID blue), row Density",1.49,g/cm³,3
obs-ff3ba9bc18ab1c422b58,tecaform-ah-id-blue,,youngs_modulus,point,3200000000.0,,,Pa,typical,"{""product_form"": ""stock_shape""}",DIN EN ISO 527-2,ensinger-manual,Ensinger,Stock shapes — Engineering plastics manual,Snapshot 9b46c0ae1e72,"Page 89, Material standard values, column 2 (TECAFORM AH ID blue), row Modulus of elasticity (tensile test)","3,200",MPa,4
obs-ec0764fbe1fd73b96092,tecaform-ah-id-blue,,ultimate_tensile_strength,point,68000000.0,,,Pa,typical,"{""product_form"": ""stock_shape""}",DIN EN ISO 527-2,ensinger-manual,Ensinger,Stock shapes — Engineering plastics manual,Snapshot 9b46c0ae1e72,"Page 89, Material standard values, column 2 (TECAFORM AH ID blue), row Tensile strength",68,MPa,2
obs-3d4567a78c984b43f1ae,tecaform-ah-id-blue,,tensile_yield_strength,point,68000000.0,,,Pa,typical,"{""product_form"": ""stock_shape""}",DIN EN ISO 527-2,ensinger-manual,Ensinger,Stock shapes — Engineering plastics manual,Snapshot 9b46c0ae1e72,"Page 89, Material standard values, column 2 (TECAFORM AH ID blue), row Tensile strength at yield",68,MPa,2
obs-d4ba73e4d86a66d339a3,tecaform-ah-id-blue,,elongation_at_break,point,0.1,,,1,typical,"{""product_form"": ""stock_shape""}",DIN EN ISO 527-2,ensinger-manual,Ensinger,Stock shapes — Engineering plastics manual,Snapshot 9b46c0ae1e72,"Page 89, Material standard values, column 2 (TECAFORM AH ID blue), row Elongation at break",10,%,2
obs-2c67866d633b69338d37,tecaform-ah-id-blue,,thermal_conductivity,point,0.39,,,W/(m*K),typical,"{""product_form"": ""stock_shape""}",ISO 22007-4:2008,ensinger-manual,Ensinger,Stock shapes — Engineering plastics manual,Snapshot 9b46c0ae1e72,"Page 89, Material standard values, column 2 (TECAFORM AH ID blue), row Thermal conductivity",0.39,W/(m·K),2
obs-10bad260f81816f5f587,tecaform-ah-id-blue,,flexural_strength,point,100000000.0,,,Pa,typical,"{""product_form"": ""stock_shape""}",DIN EN ISO 178,ensinger-manual,Ensinger,Stock shapes — Engineering plastics manual,Snapshot 9b46c0ae1e72,"Page 89, Material standard values, column 2 (TECAFORM AH ID blue), row Flexural strength",100,MPa,3
obs-034add61eda5b99bcb74,tecaform-ah-la,,density,point,1360.0,,,kg/m^3,typical,"{""product_form"": ""stock_shape""}",DIN EN ISO 1183,ensinger-manual,Ensinger,Stock shapes — Engineering plastics manual,Snapshot 9b46c0ae1e72,"Page 89, Material standard values, column 3 (TECAFORM AH LA), row Density",1.36,g/cm³,3
obs-ca8354d70c299a769a9d,tecaform-ah-la,,youngs_modulus,point,2100000000.0,,,Pa,typical,"{""product_form"": ""stock_shape""}",DIN EN ISO 527-2,ensinger-manual,Ensinger,Stock shapes — Engineering plastics manual,Snapshot 9b46c0ae1e72,"Page 89, Material standard values, column 3 (TECAFORM AH LA), row Modulus of elasticity (tensile test)","2,100",MPa,4
obs-e809b74065fc4f620033,tecaform-ah-la,,ultimate_tensile_strength,point,48000000.0,,,Pa,typical,"{""product_form"": ""stock_shape""}",DIN EN ISO 527-2,ensinger-manual,Ensinger,Stock shapes — Engineering plastics manual,Snapshot 9b46c0ae1e72,"Page 89, Material standard values, column 3 (TECAFORM AH LA), row Tensile strength",48,MPa,2
obs-b34fc578de2baa33d441,tecaform-ah-la,,tensile_yield_strength,point,48000000.0,,,Pa,typical,"{""product_form"": ""stock_shape""}",DIN EN ISO 527-2,ensinger-manual,Ensinger,Stock shapes — Engineering plastics manual,Snapshot 9b46c0ae1e72,"Page 89, Material standard values, column 3 (TECAFORM AH LA), row Tensile strength at yield",48,MPa,2
obs-ca988193d3ea18c2cd0d,tecaform-ah-la,,elongation_at_break,point,0.09,,,1,typical,"{""product_form"": ""stock_shape""}",DIN EN ISO 527-2,ensinger-manual,Ensinger,Stock shapes — Engineering plastics manual,Snapshot 9b46c0ae1e72,"Page 89, Material standard values, column 3 (TECAFORM AH LA), row Elongation at break",9,%,1
obs-4e81241e762d06ac089c,tecaform-ah-la,,thermal_conductivity,point,0.39,,,W/(m*K),typical,"{""product_form"": ""stock_shape""}",ISO 22007-4:2008,ensinger-manual,Ensinger,Stock shapes — Engineering plastics manual,Snapshot 9b46c0ae1e72,"Page 89, Material standard values, column 3 (TECAFORM AH LA), row Thermal conductivity",0.39,W/(m·K),2
obs-572b0d77674989d266cf,tecaform-ah-la,,flexural_strength,point,70000000.0,,,Pa,typical,"{""product_form"": ""stock_shape""}",DIN EN ISO 178,ensinger-manual,Ensinger,Stock shapes — Engineering plastics manual,Snapshot 9b46c0ae1e72,"Page 89, Material standard values, column 3 (TECAFORM AH LA), row Flexural strength",70,MPa,2
obs-d955d3f135c515ca2ad9,tecaform-ah-san,,density,point,1410.0,,,kg/m^3,typical,"{""product_form"": ""stock_shape""}",DIN EN ISO 1183,ensinger-manual,Ensinger,Stock shapes — Engineering plastics manual,Snapshot 9b46c0ae1e72,"Page 89, Material standard values, column 4 (TECAFORM AH SAN), row Density",1.41,g/cm³,3
obs-d628578ec5b9cd620809,tecaform-ah-san,,youngs_modulus,point,2900000000.0,,,Pa,typical,"{""product_form"": ""stock_shape""}",DIN EN ISO 527-2,ensinger-manual,Ensinger,Stock shapes — Engineering plastics manual,Snapshot 9b46c0ae1e72,"Page 89, Material standard values, column 4 (TECAFORM AH SAN), row Modulus of elasticity (tensile test)","2,900",MPa,4
obs-98cc4737dd03822f71b5,tecaform-ah-san,,ultimate_tensile_strength,point,67000000.0,,,Pa,typical,"{""product_form"": ""stock_shape""}",DIN EN ISO 527-2,ensinger-manual,Ensinger,Stock shapes — Engineering plastics manual,Snapshot 9b46c0ae1e72,"Page 89, Material standard values, column 4 (TECAFORM AH SAN), row Tensile strength",67,MPa,2
obs-18b528762e5dd2b6839f,tecaform-ah-san,,tensile_yield_strength,point,69000000.0,,,Pa,typical,"{""product_form"": ""stock_shape""}",DIN EN ISO 527-2,ensinger-manual,Ensinger,Stock shapes — Engineering plastics manual,Snapshot 9b46c0ae1e72,"Page 89, Material standard values, column 4 (TECAFORM AH SAN), row Tensile strength at yield",69,MPa,2
obs-0fdaa99800ee4fd8f2f6,tecaform-ah-san,,elongation_at_break,point,0.18,,,1,typical,"{""product_form"": ""stock_shape""}",DIN EN ISO 527-2,ensinger-manual,Ensinger,Stock shapes — Engineering plastics manual,Snapshot 9b46c0ae1e72,"Page 89, Material standard values, column 4 (TECAFORM AH SAN), row Elongation at break",18,%,2
obs-3bca807038640d357a10,tecaform-ah-san,,thermal_conductivity,point,0.39,,,W/(m*K),typical,"{""product_form"": ""stock_shape""}",ISO 22007-4:2008,ensinger-manual,Ensinger,Stock shapes — Engineering plastics manual,Snapshot 9b46c0ae1e72,"Page 89, Material standard values, column 4 (TECAFORM AH SAN), row Thermal conductivity",0.39,W/(m·K),2
obs-56d0b21011123df4d8a2,tecaform-ah-san,,flexural_strength,point,93000000.0,,,Pa,typical,"{""product_form"": ""stock_shape""}",DIN EN ISO 178,ensinger-manual,Ensinger,Stock shapes — Engineering plastics manual,Snapshot 9b46c0ae1e72,"Page 89, Material standard values, column 4 (TECAFORM AH SAN), row Flexural strength",93,MPa,2
obs-d39e015b605c27408975,tecaform-ah-mt-coloured,,density,point,1410.0,,,kg/m^3,typical,"{""product_form"": ""stock_shape""}",DIN EN ISO 1183,ensinger-manual,Ensinger,Stock shapes — Engineering plastics manual,Snapshot 9b46c0ae1e72,"Page 89, Material standard values, column 5 (TECAFORM AH MT coloured), row Density",1.41,g/cm³,3
obs-3cdb1c0a7703a2c78f18,tecaform-ah-mt-coloured,,youngs_modulus,point,2800000000.0,,,Pa,typical,"{""product_form"": ""stock_shape""}",DIN EN ISO 527-2,ensinger-manual,Ensinger,Stock shapes — Engineering plastics manual,Snapshot 9b46c0ae1e72,"Page 89, Material standard values, column 5 (TECAFORM AH MT coloured), row Modulus of elasticity (tensile test)","2,800",MPa,4
obs-67b6f89cd1fce0d7c0ac,tecaform-ah-mt-coloured,,ultimate_tensile_strength,point,69000000.0,,,Pa,typical,"{""product_form"": ""stock_shape""}",DIN EN ISO 527-2,ensinger-manual,Ensinger,Stock shapes — Engineering plastics manual,Snapshot 9b46c0ae1e72,"Page 89, Material standard values, column 5 (TECAFORM AH MT coloured), row Tensile strength",69,MPa,2
obs-c9124cb115bf82a158c2,tecaform-ah-mt-coloured,,tensile_yield_strength,point,70000000.0,,,Pa,typical,"{""product_form"": ""stock_shape""}",DIN EN ISO 527-2,ensinger-manual,Ensinger,Stock shapes — Engineering plastics manual,Snapshot 9b46c0ae1e72,"Page 89, Material standard values, column 5 (TECAFORM AH MT coloured), row Tensile strength at yield",70,MPa,2
obs-9f507e9f1b6df90d61e3,tecaform-ah-mt-coloured,,elongation_at_break,point,0.3,,,1,typical,"{""product_form"": ""stock_shape""}",DIN EN ISO 527-2,ensinger-manual,Ensinger,Stock shapes — Engineering plastics manual,Snapshot 9b46c0ae1e72,"Page 89, Material standard values, column 5 (TECAFORM AH MT coloured), row Elongation at break",30,%,2
obs-fde502557626defbf2b8,tecaform-ah-mt-coloured,,thermal_conductivity,point,0.39,,,W/(m*K),typical,"{""product_form"": ""stock_shape""}",ISO 22007-4:2008,ensinger-manual,Ensinger,Stock shapes — Engineering plastics manual,Snapshot 9b46c0ae1e72,"Page 89, Material standard values, column 5 (TECAFORM AH MT coloured), row Thermal conductivity",0.39,W/(m·K),2
obs-4a246300fce77f083682,tecaform-ah-mt-coloured,,flexural_strength,point,94000000.0,,,Pa,typical,"{""product_form"": ""stock_shape""}",DIN EN ISO 178,ensinger-manual,Ensinger,Stock shapes — Engineering plastics manual,Snapshot 9b46c0ae1e72,"Page 89, Material standard values, column 5 (TECAFORM AH MT coloured), row Flexural strength",94,MPa,2
obs-6e0582a0ff4dd1abc7d5,tecaform-ad,,density,point,1430.0,,,kg/m^3,typical,"{""product_form"": ""stock_shape""}",DIN EN ISO 1183,ensinger-manual,Ensinger,Stock shapes — Engineering plastics manual,Snapshot 9b46c0ae1e72,"Page 89, Material standard values, column 6 (TECAFORM AD), row Density",1.43,g/cm³,3
obs-4dda6f1a13a68bd43f7f,tecaform-ad,,youngs_modulus,point,3400000000.0,,,Pa,typical,"{""product_form"": ""stock_shape""}",DIN EN ISO 527-2,ensinger-manual,Ensinger,Stock shapes — Engineering plastics manual,Snapshot 9b46c0ae1e72,"Page 89, Material standard values, column 6 (TECAFORM AD), row Modulus of elasticity (tensile test)","3,400",MPa,4
obs-8b22aeec54e6e001bed3,tecaform-ad,,ultimate_tensile_strength,point,79000000.0,,,Pa,typical,"{""product_form"": ""stock_shape""}",DIN EN ISO 527-2,ensinger-manual,Ensinger,Stock shapes — Engineering plastics manual,Snapshot 9b46c0ae1e72,"Page 89, Material standard values, column 6 (TECAFORM AD), row Tensile strength",79,MPa,2
obs-17fd02de19eee8d50249,tecaform-ad,,tensile_yield_strength,point,79000000.0,,,Pa,typical,"{""product_form"": ""stock_shape""}",DIN EN ISO 527-2,ensinger-manual,Ensinger,Stock shapes — Engineering plastics manual,Snapshot 9b46c0ae1e72,"Page 89, Material standard values, column 6 (TECAFORM AD), row Tensile strength at yield",79,MPa,2
obs-d36ff9faba1e0f8d2d0f,tecaform-ad,,elongation_at_break,point,0.45,,,1,typical,"{""product_form"": ""stock_shape""}",DIN EN ISO 527-2,ensinger-manual,Ensinger,Stock shapes — Engineering plastics manual,Snapshot 9b46c0ae1e72,"Page 89, Material standard values, column 6 (TECAFORM AD), row Elongation at break",45,%,2
obs-637e77f4a7bfccec9b29,tecaform-ad,,thermal_conductivity,point,0.43,,,W/(m*K),typical,"{""product_form"": ""stock_shape""}",ISO 22007-4:2008,ensinger-manual,Ensinger,Stock shapes — Engineering plastics manual,Snapshot 9b46c0ae1e72,"Page 89, Material standard values, column 6 (TECAFORM AD), row Thermal conductivity",0.43,W/(m·K),2
obs-fde8962f24aa11aff552,tecaform-ad,,flexural_strength,point,106000000.0,,,Pa,typical,"{""product_form"": ""stock_shape""}",DIN EN ISO 178,ensinger-manual,Ensinger,Stock shapes — Engineering plastics manual,Snapshot 9b46c0ae1e72,"Page 89, Material standard values, column 6 (TECAFORM AD), row Flexural strength",106,MPa,3
obs-e2d17763bb3d7709ddc1,tecaform-ad-af,,density,point,1490.0,,,kg/m^3,typical,"{""product_form"": ""stock_shape""}",DIN EN ISO 1183,ensinger-manual,Ensinger,Stock shapes — Engineering plastics manual,Snapshot 9b46c0ae1e72,"Page 89, Material standard values, column 8 (TECAFORM AD AF), row Density",1.49,g/cm³,3
obs-61ffc8b41e9bce9de2a3,tecaform-ad-af,,youngs_modulus,point,3000000000.0,,,Pa,typical,"{""product_form"": ""stock_shape""}",DIN EN ISO 527-2,ensinger-manual,Ensinger,Stock shapes — Engineering plastics manual,Snapshot 9b46c0ae1e72,"Page 89, Material standard values, column 8 (TECAFORM AD AF), row Modulus of elasticity (tensile test)","3,000",MPa,4
obs-914d37e7d9757aeb1424,tecaform-ad-af,,ultimate_tensile_strength,point,53000000.0,,,Pa,typical,"{""product_form"": ""stock_shape""}",DIN EN ISO 527-2,ensinger-manual,Ensinger,Stock shapes — Engineering plastics manual,Snapshot 9b46c0ae1e72,"Page 89, Material standard values, column 8 (TECAFORM AD AF), row Tensile strength",53,MPa,2
obs-b8790e2f8069d597afb8,tecaform-ad-af,,tensile_yield_strength,point,53000000.0,,,Pa,typical,"{""product_form"": ""stock_shape""}",DIN EN ISO 527-2,ensinger-manual,Ensinger,Stock shapes — Engineering plastics manual,Snapshot 9b46c0ae1e72,"Page 89, Material standard values, column 8 (TECAFORM AD AF), row Tensile strength at yield",53,MPa,2
obs-8ccdd108025b65bc97c9,tecaform-ad-af,,elongation_at_break,point,0.08,,,1,typical,"{""product_form"": ""stock_shape""}",DIN EN ISO 527-2,ensinger-manual,Ensinger,Stock shapes — Engineering plastics manual,Snapshot 9b46c0ae1e72,"Page 89, Material standard values, column 8 (TECAFORM AD AF), row Elongation at break",8,%,1
obs-233bb92fcedb573ae0ab,tecaform-ad-af,,thermal_conductivity,point,0.46,,,W/(m*K),typical,"{""product_form"": ""stock_shape""}",ISO 22007-4:2008,ensinger-manual,Ensinger,Stock shapes — Engineering plastics manual,Snapshot 9b46c0ae1e72,"Page 89, Material standard values, column 8 (TECAFORM AD AF), row Thermal conductivity",0.46,W/(m·K),2
obs-b476d43524d2653fe8a2,tecaform-ad-af,,flexural_strength,point,85000000.0,,,Pa,typical,"{""product_form"": ""stock_shape""}",DIN EN ISO 178,ensinger-manual,Ensinger,Stock shapes — Engineering plastics manual,Snapshot 9b46c0ae1e72,"Page 89, Material standard values, column 8 (TECAFORM AD AF), row Flexural strength",85,MPa,2
obs-f59a090f86d93883757f,tecast-t,,density,point,1150.0,,,kg/m^3,typical,"{""product_form"": ""stock_shape""}",DIN EN ISO 1183,ensinger-manual,Ensinger,Stock shapes — Engineering plastics manual,Snapshot 9b46c0ae1e72,"Page 89, Material standard values, column 9 (TECAST T), row Density",1.15,g/cm³,3
obs-1fdc16198133daacd086,tecast-t,,youngs_modulus,point,3500000000.0,,,Pa,typical,"{""product_form"": ""stock_shape""}",DIN EN ISO 527-2,ensinger-manual,Ensinger,Stock shapes — Engineering plastics manual,Snapshot 9b46c0ae1e72,"Page 89, Material standard values, column 9 (TECAST T), row Modulus of elasticity (tensile test)","3,500",MPa,4
obs-0e2f95319cf8f8d524ab,tecast-t,,ultimate_tensile_strength,point,83000000.0,,,Pa,typical,"{""product_form"": ""stock_shape""}",DIN EN ISO 527-2,ensinger-manual,Ensinger,Stock shapes — Engineering plastics manual,Snapshot 9b46c0ae1e72,"Page 89, Material standard values, column 9 (TECAST T), row Tensile strength",83,MPa,2
obs-d2e538e1065c5f2c1207,tecast-t,,tensile_yield_strength,point,80000000.0,,,Pa,typical,"{""product_form"": ""stock_shape""}",DIN EN ISO 527-2,ensinger-manual,Ensinger,Stock shapes — Engineering plastics manual,Snapshot 9b46c0ae1e72,"Page 89, Material standard values, column 9 (TECAST T), row Tensile strength at yield",80,MPa,2
obs-7e00062653adb48f4207,tecast-t,,elongation_at_break,point,0.55,,,1,typical,"{""product_form"": ""stock_shape""}",DIN EN ISO 527-2,ensinger-manual,Ensinger,Stock shapes — Engineering plastics manual,Snapshot 9b46c0ae1e72,"Page 89, Material standard values, column 9 (TECAST T), row Elongation at break",55,%,2
obs-549f7d7c86706da11960,tecast-t,,thermal_conductivity,point,0.38,,,W/(m*K),typical,"{""product_form"": ""stock_shape""}",ISO 22007-4:2008,ensinger-manual,Ensinger,Stock shapes — Engineering plastics manual,Snapshot 9b46c0ae1e72,"Page 89, Material standard values, column 9 (TECAST T), row Thermal conductivity",0.38,W/(m·K),2
obs-899f44a69688a929f002,tecast-t,,flexural_strength,point,109000000.0,,,Pa,typical,"{""product_form"": ""stock_shape""}",DIN EN ISO 178,ensinger-manual,Ensinger,Stock shapes — Engineering plastics manual,Snapshot 9b46c0ae1e72,"Page 89, Material standard values, column 9 (TECAST T), row Flexural strength",109,MPa,3
obs-3f068642106857616efa,tecast-tm,,density,point,1150.0,,,kg/m^3,typical,"{""product_form"": ""stock_shape""}",DIN EN ISO 1183,ensinger-manual,Ensinger,Stock shapes — Engineering plastics manual,Snapshot 9b46c0ae1e72,"Page 89, Material standard values, column 10 (TECAST TM), row Density",1.15,g/cm³,3
obs-0c2cfde12b73a84c4f49,tecast-tm,,youngs_modulus,point,3200000000.0,,,Pa,typical,"{""product_form"": ""stock_shape""}",DIN EN ISO 527-2,ensinger-manual,Ensinger,Stock shapes — Engineering plastics manual,Snapshot 9b46c0ae1e72,"Page 89, Material standard values, column 10 (TECAST TM), row Modulus of elasticity (tensile test)","3,200",MPa,4
obs-aff51a0c9614767cd388,tecast-tm,,ultimate_tensile_strength,point,82000000.0,,,Pa,typical,"{""product_form"": ""stock_shape""}",DIN EN ISO 527-2,ensinger-manual,Ensinger,Stock shapes — Engineering plastics manual,Snapshot 9b46c0ae1e72,"Page 89, Material standard values, column 10 (TECAST TM), row Tensile strength",82,MPa,2
obs-bf1e6d304ee7c7cea8af,tecast-tm,,tensile_yield_strength,point,80000000.0,,,Pa,typical,"{""product_form"": ""stock_shape""}",DIN EN ISO 527-2,ensinger-manual,Ensinger,Stock shapes — Engineering plastics manual,Snapshot 9b46c0ae1e72,"Page 89, Material standard values, column 10 (TECAST TM), row Tensile strength at yield",80,MPa,2
obs-631bf34efcdc0f4f75f2,tecast-tm,,elongation_at_break,point,0.55,,,1,typical,"{""product_form"": ""stock_shape""}",DIN EN ISO 527-2,ensinger-manual,Ensinger,Stock shapes — Engineering plastics manual,Snapshot 9b46c0ae1e72,"Page 89, Material standard values, column 10 (TECAST TM), row Elongation at break",55,%,2
obs-e6e2c658242fb87ac693,tecast-tm,,thermal_conductivity,point,0.33,,,W/(m*K),typical,"{""product_form"": ""stock_shape""}",ISO 22007-4:2008,ensinger-manual,Ensinger,Stock shapes — Engineering plastics manual,Snapshot 9b46c0ae1e72,"Page 89, Material standard values, column 10 (TECAST TM), row Thermal conductivity",0.33,W/(m·K),2
obs-b795cc82ec5852eccfa3,tecast-tm,,flexural_strength,point,102000000.0,,,Pa,typical,"{""product_form"": ""stock_shape""}",DIN EN ISO 178,ensinger-manual,Ensinger,Stock shapes — Engineering plastics manual,Snapshot 9b46c0ae1e72,"Page 89, Material standard values, column 10 (TECAST TM), row Flexural strength",102,MPa,3
obs-a66ed47cd85f83419ea2,tecast-l-black,,density,point,1130.0,,,kg/m^3,typical,"{""product_form"": ""stock_shape""}",DIN EN ISO 1183,ensinger-manual,Ensinger,Stock shapes — Engineering plastics manual,Snapshot 9b46c0ae1e72,"Page 90, Material standard values, column 1 (TECAST L black), row Density",1.13,g/cm³,3
obs-892cafc15530f29c472c,tecast-l-black,,youngs_modulus,point,2900000000.0,,,Pa,typical,"{""product_form"": ""stock_shape""}",DIN EN ISO 527-2,ensinger-manual,Ensinger,Stock shapes — Engineering plastics manual,Snapshot 9b46c0ae1e72,"Page 90, Material standard values, column 1 (TECAST L black), row Modulus of elasticity (tensile test)","2,900",MPa,4
obs-474958aec46ebb10bade,tecast-l-black,,ultimate_tensile_strength,point,69000000.0,,,Pa,typical,"{""product_form"": ""stock_shape""}",DIN EN ISO 527-2,ensinger-manual,Ensinger,Stock shapes — Engineering plastics manual,Snapshot 9b46c0ae1e72,"Page 90, Material standard values, column 1 (TECAST L black), row Tensile strength",69,MPa,2
obs-9a43609d8d6fa934ecf3,tecast-l-black,,tensile_yield_strength,point,66000000.0,,,Pa,typical,"{""product_form"": ""stock_shape""}",DIN EN ISO 527-2,ensinger-manual,Ensinger,Stock shapes — Engineering plastics manual,Snapshot 9b46c0ae1e72,"Page 90, Material standard values, column 1 (TECAST L black), row Tensile strength at yield",66,MPa,2
obs-c22273f7a88cd8e088f9,tecast-l-black,,elongation_at_break,point,0.5,,,1,typical,"{""product_form"": ""stock_shape""}",DIN EN ISO 527-2,ensinger-manual,Ensinger,Stock shapes — Engineering plastics manual,Snapshot 9b46c0ae1e72,"Page 90, Material standard values, column 1 (TECAST L black), row Elongation at break",50,%,2
obs-33abbcbdbc5b19f36044,tecast-l-black,,thermal_conductivity,point,0.37,,,W/(m*K),typical,"{""product_form"": ""stock_shape""}",ISO 22007-4:2008,ensinger-manual,Ensinger,Stock shapes — Engineering plastics manual,Snapshot 9b46c0ae1e72,"Page 90, Material standard values, column 1 (TECAST L black), row Thermal conductivity",0.37,W/(m·K),2
obs-d4bb9f37dc1e943e3565,tecast-l-black,,flexural_strength,point,95000000.0,,,Pa,typical,"{""product_form"": ""stock_shape""}",DIN EN ISO 178,ensinger-manual,Ensinger,Stock shapes — Engineering plastics manual,Snapshot 9b46c0ae1e72,"Page 90, Material standard values, column 1 (TECAST L black), row Flexural strength",95,MPa,2
obs-4f49c80ca3f9487765b6,tecaglide-green,,density,point,1130.0,,,kg/m^3,typical,"{""product_form"": ""stock_shape""}",DIN EN ISO 1183,ensinger-manual,Ensinger,Stock shapes — Engineering plastics manual,Snapshot 9b46c0ae1e72,"Page 90, Material standard values, column 4 (TECAGLIDE green), row Density",1.13,g/cm³,3
obs-326f2fcf7b033f77e5e1,tecaglide-green,,youngs_modulus,point,3200000000.0,,,Pa,typical,"{""product_form"": ""stock_shape""}",DIN EN ISO 527-2,ensinger-manual,Ensinger,Stock shapes — Engineering plastics manual,Snapshot 9b46c0ae1e72,"Page 90, Material standard values, column 4 (TECAGLIDE green), row Modulus of elasticity (tensile test)","3,200",MPa,4
obs-226e207157851b3d7fd4,tecaglide-green,,ultimate_tensile_strength,point,76000000.0,,,Pa,typical,"{""product_form"": ""stock_shape""}",DIN EN ISO 527-2,ensinger-manual,Ensinger,Stock shapes — Engineering plastics manual,Snapshot 9b46c0ae1e72,"Page 90, Material standard values, column 4 (TECAGLIDE green), row Tensile strength",76,MPa,2
obs-91e1589defef7c7240eb,tecaglide-green,,tensile_yield_strength,point,76000000.0,,,Pa,typical,"{""product_form"": ""stock_shape""}",DIN EN ISO 527-2,ensinger-manual,Ensinger,Stock shapes — Engineering plastics manual,Snapshot 9b46c0ae1e72,"Page 90, Material standard values, column 4 (TECAGLIDE green), row Tensile strength at yield",76,MPa,2
obs-00ea0ac160500a405e19,tecaglide-green,,elongation_at_break,point,0.18,,,1,typical,"{""product_form"": ""stock_shape""}",DIN EN ISO 527-2,ensinger-manual,Ensinger,Stock shapes — Engineering plastics manual,Snapshot 9b46c0ae1e72,"Page 90, Material standard values, column 4 (TECAGLIDE green), row Elongation at break",18,%,2
obs-16bb196ae7d1e5e52c45,tecaglide-green,,thermal_conductivity,point,0.38,,,W/(m*K),typical,"{""product_form"": ""stock_shape""}",ISO 22007-4:2008,ensinger-manual,Ensinger,Stock shapes — Engineering plastics manual,Snapshot 9b46c0ae1e72,"Page 90, Material standard values, column 4 (TECAGLIDE green), row Thermal conductivity",0.38,W/(m·K),2
obs-8f483305f31002e51987,tecaglide-green,,flexural_strength,point,103000000.0,,,Pa,typical,"{""product_form"": ""stock_shape""}",DIN EN ISO 178,ensinger-manual,Ensinger,Stock shapes — Engineering plastics manual,Snapshot 9b46c0ae1e72,"Page 90, Material standard values, column 4 (TECAGLIDE green), row Flexural strength",103,MPa,3
obs-cc5819f7b17e16685e0f,tecarim-1500-yellow,,density,point,1110.0,,,kg/m^3,typical,"{""product_form"": ""stock_shape""}",DIN EN ISO 1183,ensinger-manual,Ensinger,Stock shapes — Engineering plastics manual,Snapshot 9b46c0ae1e72,"Page 90, Material standard values, column 5 (TECARIM 1500 yellow), row Density",1.11,g/cm³,3
obs-3ce153b0e3e2eacdd4fc,tecarim-1500-yellow,,youngs_modulus,point,2200000000.0,,,Pa,typical,"{""product_form"": ""stock_shape""}",DIN EN ISO 527-2,ensinger-manual,Ensinger,Stock shapes — Engineering plastics manual,Snapshot 9b46c0ae1e72,"Page 90, Material standard values, column 5 (TECARIM 1500 yellow), row Modulus of elasticity (tensile test)","2,200",MPa,4
obs-a6c262d4fa38102f58e8,tecarim-1500-yellow,,ultimate_tensile_strength,point,53000000.0,,,Pa,typical,"{""product_form"": ""stock_shape""}",DIN EN ISO 527-2,ensinger-manual,Ensinger,Stock shapes — Engineering plastics manual,Snapshot 9b46c0ae1e72,"Page 90, Material standard values, column 5 (TECARIM 1500 yellow), row Tensile strength",53,MPa,2
obs-e2589da08e3d7080ba06,tecarim-1500-yellow,,tensile_yield_strength,point,53000000.0,,,Pa,typical,"{""product_form"": ""stock_shape""}",DIN EN ISO 527-2,ensinger-manual,Ensinger,Stock shapes — Engineering plastics manual,Snapshot 9b46c0ae1e72,"Page 90, Material standard values, column 5 (TECARIM 1500 yellow), row Tensile strength at yield",53,MPa,2
obs-1b8f4eb679473c0cc691,tecarim-1500-yellow,,elongation_at_break,point,0.58,,,1,typical,"{""product_form"": ""stock_shape""}",DIN EN ISO 527-2,ensinger-manual,Ensinger,Stock shapes — Engineering plastics manual,Snapshot 9b46c0ae1e72,"Page 90, Material standard values, column 5 (TECARIM 1500 yellow), row Elongation at break",58,%,2
obs-9b9d8d4853aba3ed7a3b,tecarim-1500-yellow,,thermal_conductivity,point,0.32,,,W/(m*K),typical,"{""product_form"": ""stock_shape""}",ISO 22007-4:2008,ensinger-manual,Ensinger,Stock shapes — Engineering plastics manual,Snapshot 9b46c0ae1e72,"Page 90, Material standard values, column 5 (TECARIM 1500 yellow), row Thermal conductivity",0.32,W/(m·K),2
obs-d08b81021997692ead49,tecarim-1500-yellow,,flexural_strength,point,73000000.0,,,Pa,typical,"{""product_form"": ""stock_shape""}",DIN EN ISO 178,ensinger-manual,Ensinger,Stock shapes — Engineering plastics manual,Snapshot 9b46c0ae1e72,"Page 90, Material standard values, column 5 (TECARIM 1500 yellow), row Flexural strength",73,MPa,2
obs-9675e7ca62ff43eef11e,tecamid-6,,density,point,1140.0,,,kg/m^3,typical,"{""product_form"": ""stock_shape""}",DIN EN ISO 1183,ensinger-manual,Ensinger,Stock shapes — Engineering plastics manual,Snapshot 9b46c0ae1e72,"Page 90, Material standard values, column 6 (TECAMID 6), row Density",1.14,g/cm³,3
obs-99293a3bdd90b60beddd,tecamid-6,,youngs_modulus,point,3300000000.0,,,Pa,typical,"{""product_form"": ""stock_shape""}",DIN EN ISO 527-2,ensinger-manual,Ensinger,Stock shapes — Engineering plastics manual,Snapshot 9b46c0ae1e72,"Page 90, Material standard values, column 6 (TECAMID 6), row Modulus of elasticity (tensile test)","3,300",MPa,4
obs-16f8ab6b0e1f4ae9d56c,tecamid-6,,ultimate_tensile_strength,point,79000000.0,,,Pa,typical,"{""product_form"": ""stock_shape""}",DIN EN ISO 527-2,ensinger-manual,Ensinger,Stock shapes — Engineering plastics manual,Snapshot 9b46c0ae1e72,"Page 90, Material standard values, column 6 (TECAMID 6), row Tensile strength",79,MPa,2
obs-5ff8f4e4e82c086cf32c,tecamid-6,,tensile_yield_strength,point,78000000.0,,,Pa,typical,"{""product_form"": ""stock_shape""}",DIN EN ISO 527-2,ensinger-manual,Ensinger,Stock shapes — Engineering plastics manual,Snapshot 9b46c0ae1e72,"Page 90, Material standard values, column 6 (TECAMID 6), row Tensile strength at yield",78,MPa,2
obs-bb0d1ea3881a307a5fe5,tecamid-6,,elongation_at_break,point,1.3,,,1,typical,"{""product_form"": ""stock_shape""}",DIN EN ISO 527-2,ensinger-manual,Ensinger,Stock shapes — Engineering plastics manual,Snapshot 9b46c0ae1e72,"Page 90, Material standard values, column 6 (TECAMID 6), row Elongation at break",130,%,3
obs-1fa6d2600547d54309fc,tecamid-6,,thermal_conductivity,point,0.37,,,W/(m*K),typical,"{""product_form"": ""stock_shape""}",ISO 22007-4:2008,ensinger-manual,Ensinger,Stock shapes — Engineering plastics manual,Snapshot 9b46c0ae1e72,"Page 90, Material standard values, column 6 (TECAMID 6), row Thermal conductivity",0.37,W/(m·K),2
obs-3205e67731e150579dca,tecamid-6,,flexural_strength,point,100000000.0,,,Pa,typical,"{""product_form"": ""stock_shape""}",DIN EN ISO 178,ensinger-manual,Ensinger,Stock shapes — Engineering plastics manual,Snapshot 9b46c0ae1e72,"Page 90, Material standard values, column 6 (TECAMID 6), row Flexural strength",100,MPa,3
obs-6107ee9d6bacd874379a,tecam-6-mo-black,,density,point,1140.0,,,kg/m^3,typical,"{""product_form"": ""stock_shape""}",DIN EN ISO 1183,ensinger-manual,Ensinger,Stock shapes — Engineering plastics manual,Snapshot 9b46c0ae1e72,"Page 90, Material standard values, column 7 (TECAM 6 MO black), row Density",1.14,g/cm³,3
obs-072f9c1375510562f6ab,tecam-6-mo-black,,youngs_modulus,point,3300000000.0,,,Pa,typical,"{""product_form"": ""stock_shape""}",DIN EN ISO 527-2,ensinger-manual,Ensinger,Stock shapes — Engineering plastics manual,Snapshot 9b46c0ae1e72,"Page 90, Material standard values, column 7 (TECAM 6 MO black), row Modulus of elasticity (tensile test)","3,300",MPa,4
obs-d4e85ac1edba1b93fe5e,tecam-6-mo-black,,ultimate_tensile_strength,point,84000000.0,,,Pa,typical,"{""product_form"": ""stock_shape""}",DIN EN ISO 527-2,ensinger-manual,Ensinger,Stock shapes — Engineering plastics manual,Snapshot 9b46c0ae1e72,"Page 90, Material standard values, column 7 (TECAM 6 MO black), row Tensile strength",84,MPa,2
obs-4dc128e4f2e854dbf2fd,tecam-6-mo-black,,tensile_yield_strength,point,82000000.0,,,Pa,typical,"{""product_form"": ""stock_shape""}",DIN EN ISO 527-2,ensinger-manual,Ensinger,Stock shapes — Engineering plastics manual,Snapshot 9b46c0ae1e72,"Page 90, Material standard values, column 7 (TECAM 6 MO black), row Tensile strength at yield",82,MPa,2
obs-f7a41c796d816e1a1a18,tecam-6-mo-black,,elongation_at_break,point,0.37,,,1,typical,"{""product_form"": ""stock_shape""}",DIN EN ISO 527-2,ensinger-manual,Ensinger,Stock shapes — Engineering plastics manual,Snapshot 9b46c0ae1e72,"Page 90, Material standard values, column 7 (TECAM 6 MO black), row Elongation at break",37,%,2
obs-0ab0d4324856f6d0391b,tecam-6-mo-black,,thermal_conductivity,point,0.37,,,W/(m*K),typical,"{""product_form"": ""stock_shape""}",ISO 22007-4:2008,ensinger-manual,Ensinger,Stock shapes — Engineering plastics manual,Snapshot 9b46c0ae1e72,"Page 90, Material standard values, column 7 (TECAM 6 MO black), row Thermal conductivity",0.37,W/(m·K),2
obs-0028f618e03dd54d1897,tecam-6-mo-black,,flexural_strength,point,110000000.0,,,Pa,typical,"{""product_form"": ""stock_shape""}",DIN EN ISO 178,ensinger-manual,Ensinger,Stock shapes — Engineering plastics manual,Snapshot 9b46c0ae1e72,"Page 90, Material standard values, column 7 (TECAM 6 MO black), row Flexural strength",110,MPa,3
obs-a88029ade3d21394899a,tecamid-6-gf25,,density,point,1330.0,,,kg/m^3,typical,"{""product_form"": ""stock_shape""}",DIN EN ISO 1183,ensinger-manual,Ensinger,Stock shapes — Engineering plastics manual,Snapshot 9b46c0ae1e72,"Page 90, Material standard values, column 8 (TECAMID 6 GF25), row Density",1.33,g/cm³,3
obs-01c63eead4175fd642d5,tecamid-6-gf25,,youngs_modulus,point,5100000000.0,,,Pa,typical,"{""product_form"": ""stock_shape""}",DIN EN ISO 527-2,ensinger-manual,Ensinger,Stock shapes — Engineering plastics manual,Snapshot 9b46c0ae1e72,"Page 90, Material standard values, column 8 (TECAMID 6 GF25), row Modulus of elasticity (tensile test)","5,100",MPa,4
obs-ad3ae2c6fc9fd7c029fc,tecamid-6-gf25,,ultimate_tensile_strength,point,96000000.0,,,Pa,typical,"{""product_form"": ""stock_shape""}",DIN EN ISO 527-2,ensinger-manual,Ensinger,Stock shapes — Engineering plastics manual,Snapshot 9b46c0ae1e72,"Page 90, Material standard values, column 8 (TECAMID 6 GF25), row Tensile strength",96,MPa,2
obs-d27e13b59bd31d3a58f3,tecamid-6-gf25,,tensile_yield_strength,point,96000000.0,,,Pa,typical,"{""product_form"": ""stock_shape""}",DIN EN ISO 527-2,ensinger-manual,Ensinger,Stock shapes — Engineering plastics manual,Snapshot 9b46c0ae1e72,"Page 90, Material standard values, column 8 (TECAMID 6 GF25), row Tensile strength at yield",96,MPa,2
obs-3eb625b9da8482d477db,tecamid-6-gf25,,elongation_at_break,point,0.11,,,1,typical,"{""product_form"": ""stock_shape""}",DIN EN ISO 527-2,ensinger-manual,Ensinger,Stock shapes — Engineering plastics manual,Snapshot 9b46c0ae1e72,"Page 90, Material standard values, column 8 (TECAMID 6 GF25), row Elongation at break",11,%,2
obs-cf7ea4234d8d500b1b6d,tecamid-6-gf25,,thermal_conductivity,point,0.4,,,W/(m*K),typical,"{""product_form"": ""stock_shape""}",ISO 22007-4:2008,ensinger-manual,Ensinger,Stock shapes — Engineering plastics manual,Snapshot 9b46c0ae1e72,"Page 90, Material standard values, column 8 (TECAMID 6 GF25), row Thermal conductivity",0.40,W/(m·K),2
obs-e602419d43e0ffb50a5f,tecamid-6-gf25,,flexural_strength,point,143000000.0,,,Pa,typical,"{""product_form"": ""stock_shape""}",DIN EN ISO 178,ensinger-manual,Ensinger,Stock shapes — Engineering plastics manual,Snapshot 9b46c0ae1e72,"Page 90, Material standard values, column 8 (TECAMID 6 GF25), row Flexural strength",143,MPa,3
obs-62e5c66d65b66f38a737,tecamid-6-gf30-black,,density,point,1360.0,,,kg/m^3,typical,"{""product_form"": ""stock_shape""}",DIN EN ISO 1183,ensinger-manual,Ensinger,Stock shapes — Engineering plastics manual,Snapshot 9b46c0ae1e72,"Page 90, Material standard values, column 9 (TECAMID 6 GF30 black), row Density",1.36,g/cm³,3
obs-c00d628e8792fce8db2f,tecamid-6-gf30-black,,youngs_modulus,point,5700000000.0,,,Pa,typical,"{""product_form"": ""stock_shape""}",DIN EN ISO 527-2,ensinger-manual,Ensinger,Stock shapes — Engineering plastics manual,Snapshot 9b46c0ae1e72,"Page 90, Material standard values, column 9 (TECAMID 6 GF30 black), row Modulus of elasticity (tensile test)","5,700",MPa,4
obs-097740cdcc9b9c2af286,tecamid-6-gf30-black,,ultimate_tensile_strength,point,98000000.0,,,Pa,typical,"{""product_form"": ""stock_shape""}",DIN EN ISO 527-2,ensinger-manual,Ensinger,Stock shapes — Engineering plastics manual,Snapshot 9b46c0ae1e72,"Page 90, Material standard values, column 9 (TECAMID 6 GF30 black), row Tensile strength",98,MPa,2
obs-f5e7df12803dd54dece2,tecamid-6-gf30-black,,tensile_yield_strength,point,98000000.0,,,Pa,typical,"{""product_form"": ""stock_shape""}",DIN EN ISO 527-2,ensinger-manual,Ensinger,Stock shapes — Engineering plastics manual,Snapshot 9b46c0ae1e72,"Page 90, Material standard values, column 9 (TECAMID 6 GF30 black), row Tensile strength at yield",98,MPa,2
obs-1a3661b56a866d7b6dc0,tecamid-6-gf30-black,,elongation_at_break,point,0.05,,,1,typical,"{""product_form"": ""stock_shape""}",DIN EN ISO 527-2,ensinger-manual,Ensinger,Stock shapes — Engineering plastics manual,Snapshot 9b46c0ae1e72,"Page 90, Material standard values, column 9 (TECAMID 6 GF30 black), row Elongation at break",5,%,1
obs-2d0bde33d13547f3b555,tecamid-6-gf30-black,,thermal_conductivity,point,0.41,,,W/(m*K),typical,"{""product_form"": ""stock_shape""}",ISO 22007-4:2008,ensinger-manual,Ensinger,Stock shapes — Engineering plastics manual,Snapshot 9b46c0ae1e72,"Page 90, Material standard values, column 9 (TECAMID 6 GF30 black), row Thermal conductivity",0.41,W/(m·K),2
obs-c0629e73b64052fcdc91,tecamid-6-gf30-black,,flexural_strength,point,140000000.0,,,Pa,typical,"{""product_form"": ""stock_shape""}",DIN EN ISO 178,ensinger-manual,Ensinger,Stock shapes — Engineering plastics manual,Snapshot 9b46c0ae1e72,"Page 90, Material standard values, column 9 (TECAMID 6 GF30 black), row Flexural strength",140,MPa,3
obs-aafba552a1ebae4d52f7,tecamid-66,,density,point,1150.0,,,kg/m^3,typical,"{""product_form"": ""stock_shape""}",DIN EN ISO 1183,ensinger-manual,Ensinger,Stock shapes — Engineering plastics manual,Snapshot 9b46c0ae1e72,"Page 90, Material standard values, column 10 (TECAMID 66), row Density",1.15,g/cm³,3
obs-1004089f7ae50d9e0188,tecamid-66,,youngs_modulus,point,3500000000.0,,,Pa,typical,"{""product_form"": ""stock_shape""}",DIN EN ISO 527-2,ensinger-manual,Ensinger,Stock shapes — Engineering plastics manual,Snapshot 9b46c0ae1e72,"Page 90, Material standard values, column 10 (TECAMID 66), row Modulus of elasticity (tensile test)","3,500",MPa,4
obs-ba0a0a22021ab6b28af9,tecamid-66,,ultimate_tensile_strength,point,85000000.0,,,Pa,typical,"{""product_form"": ""stock_shape""}",DIN EN ISO 527-2,ensinger-manual,Ensinger,Stock shapes — Engineering plastics manual,Snapshot 9b46c0ae1e72,"Page 90, Material standard values, column 10 (TECAMID 66), row Tensile strength",85,MPa,2
obs-5750ec0d50140680ad02,tecamid-66,,tensile_yield_strength,point,84000000.0,,,Pa,typical,"{""product_form"": ""stock_shape""}",DIN EN ISO 527-2,ensinger-manual,Ensinger,Stock shapes — Engineering plastics manual,Snapshot 9b46c0ae1e72,"Page 90, Material standard values, column 10 (TECAMID 66), row Tensile strength at yield",84,MPa,2
obs-0f14453a637ba2ea91be,tecamid-66,,elongation_at_break,point,0.7000000000000001,,,1,typical,"{""product_form"": ""stock_shape""}",DIN EN ISO 527-2,ensinger-manual,Ensinger,Stock shapes — Engineering plastics manual,Snapshot 9b46c0ae1e72,"Page 90, Material standard values, column 10 (TECAMID 66), row Elongation at break",70,%,2
obs-660f2f55fdc8baa006a8,tecamid-66,,thermal_conductivity,point,0.36,,,W/(m*K),typical,"{""product_form"": ""stock_shape""}",ISO 22007-4:2008,ensinger-manual,Ensinger,Stock shapes — Engineering plastics manual,Snapshot 9b46c0ae1e72,"Page 90, Material standard values, column 10 (TECAMID 66), row Thermal conductivity",0.36,W/(m·K),2
obs-7c5f2e8e7406b8fa2361,tecamid-66,,flexural_strength,point,110000000.0,,,Pa,typical,"{""product_form"": ""stock_shape""}",DIN EN ISO 178,ensinger-manual,Ensinger,Stock shapes — Engineering plastics manual,Snapshot 9b46c0ae1e72,"Page 90, Material standard values, column 10 (TECAMID 66), row Flexural strength",110,MPa,3
obs-109ad5fa0f0db0401ed8,tecamid-66-mh,,density,point,1150.0,,,kg/m^3,typical,"{""product_form"": ""stock_shape""}",DIN EN ISO 1183,ensinger-manual,Ensinger,Stock shapes — Engineering plastics manual,Snapshot 9b46c0ae1e72,"Page 91, Material standard values, column 1 (TECAMID 66 MH), row Density",1.15,g/cm³,3
obs-088c53f73180c8830491,tecamid-66-mh,,youngs_modulus,point,3200000000.0,,,Pa,typical,"{""product_form"": ""stock_shape""}",DIN EN ISO 527-2,ensinger-manual,Ensinger,Stock shapes — Engineering plastics manual,Snapshot 9b46c0ae1e72,"Page 91, Material standard values, column 1 (TECAMID 66 MH), row Modulus of elasticity (tensile test)","3,200",MPa,4
obs-29b2928f03e0b9c21e05,tecamid-66-mh,,ultimate_tensile_strength,point,84000000.0,,,Pa,typical,"{""product_form"": ""stock_shape""}",DIN EN ISO 527-2,ensinger-manual,Ensinger,Stock shapes — Engineering plastics manual,Snapshot 9b46c0ae1e72,"Page 91, Material standard values, column 1 (TECAMID 66 MH), row Tensile strength",84,MPa,2
obs-bc417d351ec394c0d517,tecamid-66-mh,,tensile_yield_strength,point,83000000.0,,,Pa,typical,"{""product_form"": ""stock_shape""}",DIN EN ISO 527-2,ensinger-manual,Ensinger,Stock shapes — Engineering plastics manual,Snapshot 9b46c0ae1e72,"Page 91, Material standard values, column 1 (TECAMID 66 MH), row Tensile strength at yield",83,MPa,2
obs-62efe838a35812fbba5a,tecamid-66-mh,,elongation_at_break,point,0.4,,,1,typical,"{""product_form"": ""stock_shape""}",DIN EN ISO 527-2,ensinger-manual,Ensinger,Stock shapes — Engineering plastics manual,Snapshot 9b46c0ae1e72,"Page 91, Material standard values, column 1 (TECAMID 66 MH), row Elongation at break",40,%,2
obs-5a9c76a950191417aa29,tecamid-66-mh,,thermal_conductivity,point,0.36,,,W/(m*K),typical,"{""product_form"": ""stock_shape""}",ISO 22007-4:2008,ensinger-manual,Ensinger,Stock shapes — Engineering plastics manual,Snapshot 9b46c0ae1e72,"Page 91, Material standard values, column 1 (TECAMID 66 MH), row Thermal conductivity",0.36,W/(m·K),2
obs-9382a0a829fb29e137f5,tecamid-66-mh,,flexural_strength,point,114000000.0,,,Pa,typical,"{""product_form"": ""stock_shape""}",DIN EN ISO 178,ensinger-manual,Ensinger,Stock shapes — Engineering plastics manual,Snapshot 9b46c0ae1e72,"Page 91, Material standard values, column 1 (TECAMID 66 MH), row Flexural strength",114,MPa,3
obs-50c34d6fdc4537573496,tecamid-66-gf30-black,,density,point,1340.0,,,kg/m^3,typical,"{""product_form"": ""stock_shape""}",DIN EN ISO 1183,ensinger-manual,Ensinger,Stock shapes — Engineering plastics manual,Snapshot 9b46c0ae1e72,"Page 91, Material standard values, column 2 (TECAMID 66 GF30 black), row Density",1.34,g/cm³,3
obs-b98c3c9575d2cde4794e,tecamid-66-gf30-black,,youngs_modulus,point,5500000000.0,,,Pa,typical,"{""product_form"": ""stock_shape""}",DIN EN ISO 527-2,ensinger-manual,Ensinger,Stock shapes — Engineering plastics manual,Snapshot 9b46c0ae1e72,"Page 91, Material standard values, column 2 (TECAMID 66 GF30 black), row Modulus of elasticity (tensile test)","5,500",MPa,4
obs-4d991d68817bfa2028af,tecamid-66-gf30-black,,ultimate_tensile_strength,point,91000000.0,,,Pa,typical,"{""product_form"": ""stock_shape""}",DIN EN ISO 527-2,ensinger-manual,Ensinger,Stock shapes — Engineering plastics manual,Snapshot 9b46c0ae1e72,"Page 91, Material standard values, column 2 (TECAMID 66 GF30 black), row Tensile strength",91,MPa,2
obs-35fce41c4c6b0018e757,tecamid-66-gf30-black,,tensile_yield_strength,point,91000000.0,,,Pa,typical,"{""product_form"": ""stock_shape""}",DIN EN ISO 527-2,ensinger-manual,Ensinger,Stock shapes — Engineering plastics manual,Snapshot 9b46c0ae1e72,"Page 91, Material standard values, column 2 (TECAMID 66 GF30 black), row Tensile strength at yield",91,MPa,2
obs-9efbe4e2a797ddc021a3,tecamid-66-gf30-black,,elongation_at_break,point,0.14,,,1,typical,"{""product_form"": ""stock_shape""}",DIN EN ISO 527-2,ensinger-manual,Ensinger,Stock shapes — Engineering plastics manual,Snapshot 9b46c0ae1e72,"Page 91, Material standard values, column 2 (TECAMID 66 GF30 black), row Elongation at break",14,%,2
obs-220b49a33d2e907e98d2,tecamid-66-gf30-black,,thermal_conductivity,point,0.39,,,W/(m*K),typical,"{""product_form"": ""stock_shape""}",ISO 22007-4:2008,ensinger-manual,Ensinger,Stock shapes — Engineering plastics manual,Snapshot 9b46c0ae1e72,"Page 91, Material standard values, column 2 (TECAMID 66 GF30 black), row Thermal conductivity",0.39,W/(m·K),2
obs-0754bee98c727e35ae7a,tecamid-66-gf30-black,,flexural_strength,point,135000000.0,,,Pa,typical,"{""product_form"": ""stock_shape""}",DIN EN ISO 178,ensinger-manual,Ensinger,Stock shapes — Engineering plastics manual,Snapshot 9b46c0ae1e72,"Page 91, Material standard values, column 2 (TECAMID 66 GF30 black), row Flexural strength",135,MPa,3
obs-d9c0135d79b758e48775,tecamid-66-cf20-black,,density,point,1230.0,,,kg/m^3,typical,"{""product_form"": ""stock_shape""}",DIN EN ISO 1183,ensinger-manual,Ensinger,Stock shapes — Engineering plastics manual,Snapshot 9b46c0ae1e72,"Page 91, Material standard values, column 3 (TECAMID 66 CF20 black), row Density",1.23,g/cm³,3
obs-0318c6539ecda9016b53,tecamid-66-cf20-black,,youngs_modulus,point,5100000000.0,,,Pa,typical,"{""product_form"": ""stock_shape""}",DIN EN ISO 527-2,ensinger-manual,Ensinger,Stock shapes — Engineering plastics manual,Snapshot 9b46c0ae1e72,"Page 91, Material standard values, column 3 (TECAMID 66 CF20 black), row Modulus of elasticity (tensile test)","5,100",MPa,4
obs-e48da4b39b3d09726ff4,tecamid-66-cf20-black,,ultimate_tensile_strength,point,104000000.0,,,Pa,typical,"{""product_form"": ""stock_shape""}",DIN EN ISO 527-2,ensinger-manual,Ensinger,Stock shapes — Engineering plastics manual,Snapshot 9b46c0ae1e72,"Page 91, Material standard values, column 3 (TECAMID 66 CF20 black), row Tensile strength",104,MPa,3
obs-91738f21700f12f66503,tecamid-66-cf20-black,,tensile_yield_strength,point,104000000.0,,,Pa,typical,"{""product_form"": ""stock_shape""}",DIN EN ISO 527-2,ensinger-manual,Ensinger,Stock shapes — Engineering plastics manual,Snapshot 9b46c0ae1e72,"Page 91, Material standard values, column 3 (TECAMID 66 CF20 black), row Tensile strength at yield",104,MPa,3
obs-d3325f2234484ff91526,tecamid-66-cf20-black,,elongation_at_break,point,0.13,,,1,typical,"{""product_form"": ""stock_shape""}",DIN EN ISO 527-2,ensinger-manual,Ensinger,Stock shapes — Engineering plastics manual,Snapshot 9b46c0ae1e72,"Page 91, Material standard values, column 3 (TECAMID 66 CF20 black), row Elongation at break",13,%,2
obs-261acc703c641768b302,tecamid-66-cf20-black,,thermal_conductivity,point,0.72,,,W/(m*K),typical,"{""product_form"": ""stock_shape""}",ISO 22007-4:2008,ensinger-manual,Ensinger,Stock shapes — Engineering plastics manual,Snapshot 9b46c0ae1e72,"Page 91, Material standard values, column 3 (TECAMID 66 CF20 black), row Thermal conductivity",0.72,W/(m·K),2
obs-d8561e1e6c94e3e3e3f5,tecamid-66-cf20-black,,flexural_strength,point,135000000.0,,,Pa,typical,"{""product_form"": ""stock_shape""}",DIN EN ISO 178,ensinger-manual,Ensinger,Stock shapes — Engineering plastics manual,Snapshot 9b46c0ae1e72,"Page 91, Material standard values, column 3 (TECAMID 66 CF20 black), row Flexural strength",135,MPa,3
obs-818dc14c6da432c58914,tecamid-66-hi,,density,point,1150.0,,,kg/m^3,typical,"{""product_form"": ""stock_shape""}",DIN EN ISO 1183,ensinger-manual,Ensinger,Stock shapes — Engineering plastics manual,Snapshot 9b46c0ae1e72,"Page 91, Material standard values, column 4 (TECAMID 66 HI), row Density",1.15,g/cm³,3
obs-591ee53917541510ea3a,tecamid-66-hi,,youngs_modulus,point,3400000000.0,,,Pa,typical,"{""product_form"": ""stock_shape""}",DIN EN ISO 527-2,ensinger-manual,Ensinger,Stock shapes — Engineering plastics manual,Snapshot 9b46c0ae1e72,"Page 91, Material standard values, column 4 (TECAMID 66 HI), row Modulus of elasticity (tensile test)","3,400",MPa,4
obs-3817d1b3dbf0a21c6dea,tecamid-66-hi,,ultimate_tensile_strength,point,89000000.0,,,Pa,typical,"{""product_form"": ""stock_shape""}",DIN EN ISO 527-2,ensinger-manual,Ensinger,Stock shapes — Engineering plastics manual,Snapshot 9b46c0ae1e72,"Page 91, Material standard values, column 4 (TECAMID 66 HI), row Tensile strength",89,MPa,2
obs-a9c9f173fa131298263d,tecamid-66-hi,,tensile_yield_strength,point,72000000.0,,,Pa,typical,"{""product_form"": ""stock_shape""}",DIN EN ISO 527-2,ensinger-manual,Ensinger,Stock shapes — Engineering plastics manual,Snapshot 9b46c0ae1e72,"Page 91, Material standard values, column 4 (TECAMID 66 HI), row Tensile strength at yield",72,MPa,2
obs-1189d9b1b021457648e9,tecamid-66-hi,,elongation_at_break,point,0.25,,,1,typical,"{""product_form"": ""stock_shape""}",DIN EN ISO 527-2,ensinger-manual,Ensinger,Stock shapes — Engineering plastics manual,Snapshot 9b46c0ae1e72,"Page 91, Material standard values, column 4 (TECAMID 66 HI), row Elongation at break",25,%,2
obs-1140f46458a2441d07f7,tecamid-66-hi,,thermal_conductivity,point,0.36,,,W/(m*K),typical,"{""product_form"": ""stock_shape""}",ISO 22007-4:2008,ensinger-manual,Ensinger,Stock shapes — Engineering plastics manual,Snapshot 9b46c0ae1e72,"Page 91, Material standard values, column 4 (TECAMID 66 HI), row Thermal conductivity",0.36,W/(m·K),2
obs-e499ff8cd4471a9e900c,tecamid-66-hi,,flexural_strength,point,112000000.0,,,Pa,typical,"{""product_form"": ""stock_shape""}",DIN EN ISO 178,ensinger-manual,Ensinger,Stock shapes — Engineering plastics manual,Snapshot 9b46c0ae1e72,"Page 91, Material standard values, column 4 (TECAMID 66 HI), row Flexural strength",112,MPa,3
obs-134d2448602fc8d1ce03,tecamid-66-la,,density,point,1110.0,,,kg/m^3,typical,"{""product_form"": ""stock_shape""}",DIN EN ISO 1183,ensinger-manual,Ensinger,Stock shapes — Engineering plastics manual,Snapshot 9b46c0ae1e72,"Page 91, Material standard values, column 5 (TECAMID 66 LA), row Density",1.11,g/cm³,3
obs-e6841d4e061486354b9f,tecamid-66-la,,youngs_modulus,point,3100000000.0,,,Pa,typical,"{""product_form"": ""stock_shape""}",DIN EN ISO 527-2,ensinger-manual,Ensinger,Stock shapes — Engineering plastics manual,Snapshot 9b46c0ae1e72,"Page 91, Material standard values, column 5 (TECAMID 66 LA), row Modulus of elasticity (tensile test)","3,100",MPa,4
obs-73546f7b0989c3d83813,tecamid-66-la,,ultimate_tensile_strength,point,76000000.0,,,Pa,typical,"{""product_form"": ""stock_shape""}",DIN EN ISO 527-2,ensinger-manual,Ensinger,Stock shapes — Engineering plastics manual,Snapshot 9b46c0ae1e72,"Page 91, Material standard values, column 5 (TECAMID 66 LA), row Tensile strength",76,MPa,2
obs-b0e376535bb4e29bdcf5,tecamid-66-la,,tensile_yield_strength,point,76000000.0,,,Pa,typical,"{""product_form"": ""stock_shape""}",DIN EN ISO 527-2,ensinger-manual,Ensinger,Stock shapes — Engineering plastics manual,Snapshot 9b46c0ae1e72,"Page 91, Material standard values, column 5 (TECAMID 66 LA), row Tensile strength at yield",76,MPa,2
obs-ab8c3e58f2d7507defcc,tecamid-66-la,,elongation_at_break,point,0.14,,,1,typical,"{""product_form"": ""stock_shape""}",DIN EN ISO 527-2,ensinger-manual,Ensinger,Stock shapes — Engineering plastics manual,Snapshot 9b46c0ae1e72,"Page 91, Material standard values, column 5 (TECAMID 66 LA), row Elongation at break",14,%,2
obs-73004fa697ccf7549fb7,tecamid-66-la,,thermal_conductivity,point,0.36,,,W/(m*K),typical,"{""product_form"": ""stock_shape""}",ISO 22007-4:2008,ensinger-manual,Ensinger,Stock shapes — Engineering plastics manual,Snapshot 9b46c0ae1e72,"Page 91, Material standard values, column 5 (TECAMID 66 LA), row Thermal conductivity",0.36,W/(m·K),2
obs-e07a7b39b86fddc1f876,tecamid-66-la,,flexural_strength,point,102000000.0,,,Pa,typical,"{""product_form"": ""stock_shape""}",DIN EN ISO 178,ensinger-manual,Ensinger,Stock shapes — Engineering plastics manual,Snapshot 9b46c0ae1e72,"Page 91, Material standard values, column 5 (TECAMID 66 LA), row Flexural strength",102,MPa,3
obs-0bb134401e2328f4109d,tecamid-66-x-gf50,,density,point,1610.0,,,kg/m^3,typical,"{""product_form"": ""stock_shape""}",DIN EN ISO 1183,ensinger-manual,Ensinger,Stock shapes — Engineering plastics manual,Snapshot 9b46c0ae1e72,"Page 91, Material standard values, column 6 (TECAMID 66/X GF50), row Density",1.61,g/cm³,3
obs-48529e132cf77c66b2ce,tecamid-66-x-gf50,,youngs_modulus,point,8700000000.0,,,Pa,typical,"{""product_form"": ""stock_shape""}",DIN EN ISO 527-2,ensinger-manual,Ensinger,Stock shapes — Engineering plastics manual,Snapshot 9b46c0ae1e72,"Page 91, Material standard values, column 6 (TECAMID 66/X GF50), row Modulus of elasticity (tensile test)","8,700",MPa,4
obs-9ee7412aa9dfe5c89b8d,tecamid-66-x-gf50,,ultimate_tensile_strength,point,115000000.0,,,Pa,typical,"{""product_form"": ""stock_shape""}",DIN EN ISO 527-2,ensinger-manual,Ensinger,Stock shapes — Engineering plastics manual,Snapshot 9b46c0ae1e72,"Page 91, Material standard values, column 6 (TECAMID 66/X GF50), row Tensile strength",115,MPa,3
obs-aab7e7e634064fd8eb59,tecamid-66-x-gf50,,tensile_yield_strength,point,115000000.0,,,Pa,typical,"{""product_form"": ""stock_shape""}",DIN EN ISO 527-2,ensinger-manual,Ensinger,Stock shapes — Engineering plastics manual,Snapshot 9b46c0ae1e72,"Page 91, Material standard values, column 6 (TECAMID 66/X GF50), row Tensile strength at yield",115,MPa,3
obs-cd957e7d8fdf825e8ca1,tecamid-66-x-gf50,,elongation_at_break,point,0.02,,,1,typical,"{""product_form"": ""stock_shape""}",DIN EN ISO 527-2,ensinger-manual,Ensinger,Stock shapes — Engineering plastics manual,Snapshot 9b46c0ae1e72,"Page 91, Material standard values, column 6 (TECAMID 66/X GF50), row Elongation at break",2,%,1
obs-4df8af22570455539cc9,tecamid-66-x-gf50,,flexural_strength,point,200000000.0,,,Pa,typical,"{""product_form"": ""stock_shape""}",DIN EN ISO 178,ensinger-manual,Ensinger,Stock shapes — Engineering plastics manual,Snapshot 9b46c0ae1e72,"Page 91, Material standard values, column 6 (TECAMID 66/X GF50), row Flexural strength",200,MPa,3
obs-27bafbe847d440b31554,tecamid-46-redbrown,,density,point,1190.0,,,kg/m^3,typical,"{""product_form"": ""stock_shape""}",DIN EN ISO 1183,ensinger-manual,Ensinger,Stock shapes — Engineering plastics manual,Snapshot 9b46c0ae1e72,"Page 91, Material standard values, column 7 (TECAMID 46 redbrown), row Density",1.19,g/cm³,3
obs-a3f0499156803f369bc0,tecamid-46-redbrown,,youngs_modulus,point,3300000000.0,,,Pa,typical,"{""product_form"": ""stock_shape""}",DIN EN ISO 527-2,ensinger-manual,Ensinger,Stock shapes — Engineering plastics manual,Snapshot 9b46c0ae1e72,"Page 91, Material standard values, column 7 (TECAMID 46 redbrown), row Modulus of elasticity (tensile test)","3,300",MPa,4
obs-01b4c3dcd4db683db146,tecamid-46-redbrown,,ultimate_tensile_strength,point,106000000.0,,,Pa,typical,"{""product_form"": ""stock_shape""}",DIN EN ISO 527-2,ensinger-manual,Ensinger,Stock shapes — Engineering plastics manual,Snapshot 9b46c0ae1e72,"Page 91, Material standard values, column 7 (TECAMID 46 redbrown), row Tensile strength",106,MPa,3
obs-6fbf0756ea8c8ed3c0c2,tecamid-46-redbrown,,tensile_yield_strength,point,106000000.0,,,Pa,typical,"{""product_form"": ""stock_shape""}",DIN EN ISO 527-2,ensinger-manual,Ensinger,Stock shapes — Engineering plastics manual,Snapshot 9b46c0ae1e72,"Page 91, Material standard values, column 7 (TECAMID 46 redbrown), row Tensile strength at yield",106,MPa,3
obs-ec9b5e10bb2f1f815e05,tecamid-46-redbrown,,elongation_at_break,point,0.32,,,1,typical,"{""product_form"": ""stock_shape""}",DIN EN ISO 527-2,ensinger-manual,Ensinger,Stock shapes — Engineering plastics manual,Snapshot 9b46c0ae1e72,"Page 91, Material standard values, column 7 (TECAMID 46 redbrown), row Elongation at break",32,%,2
obs-583c547392adb1f65320,tecamid-46-redbrown,,thermal_conductivity,point,0.37,,,W/(m*K),typical,"{""product_form"": ""stock_shape""}",ISO 22007-4:2008,ensinger-manual,Ensinger,Stock shapes — Engineering plastics manual,Snapshot 9b46c0ae1e72,"Page 91, Material standard values, column 7 (TECAMID 46 redbrown), row Thermal conductivity",0.37,W/(m·K),2
obs-dd7e09bb11cf2be540a3,tecamid-46-redbrown,,flexural_strength,point,132000000.0,,,Pa,typical,"{""product_form"": ""stock_shape""}",DIN EN ISO 178,ensinger-manual,Ensinger,Stock shapes — Engineering plastics manual,Snapshot 9b46c0ae1e72,"Page 91, Material standard values, column 7 (TECAMID 46 redbrown), row Flexural strength",132,MPa,3
obs-3823d3752ba509dd6253,tecamid-12,,density,point,1020.0,,,kg/m^3,typical,"{""product_form"": ""stock_shape""}",DIN EN ISO 1183,ensinger-manual,Ensinger,Stock shapes — Engineering plastics manual,Snapshot 9b46c0ae1e72,"Page 91, Material standard values, column 8 (TECAMID 12), row Density",1.02,g/cm³,3
obs-bb36288526eef8918630,tecamid-12,,youngs_modulus,point,1800000000.0,,,Pa,typical,"{""product_form"": ""stock_shape""}",DIN EN ISO 527-2,ensinger-manual,Ensinger,Stock shapes — Engineering plastics manual,Snapshot 9b46c0ae1e72,"Page 91, Material standard values, column 8 (TECAMID 12), row Modulus of elasticity (tensile test)","1,800",MPa,4
obs-f665eea0a767bb7d6a24,tecamid-12,,ultimate_tensile_strength,point,53000000.0,,,Pa,typical,"{""product_form"": ""stock_shape""}",DIN EN ISO 527-2,ensinger-manual,Ensinger,Stock shapes — Engineering plastics manual,Snapshot 9b46c0ae1e72,"Page 91, Material standard values, column 8 (TECAMID 12), row Tensile strength",53,MPa,2
obs-a4353907e33dad7ff75c,tecamid-12,,tensile_yield_strength,point,54000000.0,,,Pa,typical,"{""product_form"": ""stock_shape""}",DIN EN ISO 527-2,ensinger-manual,Ensinger,Stock shapes — Engineering plastics manual,Snapshot 9b46c0ae1e72,"Page 91, Material standard values, column 8 (TECAMID 12), row Tensile strength at yield",54,MPa,2
obs-4ee9ac415d83f0ab2fbc,tecamid-12,,elongation_at_break,point,2.0,,,1,typical,"{""product_form"": ""stock_shape""}",DIN EN ISO 527-2,ensinger-manual,Ensinger,Stock shapes — Engineering plastics manual,Snapshot 9b46c0ae1e72,"Page 91, Material standard values, column 8 (TECAMID 12), row Elongation at break",200,%,3
obs-fc24af25c8a354afda12,tecamid-12,,thermal_conductivity,point,0.3,,,W/(m*K),typical,"{""product_form"": ""stock_shape""}",ISO 22007-4:2008,ensinger-manual,Ensinger,Stock shapes — Engineering plastics manual,Snapshot 9b46c0ae1e72,"Page 91, Material standard values, column 8 (TECAMID 12), row Thermal conductivity",0.30,W/(m·K),2
obs-b35bd1d25b1ee712a9f5,tecamid-12,,flexural_strength,point,68000000.0,,,Pa,typical,"{""product_form"": ""stock_shape""}",DIN EN ISO 178,ensinger-manual,Ensinger,Stock shapes — Engineering plastics manual,Snapshot 9b46c0ae1e72,"Page 91, Material standard values, column 8 (TECAMID 12), row Flexural strength",68,MPa,2
obs-87e00e160919f4606930,tecapet,,density,point,1360.0,,,kg/m^3,typical,"{""product_form"": ""stock_shape""}",DIN EN ISO 1183,ensinger-manual,Ensinger,Stock shapes — Engineering plastics manual,Snapshot 9b46c0ae1e72,"Page 91, Material standard values, column 9 (TECAPET), row Density",1.36,g/cm³,3
obs-3c630f427fe8f67e3883,tecapet,,youngs_modulus,point,3100000000.0,,,Pa,typical,"{""product_form"": ""stock_shape""}",DIN EN ISO 527-2,ensinger-manual,Ensinger,Stock shapes — Engineering plastics manual,Snapshot 9b46c0ae1e72,"Page 91, Material standard values, column 9 (TECAPET), row Modulus of elasticity (tensile test)","3,100",MPa,4
obs-71db7844ce19658f648f,tecapet,,ultimate_tensile_strength,point,79000000.0,,,Pa,typical,"{""product_form"": ""stock_shape""}",DIN EN ISO 527-2,ensinger-manual,Ensinger,Stock shapes — Engineering plastics manual,Snapshot 9b46c0ae1e72,"Page 91, Material standard values, column 9 (TECAPET), row Tensile strength",79,MPa,2
obs-626334923ea9dbf32f47,tecapet,,tensile_yield_strength,point,79000000.0,,,Pa,typical,"{""product_form"": ""stock_shape""}",DIN EN ISO 527-2,ensinger-manual,Ensinger,Stock shapes — Engineering plastics manual,Snapshot 9b46c0ae1e72,"Page 91, Material standard values, column 9 (TECAPET), row Tensile strength at yield",79,MPa,2
obs-e39c126b41a78ffea3f8,tecapet,,elongation_at_break,point,0.1,,,1,typical,"{""product_form"": ""stock_shape""}",DIN EN ISO 527-2,ensinger-manual,Ensinger,Stock shapes — Engineering plastics manual,Snapshot 9b46c0ae1e72,"Page 91, Material standard values, column 9 (TECAPET), row Elongation at break",10,%,2
obs-712f7694703c5a67c3c5,tecapet,,flexural_strength,point,121000000.0,,,Pa,typical,"{""product_form"": ""stock_shape""}",DIN EN ISO 178,ensinger-manual,Ensinger,Stock shapes — Engineering plastics manual,Snapshot 9b46c0ae1e72,"Page 91, Material standard values, column 9 (TECAPET), row Flexural strength",121,MPa,3
obs-65484fbb03e270afa458,tecapet-tf,,density,point,1430.0,,,kg/m^3,typical,"{""product_form"": ""stock_shape""}",DIN EN ISO 1183,ensinger-manual,Ensinger,Stock shapes — Engineering plastics manual,Snapshot 9b46c0ae1e72,"Page 92, Material standard values, column 1 (TECAPET TF), row Density",1.43,g/cm³,3
obs-e0071d31927bbf52b6d2,tecapet-tf,,youngs_modulus,point,3200000000.0,,,Pa,typical,"{""product_form"": ""stock_shape""}",DIN EN ISO 527-2,ensinger-manual,Ensinger,Stock shapes — Engineering plastics manual,Snapshot 9b46c0ae1e72,"Page 92, Material standard values, column 1 (TECAPET TF), row Modulus of elasticity (tensile test)","3,200",MPa,4
obs-1e7d3157cd3c46691412,tecapet-tf,,ultimate_tensile_strength,point,78000000.0,,,Pa,typical,"{""product_form"": ""stock_shape""}",DIN EN ISO 527-2,ensinger-manual,Ensinger,Stock shapes — Engineering plastics manual,Snapshot 9b46c0ae1e72,"Page 92, Material standard values, column 1 (TECAPET TF), row Tensile strength",78,MPa,2
obs-19ed7f4b0f77da537a9a,tecapet-tf,,tensile_yield_strength,point,78000000.0,,,Pa,typical,"{""product_form"": ""stock_shape""}",DIN EN ISO 527-2,ensinger-manual,Ensinger,Stock shapes — Engineering plastics manual,Snapshot 9b46c0ae1e72,"Page 92, Material standard values, column 1 (TECAPET TF), row Tensile strength at yield",78,MPa,2
obs-11c5ba82e7f32c4c3bd4,tecapet-tf,,elongation_at_break,point,0.06,,,1,typical,"{""product_form"": ""stock_shape""}",DIN EN ISO 527-2,ensinger-manual,Ensinger,Stock shapes — Engineering plastics manual,Snapshot 9b46c0ae1e72,"Page 92, Material standard values, column 1 (TECAPET TF), row Elongation at break",6,%,1
obs-1994ca273da1e7f4ff59,tecapet-tf,,flexural_strength,point,119000000.0,,,Pa,typical,"{""product_form"": ""stock_shape""}",DIN EN ISO 178,ensinger-manual,Ensinger,Stock shapes — Engineering plastics manual,Snapshot 9b46c0ae1e72,"Page 92, Material standard values, column 1 (TECAPET TF), row Flexural strength",119,MPa,3
obs-a5029ced468cd704ba0f,tecadur-pet,,density,point,1390.0,,,kg/m^3,typical,"{""product_form"": ""stock_shape""}",DIN EN ISO 1183,ensinger-manual,Ensinger,Stock shapes — Engineering plastics manual,Snapshot 9b46c0ae1e72,"Page 92, Material standard values, column 2 (TECADUR PET), row Density",1.39,g/cm³,3
obs-6535a1cce32fe86a7bb3,tecadur-pet,,youngs_modulus,point,3300000000.0,,,Pa,typical,"{""product_form"": ""stock_shape""}",DIN EN ISO 527-2,ensinger-manual,Ensinger,Stock shapes — Engineering plastics manual,Snapshot 9b46c0ae1e72,"Page 92, Material standard values, column 2 (TECADUR PET), row Modulus of elasticity (tensile test)","3,300",MPa,4
obs-686e6f7a95b916bcfb8b,tecadur-pet,,ultimate_tensile_strength,point,91000000.0,,,Pa,typical,"{""product_form"": ""stock_shape""}",DIN EN ISO 527-2,ensinger-manual,Ensinger,Stock shapes — Engineering plastics manual,Snapshot 9b46c0ae1e72,"Page 92, Material standard values, column 2 (TECADUR PET), row Tensile strength",91,MPa,2
obs-6039d2f8cc6a74a312e7,tecadur-pet,,tensile_yield_strength,point,91000000.0,,,Pa,typical,"{""product_form"": ""stock_shape""}",DIN EN ISO 527-2,ensinger-manual,Ensinger,Stock shapes — Engineering plastics manual,Snapshot 9b46c0ae1e72,"Page 92, Material standard values, column 2 (TECADUR PET), row Tensile strength at yield",91,MPa,2
obs-0c4e13425e238578e845,tecadur-pet,,elongation_at_break,point,0.14,,,1,typical,"{""product_form"": ""stock_shape""}",DIN EN ISO 527-2,ensinger-manual,Ensinger,Stock shapes — Engineering plastics manual,Snapshot 9b46c0ae1e72,"Page 92, Material standard values, column 2 (TECADUR PET), row Elongation at break",14,%,2
obs-62a46e2dc68c2bbfe084,tecadur-pet,,flexural_strength,point,134000000.0,,,Pa,typical,"{""product_form"": ""stock_shape""}",DIN EN ISO 178,ensinger-manual,Ensinger,Stock shapes — Engineering plastics manual,Snapshot 9b46c0ae1e72,"Page 92, Material standard values, column 2 (TECADUR PET), row Flexural strength",134,MPa,3
obs-0fd5b787ec05a5b8ed62,tecadur-pbt-gf30,,density,point,1460.0,,,kg/m^3,typical,"{""product_form"": ""stock_shape""}",DIN EN ISO 1183,ensinger-manual,Ensinger,Stock shapes — Engineering plastics manual,Snapshot 9b46c0ae1e72,"Page 92, Material standard values, column 3 (TECADUR PBT GF30), row Density",1.46,g/cm³,3
obs-a8c970b042021a8b51f5,tecadur-pbt-gf30,,youngs_modulus,point,3400000000.0,,,Pa,typical,"{""product_form"": ""stock_shape""}",DIN EN ISO 527-2,ensinger-manual,Ensinger,Stock shapes — Engineering plastics manual,Snapshot 9b46c0ae1e72,"Page 92, Material standard values, column 3 (TECADUR PBT GF30), row Modulus of elasticity (tensile test)","3,400",MPa,4
obs-749a2330a986b7e30ab7,tecadur-pbt-gf30,,ultimate_tensile_strength,point,46000000.0,,,Pa,typical,"{""product_form"": ""stock_shape""}",DIN EN ISO 527-2,ensinger-manual,Ensinger,Stock shapes — Engineering plastics manual,Snapshot 9b46c0ae1e72,"Page 92, Material standard values, column 3 (TECADUR PBT GF30), row Tensile strength",46,MPa,2
obs-450e56931e5a6aba727e,tecadur-pbt-gf30,,tensile_yield_strength,point,46000000.0,,,Pa,typical,"{""product_form"": ""stock_shape""}",DIN EN ISO 527-2,ensinger-manual,Ensinger,Stock shapes — Engineering plastics manual,Snapshot 9b46c0ae1e72,"Page 92, Material standard values, column 3 (TECADUR PBT GF30), row Tensile strength at yield",46,MPa,2
obs-3a561bf08beca42fbb7e,tecadur-pbt-gf30,,elongation_at_break,point,0.06,,,1,typical,"{""product_form"": ""stock_shape""}",DIN EN ISO 527-2,ensinger-manual,Ensinger,Stock shapes — Engineering plastics manual,Snapshot 9b46c0ae1e72,"Page 92, Material standard values, column 3 (TECADUR PBT GF30), row Elongation at break",6,%,1
obs-582c4e1c18477914139a,tecadur-pbt-gf30,,thermal_conductivity,point,0.33,,,W/(m*K),typical,"{""product_form"": ""stock_shape""}",ISO 22007-4:2008,ensinger-manual,Ensinger,Stock shapes — Engineering plastics manual,Snapshot 9b46c0ae1e72,"Page 92, Material standard values, column 3 (TECADUR PBT GF30), row Thermal conductivity",0.33,W/(m·K),2
obs-f13349794c0330466031,tecadur-pbt-gf30,,flexural_strength,point,78000000.0,,,Pa,typical,"{""product_form"": ""stock_shape""}",DIN EN ISO 178,ensinger-manual,Ensinger,Stock shapes — Engineering plastics manual,Snapshot 9b46c0ae1e72,"Page 92, Material standard values, column 3 (TECADUR PBT GF30), row Flexural strength",78,MPa,2
obs-62dbcbb77f5ec1b5726e,tecanat,,density,point,1190.0,,,kg/m^3,typical,"{""product_form"": ""stock_shape""}",DIN EN ISO 1183,ensinger-manual,Ensinger,Stock shapes — Engineering plastics manual,Snapshot 9b46c0ae1e72,"Page 92, Material standard values, column 4 (TECANAT), row Density",1.19,g/cm³,3
obs-104aefbdc20f663be2f8,tecanat,,youngs_modulus,point,2200000000.0,,,Pa,typical,"{""product_form"": ""stock_shape""}",DIN EN ISO 527-2,ensinger-manual,Ensinger,Stock shapes — Engineering plastics manual,Snapshot 9b46c0ae1e72,"Page 92, Material standard values, column 4 (TECANAT), row Modulus of elasticity (tensile test)","2,200",MPa,4
obs-e13bd836feeb2740f43c,tecanat,,ultimate_tensile_strength,point,69000000.0,,,Pa,typical,"{""product_form"": ""stock_shape""}",DIN EN ISO 527-2,ensinger-manual,Ensinger,Stock shapes — Engineering plastics manual,Snapshot 9b46c0ae1e72,"Page 92, Material standard values, column 4 (TECANAT), row Tensile strength",69,MPa,2
obs-5eb6fdeee9265af1cc88,tecanat,,tensile_yield_strength,point,69000000.0,,,Pa,typical,"{""product_form"": ""stock_shape""}",DIN EN ISO 527-2,ensinger-manual,Ensinger,Stock shapes — Engineering plastics manual,Snapshot 9b46c0ae1e72,"Page 92, Material standard values, column 4 (TECANAT), row Tensile strength at yield",69,MPa,2
obs-7a9e1605e34b4f77f440,tecanat,,elongation_at_break,point,0.9,,,1,typical,"{""product_form"": ""stock_shape""}",DIN EN ISO 527-2,ensinger-manual,Ensinger,Stock shapes — Engineering plastics manual,Snapshot 9b46c0ae1e72,"Page 92, Material standard values, column 4 (TECANAT), row Elongation at break",90,%,2
obs-58172d0c5184baef4762,tecanat,,thermal_conductivity,point,0.25,,,W/(m*K),typical,"{""product_form"": ""stock_shape""}",ISO 22007-4:2008,ensinger-manual,Ensinger,Stock shapes — Engineering plastics manual,Snapshot 9b46c0ae1e72,"Page 92, Material standard values, column 4 (TECANAT), row Thermal conductivity",0.25,W/(m·K),2
obs-c5e8ff6e94f11bfe9353,tecanat,,flexural_strength,point,97000000.0,,,Pa,typical,"{""product_form"": ""stock_shape""}",DIN EN ISO 178,ensinger-manual,Ensinger,Stock shapes — Engineering plastics manual,Snapshot 9b46c0ae1e72,"Page 92, Material standard values, column 4 (TECANAT), row Flexural strength",97,MPa,2
obs-0fcebb4cbe253bcc9e49,tecanat-gf30,,density,point,1420.0,,,kg/m^3,typical,"{""product_form"": ""stock_shape""}",DIN EN ISO 1183,ensinger-manual,Ensinger,Stock shapes — Engineering plastics manual,Snapshot 9b46c0ae1e72,"Page 92, Material standard values, column 5 (TECANAT GF30), row Density",1.42,g/cm³,3
obs-66a0a7a65a6ae28ff199,tecanat-gf30,,youngs_modulus,point,4400000000.0,,,Pa,typical,"{""product_form"": ""stock_shape""}",DIN EN ISO 527-2,ensinger-manual,Ensinger,Stock shapes — Engineering plastics manual,Snapshot 9b46c0ae1e72,"Page 92, Material standard values, column 5 (TECANAT GF30), row Modulus of elasticity (tensile test)","4,400",MPa,4
obs-80470019191755a513d8,tecanat-gf30,,ultimate_tensile_strength,point,85000000.0,,,Pa,typical,"{""product_form"": ""stock_shape""}",DIN EN ISO 527-2,ensinger-manual,Ensinger,Stock shapes — Engineering plastics manual,Snapshot 9b46c0ae1e72,"Page 92, Material standard values, column 5 (TECANAT GF30), row Tensile strength",85,MPa,2
obs-138d0b44cf7c2655c9d9,tecanat-gf30,,tensile_yield_strength,point,87000000.0,,,Pa,typical,"{""product_form"": ""stock_shape""}",DIN EN ISO 527-2,ensinger-manual,Ensinger,Stock shapes — Engineering plastics manual,Snapshot 9b46c0ae1e72,"Page 92, Material standard values, column 5 (TECANAT GF30), row Tensile strength at yield",87,MPa,2
obs-ad14a07761bbbb64cc9d,tecanat-gf30,,elongation_at_break,point,0.06,,,1,typical,"{""product_form"": ""stock_shape""}",DIN EN ISO 527-2,ensinger-manual,Ensinger,Stock shapes — Engineering plastics manual,Snapshot 9b46c0ae1e72,"Page 92, Material standard values, column 5 (TECANAT GF30), row Elongation at break",6,%,1
obs-df941f7a2b7f44c85c94,tecanat-gf30,,thermal_conductivity,point,0.32,,,W/(m*K),typical,"{""product_form"": ""stock_shape""}",ISO 22007-4:2008,ensinger-manual,Ensinger,Stock shapes — Engineering plastics manual,Snapshot 9b46c0ae1e72,"Page 92, Material standard values, column 5 (TECANAT GF30), row Thermal conductivity",0.32,W/(m·K),2
obs-101638479a521386f89c,tecanat-gf30,,flexural_strength,point,138000000.0,,,Pa,typical,"{""product_form"": ""stock_shape""}",DIN EN ISO 178,ensinger-manual,Ensinger,Stock shapes — Engineering plastics manual,Snapshot 9b46c0ae1e72,"Page 92, Material standard values, column 5 (TECANAT GF30), row Flexural strength",138,MPa,3
obs-cfc2be1fb28fa818b7af,tecaflon-pvdf,,density,point,1780.0,,,kg/m^3,typical,"{""product_form"": ""stock_shape""}",DIN EN ISO 1183,ensinger-manual,Ensinger,Stock shapes — Engineering plastics manual,Snapshot 9b46c0ae1e72,"Page 92, Material standard values, column 6 (TECAFLON PVDF), row Density",1.78,g/cm³,3
obs-453ea8266edb9e214d39,tecaflon-pvdf,,youngs_modulus,point,2200000000.0,,,Pa,typical,"{""product_form"": ""stock_shape""}",DIN EN ISO 527-2,ensinger-manual,Ensinger,Stock shapes — Engineering plastics manual,Snapshot 9b46c0ae1e72,"Page 92, Material standard values, column 6 (TECAFLON PVDF), row Modulus of elasticity (tensile test)","2,200",MPa,4
obs-30300380013a8911ddfc,tecaflon-pvdf,,ultimate_tensile_strength,point,62000000.0,,,Pa,typical,"{""product_form"": ""stock_shape""}",DIN EN ISO 527-2,ensinger-manual,Ensinger,Stock shapes — Engineering plastics manual,Snapshot 9b46c0ae1e72,"Page 92, Material standard values, column 6 (TECAFLON PVDF), row Tensile strength",62,MPa,2
obs-a5fb3595cac60510fbc9,tecaflon-pvdf,,tensile_yield_strength,point,62000000.0,,,Pa,typical,"{""product_form"": ""stock_shape""}",DIN EN ISO 527-2,ensinger-manual,Ensinger,Stock shapes — Engineering plastics manual,Snapshot 9b46c0ae1e72,"Page 92, Material standard values, column 6 (TECAFLON PVDF), row Tensile strength at yield",62,MPa,2
obs-992e073c344b6163ad0e,tecaflon-pvdf,,elongation_at_break,point,0.17,,,1,typical,"{""product_form"": ""stock_shape""}",DIN EN ISO 527-2,ensinger-manual,Ensinger,Stock shapes — Engineering plastics manual,Snapshot 9b46c0ae1e72,"Page 92, Material standard values, column 6 (TECAFLON PVDF), row Elongation at break",17,%,2
obs-708bfca73525c65c7123,tecaflon-pvdf,,thermal_conductivity,point,0.25,,,W/(m*K),typical,"{""product_form"": ""stock_shape""}",ISO 22007-4:2008,ensinger-manual,Ensinger,Stock shapes — Engineering plastics manual,Snapshot 9b46c0ae1e72,"Page 92, Material standard values, column 6 (TECAFLON PVDF), row Thermal conductivity",0.25,W/(m·K),2
obs-ca7fe1733a6a29d76510,tecaflon-pvdf,,flexural_strength,point,77000000.0,,,Pa,typical,"{""product_form"": ""stock_shape""}",DIN EN ISO 178,ensinger-manual,Ensinger,Stock shapes — Engineering plastics manual,Snapshot 9b46c0ae1e72,"Page 92, Material standard values, column 6 (TECAFLON PVDF), row Flexural strength",77,MPa,2
obs-bc5403f20190d0de0efe,tecason-s,,density,point,1240.0,,,kg/m^3,typical,"{""product_form"": ""stock_shape""}",DIN EN ISO 1183,ensinger-manual,Ensinger,Stock shapes — Engineering plastics manual,Snapshot 9b46c0ae1e72,"Page 92, Material standard values, column 7 (TECASON S), row Density",1.24,g/cm³,3
obs-b8fae2b0d180f91d6a4a,tecason-s,,youngs_modulus,point,2700000000.0,,,Pa,typical,"{""product_form"": ""stock_shape""}",DIN EN ISO 527-2,ensinger-manual,Ensinger,Stock shapes — Engineering plastics manual,Snapshot 9b46c0ae1e72,"Page 92, Material standard values, column 7 (TECASON S), row Modulus of elasticity (tensile test)","2,700",MPa,4
obs-c3ac41c57738893c5fe9,tecason-s,,ultimate_tensile_strength,point,89000000.0,,,Pa,typical,"{""product_form"": ""stock_shape""}",DIN EN ISO 527-2,ensinger-manual,Ensinger,Stock shapes — Engineering plastics manual,Snapshot 9b46c0ae1e72,"Page 92, Material standard values, column 7 (TECASON S), row Tensile strength",89,MPa,2
obs-35dc4cc18d264ece3f89,tecason-s,,tensile_yield_strength,point,89000000.0,,,Pa,typical,"{""product_form"": ""stock_shape""}",DIN EN ISO 527-2,ensinger-manual,Ensinger,Stock shapes — Engineering plastics manual,Snapshot 9b46c0ae1e72,"Page 92, Material standard values, column 7 (TECASON S), row Tensile strength at yield",89,MPa,2
obs-2b7fd1de800ed85d5a50,tecason-s,,elongation_at_break,point,0.15,,,1,typical,"{""product_form"": ""stock_shape""}",DIN EN ISO 527-2,ensinger-manual,Ensinger,Stock shapes — Engineering plastics manual,Snapshot 9b46c0ae1e72,"Page 92, Material standard values, column 7 (TECASON S), row Elongation at break",15,%,2
obs-ece1fb72ba9e179750fd,tecason-s,,thermal_conductivity,point,0.21,,,W/(m*K),typical,"{""product_form"": ""stock_shape""}",ISO 22007-4:2008,ensinger-manual,Ensinger,Stock shapes — Engineering plastics manual,Snapshot 9b46c0ae1e72,"Page 92, Material standard values, column 7 (TECASON S), row Thermal conductivity",0.21,W/(m·K),2
obs-4e2abd5af1b91f9bad37,tecason-s,,flexural_strength,point,122000000.0,,,Pa,typical,"{""product_form"": ""stock_shape""}",DIN EN ISO 178,ensinger-manual,Ensinger,Stock shapes — Engineering plastics manual,Snapshot 9b46c0ae1e72,"Page 92, Material standard values, column 7 (TECASON S), row Flexural strength",122,MPa,3
obs-a5b118e7b1b0faabe629,tecapei,,density,point,1280.0,,,kg/m^3,typical,"{""product_form"": ""stock_shape""}",DIN EN ISO 1183,ensinger-manual,Ensinger,Stock shapes — Engineering plastics manual,Snapshot 9b46c0ae1e72,"Page 92, Material standard values, column 8 (TECAPEI), row Density",1.28,g/cm³,3
obs-54c5c08184f9ef98211e,tecapei,,youngs_modulus,point,3200000000.0,,,Pa,typical,"{""product_form"": ""stock_shape""}",DIN EN ISO 527-2,ensinger-manual,Ensinger,Stock shapes — Engineering plastics manual,Snapshot 9b46c0ae1e72,"Page 92, Material standard values, column 8 (TECAPEI), row Modulus of elasticity (tensile test)","3,200",MPa,4
obs-84306fa61f48b42a95c7,tecapei,,ultimate_tensile_strength,point,127000000.0,,,Pa,typical,"{""product_form"": ""stock_shape""}",DIN EN ISO 527-2,ensinger-manual,Ensinger,Stock shapes — Engineering plastics manual,Snapshot 9b46c0ae1e72,"Page 92, Material standard values, column 8 (TECAPEI), row Tensile strength",127,MPa,3
obs-3146109e46434205c816,tecapei,,tensile_yield_strength,point,127000000.0,,,Pa,typical,"{""product_form"": ""stock_shape""}",DIN EN ISO 527-2,ensinger-manual,Ensinger,Stock shapes — Engineering plastics manual,Snapshot 9b46c0ae1e72,"Page 92, Material standard values, column 8 (TECAPEI), row Tensile strength at yield",127,MPa,3
obs-2aa11a8166dd621f6956,tecapei,,elongation_at_break,point,0.35000000000000003,,,1,typical,"{""product_form"": ""stock_shape""}",DIN EN ISO 527-2,ensinger-manual,Ensinger,Stock shapes — Engineering plastics manual,Snapshot 9b46c0ae1e72,"Page 92, Material standard values, column 8 (TECAPEI), row Elongation at break",35,%,2
obs-da4aa36350d2d87320de,tecapei,,thermal_conductivity,point,0.21,,,W/(m*K),typical,"{""product_form"": ""stock_shape""}",ISO 22007-4:2008,ensinger-manual,Ensinger,Stock shapes — Engineering plastics manual,Snapshot 9b46c0ae1e72,"Page 92, Material standard values, column 8 (TECAPEI), row Thermal conductivity",0.21,W/(m·K),2
obs-cc0e38516e144f309c38,tecapei,,flexural_strength,point,164000000.0,,,Pa,typical,"{""product_form"": ""stock_shape""}",DIN EN ISO 178,ensinger-manual,Ensinger,Stock shapes — Engineering plastics manual,Snapshot 9b46c0ae1e72,"Page 92, Material standard values, column 8 (TECAPEI), row Flexural strength",164,MPa,3
obs-7e218a08bb0ed0099a1b,tecason-p,,density,point,1310.0,,,kg/m^3,typical,"{""product_form"": ""stock_shape""}",DIN EN ISO 1183,ensinger-manual,Ensinger,Stock shapes — Engineering plastics manual,Snapshot 9b46c0ae1e72,"Page 92, Material standard values, column 9 (TECASON P), row Density",1.31,g/cm³,3
obs-e04ad846f5213429d0f4,tecason-p,,youngs_modulus,point,2300000000.0,,,Pa,typical,"{""product_form"": ""stock_shape""}",DIN EN ISO 527-2,ensinger-manual,Ensinger,Stock shapes — Engineering plastics manual,Snapshot 9b46c0ae1e72,"Page 92, Material standard values, column 9 (TECASON P), row Modulus of elasticity (tensile test)","2,300",MPa,4
obs-3e1913e9d7f4779d4d28,tecason-p,,ultimate_tensile_strength,point,81000000.0,,,Pa,typical,"{""product_form"": ""stock_shape""}",DIN EN ISO 527-2,ensinger-manual,Ensinger,Stock shapes — Engineering plastics manual,Snapshot 9b46c0ae1e72,"Page 92, Material standard values, column 9 (TECASON P), row Tensile strength",81,MPa,2
obs-72df3119013dff085638,tecason-p,,tensile_yield_strength,point,81000000.0,,,Pa,typical,"{""product_form"": ""stock_shape""}",DIN EN ISO 527-2,ensinger-manual,Ensinger,Stock shapes — Engineering plastics manual,Snapshot 9b46c0ae1e72,"Page 92, Material standard values, column 9 (TECASON P), row Tensile strength at yield",81,MPa,2
obs-758778922df84b1ad26e,tecason-p,,elongation_at_break,point,0.5,,,1,typical,"{""product_form"": ""stock_shape""}",DIN EN ISO 527-2,ensinger-manual,Ensinger,Stock shapes — Engineering plastics manual,Snapshot 9b46c0ae1e72,"Page 92, Material standard values, column 9 (TECASON P), row Elongation at break",50,%,2
obs-10b0c2003e8cc7f17ef8,tecason-p,,thermal_conductivity,point,0.25,,,W/(m*K),typical,"{""product_form"": ""stock_shape""}",ISO 22007-4:2008,ensinger-manual,Ensinger,Stock shapes — Engineering plastics manual,Snapshot 9b46c0ae1e72,"Page 92, Material standard values, column 9 (TECASON P), row Thermal conductivity",0.25,W/(m·K),2
obs-7be93f2e6cc13d8fd14b,tecason-p,,flexural_strength,point,107000000.0,,,Pa,typical,"{""product_form"": ""stock_shape""}",DIN EN ISO 178,ensinger-manual,Ensinger,Stock shapes — Engineering plastics manual,Snapshot 9b46c0ae1e72,"Page 92, Material standard values, column 9 (TECASON P), row Flexural strength",107,MPa,3
obs-04f18c5da05aa5aa2633,tecason-p-mt-coloured,,density,point,1310.0,,,kg/m^3,typical,"{""product_form"": ""stock_shape""}",DIN EN ISO 1183,ensinger-manual,Ensinger,Stock shapes — Engineering plastics manual,Snapshot 9b46c0ae1e72,"Page 92, Material standard values, column 10 (TECASON P MT coloured), row Density",1.31,g/cm³,3
obs-3fcacaa3b72f0d338b24,tecason-p-mt-coloured,,youngs_modulus,point,2300000000.0,,,Pa,typical,"{""product_form"": ""stock_shape""}",DIN EN ISO 527-2,ensinger-manual,Ensinger,Stock shapes — Engineering plastics manual,Snapshot 9b46c0ae1e72,"Page 92, Material standard values, column 10 (TECASON P MT coloured), row Modulus of elasticity (tensile test)","2,300",MPa,4
obs-16dad00507ec31979748,tecason-p-mt-coloured,,ultimate_tensile_strength,point,81000000.0,,,Pa,typical,"{""product_form"": ""stock_shape""}",DIN EN ISO 527-2,ensinger-manual,Ensinger,Stock shapes — Engineering plastics manual,Snapshot 9b46c0ae1e72,"Page 92, Material standard values, column 10 (TECASON P MT coloured), row Tensile strength",81,MPa,2
obs-2f842dd11b825d841ccd,tecason-p-mt-coloured,,tensile_yield_strength,point,81000000.0,,,Pa,typical,"{""product_form"": ""stock_shape""}",DIN EN ISO 527-2,ensinger-manual,Ensinger,Stock shapes — Engineering plastics manual,Snapshot 9b46c0ae1e72,"Page 92, Material standard values, column 10 (TECASON P MT coloured), row Tensile strength at yield",81,MPa,2
obs-ca869ba8c3f2dfc46d6f,tecason-p-mt-coloured,,elongation_at_break,point,0.5,,,1,typical,"{""product_form"": ""stock_shape""}",DIN EN ISO 527-2,ensinger-manual,Ensinger,Stock shapes — Engineering plastics manual,Snapshot 9b46c0ae1e72,"Page 92, Material standard values, column 10 (TECASON P MT coloured), row Elongation at break",50,%,2
obs-1a46f5c06665fe18f5e4,tecason-p-mt-coloured,,thermal_conductivity,point,0.25,,,W/(m*K),typical,"{""product_form"": ""stock_shape""}",ISO 22007-4:2008,ensinger-manual,Ensinger,Stock shapes — Engineering plastics manual,Snapshot 9b46c0ae1e72,"Page 92, Material standard values, column 10 (TECASON P MT coloured), row Thermal conductivity",0.25,W/(m·K),2
obs-b1775c2d0e57cf8e0aa5,tecason-p-mt-coloured,,flexural_strength,point,107000000.0,,,Pa,typical,"{""product_form"": ""stock_shape""}",DIN EN ISO 178,ensinger-manual,Ensinger,Stock shapes — Engineering plastics manual,Snapshot 9b46c0ae1e72,"Page 92, Material standard values, column 10 (TECASON P MT coloured), row Flexural strength",107,MPa,3
obs-4916254782c3f143e834,tecatron,,density,point,1360.0,,,kg/m^3,typical,"{""product_form"": ""stock_shape""}",DIN EN ISO 1183,ensinger-manual,Ensinger,Stock shapes — Engineering plastics manual,Snapshot 9b46c0ae1e72,"Page 93, Material standard values, column 1 (TECATRON), row Density",1.36,g/cm³,3
obs-bc223b87c1160e0f4ab3,tecatron,,youngs_modulus,point,4100000000.0,,,Pa,typical,"{""product_form"": ""stock_shape""}",DIN EN ISO 527-2,ensinger-manual,Ensinger,Stock shapes — Engineering plastics manual,Snapshot 9b46c0ae1e72,"Page 93, Material standard values, column 1 (TECATRON), row Modulus of elasticity (tensile test)","4,100",MPa,4
obs-7fd0d11031ccf2f58609,tecatron,,ultimate_tensile_strength,point,102000000.0,,,Pa,typical,"{""product_form"": ""stock_shape""}",DIN EN ISO 527-2,ensinger-manual,Ensinger,Stock shapes — Engineering plastics manual,Snapshot 9b46c0ae1e72,"Page 93, Material standard values, column 1 (TECATRON), row Tensile strength",102,MPa,3
obs-46a6953f0c87cd04a19b,tecatron,,tensile_yield_strength,point,100000000.0,,,Pa,typical,"{""product_form"": ""stock_shape""}",DIN EN ISO 527-2,ensinger-manual,Ensinger,Stock shapes — Engineering plastics manual,Snapshot 9b46c0ae1e72,"Page 93, Material standard values, column 1 (TECATRON), row Tensile strength at yield",100,MPa,3
obs-9078a810691db8d7766f,tecatron,,elongation_at_break,point,0.04,,,1,typical,"{""product_form"": ""stock_shape""}",DIN EN ISO 527-2,ensinger-manual,Ensinger,Stock shapes — Engineering plastics manual,Snapshot 9b46c0ae1e72,"Page 93, Material standard values, column 1 (TECATRON), row Elongation at break",4,%,1
obs-d5e98bf6742e28efde25,tecatron,,thermal_conductivity,point,0.25,,,W/(m*K),typical,"{""product_form"": ""stock_shape""}",ISO 22007-4:2008,ensinger-manual,Ensinger,Stock shapes — Engineering plastics manual,Snapshot 9b46c0ae1e72,"Page 93, Material standard values, column 1 (TECATRON), row Thermal conductivity",0.25,W/(m·K),2
obs-6dfeccb4635fad968611,tecatron,,flexural_strength,point,151000000.0,,,Pa,typical,"{""product_form"": ""stock_shape""}",DIN EN ISO 178,ensinger-manual,Ensinger,Stock shapes — Engineering plastics manual,Snapshot 9b46c0ae1e72,"Page 93, Material standard values, column 1 (TECATRON), row Flexural strength",151,MPa,3
obs-008c3fbcc1af16b79409,tecatron-gf40,,density,point,1630.0,,,kg/m^3,typical,"{""product_form"": ""stock_shape""}",DIN EN ISO 1183,ensinger-manual,Ensinger,Stock shapes — Engineering plastics manual,Snapshot 9b46c0ae1e72,"Page 93, Material standard values, column 2 (TECATRON GF40), row Density",1.63,g/cm³,3
obs-9afc5b210004185cffc9,tecatron-gf40,,youngs_modulus,point,6500000000.0,,,Pa,typical,"{""product_form"": ""stock_shape""}",DIN EN ISO 527-2,ensinger-manual,Ensinger,Stock shapes — Engineering plastics manual,Snapshot 9b46c0ae1e72,"Page 93, Material standard values, column 2 (TECATRON GF40), row Modulus of elasticity (tensile test)","6,500",MPa,4
obs-a5258b1bf0cf79ee4cdb,tecatron-gf40,,ultimate_tensile_strength,point,83000000.0,,,Pa,typical,"{""product_form"": ""stock_shape""}",DIN EN ISO 527-2,ensinger-manual,Ensinger,Stock shapes — Engineering plastics manual,Snapshot 9b46c0ae1e72,"Page 93, Material standard values, column 2 (TECATRON GF40), row Tensile strength",83,MPa,2
obs-cf980d56bed16508f80e,tecatron-gf40,,tensile_yield_strength,point,83000000.0,,,Pa,typical,"{""product_form"": ""stock_shape""}",DIN EN ISO 527-2,ensinger-manual,Ensinger,Stock shapes — Engineering plastics manual,Snapshot 9b46c0ae1e72,"Page 93, Material standard values, column 2 (TECATRON GF40), row Tensile strength at yield",83,MPa,2
obs-bd63fb08ce665e6f38e0,tecatron-gf40,,elongation_at_break,point,0.03,,,1,typical,"{""product_form"": ""stock_shape""}",DIN EN ISO 527-2,ensinger-manual,Ensinger,Stock shapes — Engineering plastics manual,Snapshot 9b46c0ae1e72,"Page 93, Material standard values, column 2 (TECATRON GF40), row Elongation at break",3,%,1
obs-beb0699a8aca5f72a374,tecatron-gf40,,thermal_conductivity,point,0.35,,,W/(m*K),typical,"{""product_form"": ""stock_shape""}",ISO 22007-4:2008,ensinger-manual,Ensinger,Stock shapes — Engineering plastics manual,Snapshot 9b46c0ae1e72,"Page 93, Material standard values, column 2 (TECATRON GF40), row Thermal conductivity",0.35,W/(m·K),2
obs-2330333ddfaf2d5d3dc8,tecatron-gf40,,flexural_strength,point,145000000.0,,,Pa,typical,"{""product_form"": ""stock_shape""}",DIN EN ISO 178,ensinger-manual,Ensinger,Stock shapes — Engineering plastics manual,Snapshot 9b46c0ae1e72,"Page 93, Material standard values, column 2 (TECATRON GF40), row Flexural strength",145,MPa,3
obs-61b744cd58ad72c33999,tecatron-pvx,,density,point,1500.0,,,kg/m^3,typical,"{""product_form"": ""stock_shape""}",DIN EN ISO 1183,ensinger-manual,Ensinger,Stock shapes — Engineering plastics manual,Snapshot 9b46c0ae1e72,"Page 93, Material standard values, column 4 (TECATRON PVX), row Density",1.5,g/cm³,2
obs-60cf2cc4544807bb0b2a,tecatron-pvx,,youngs_modulus,point,4600000000.0,,,Pa,typical,"{""product_form"": ""stock_shape""}",DIN EN ISO 527-2,ensinger-manual,Ensinger,Stock shapes — Engineering plastics manual,Snapshot 9b46c0ae1e72,"Page 93, Material standard values, column 4 (TECATRON PVX), row Modulus of elasticity (tensile test)","4,600",MPa,4
obs-cb5764d703586d674be6,tecatron-pvx,,ultimate_tensile_strength,point,53000000.0,,,Pa,typical,"{""product_form"": ""stock_shape""}",DIN EN ISO 527-2,ensinger-manual,Ensinger,Stock shapes — Engineering plastics manual,Snapshot 9b46c0ae1e72,"Page 93, Material standard values, column 4 (TECATRON PVX), row Tensile strength",53,MPa,2
obs-120ffbadfa8fc38ffc51,tecatron-pvx,,tensile_yield_strength,point,53000000.0,,,Pa,typical,"{""product_form"": ""stock_shape""}",DIN EN ISO 527-2,ensinger-manual,Ensinger,Stock shapes — Engineering plastics manual,Snapshot 9b46c0ae1e72,"Page 93, Material standard values, column 4 (TECATRON PVX), row Tensile strength at yield",53,MPa,2
obs-c9109616b34e36f9068b,tecatron-pvx,,elongation_at_break,point,0.02,,,1,typical,"{""product_form"": ""stock_shape""}",DIN EN ISO 527-2,ensinger-manual,Ensinger,Stock shapes — Engineering plastics manual,Snapshot 9b46c0ae1e72,"Page 93, Material standard values, column 4 (TECATRON PVX), row Elongation at break",2,%,1
obs-a57ee84d383c5ccb4bfe,tecatron-pvx,,thermal_conductivity,point,0.58,,,W/(m*K),typical,"{""product_form"": ""stock_shape""}",ISO 22007-4:2008,ensinger-manual,Ensinger,Stock shapes — Engineering plastics manual,Snapshot 9b46c0ae1e72,"Page 93, Material standard values, column 4 (TECATRON PVX), row Thermal conductivity",0.58,W/(m·K),2
obs-e613937de9c6e3490cd0,tecatron-pvx,,flexural_strength,point,91000000.0,,,Pa,typical,"{""product_form"": ""stock_shape""}",DIN EN ISO 178,ensinger-manual,Ensinger,Stock shapes — Engineering plastics manual,Snapshot 9b46c0ae1e72,"Page 93, Material standard values, column 4 (TECATRON PVX), row Flexural strength",91,MPa,2
obs-944a33e72da58e83ce0d,tecapeek,,density,point,1310.0,,,kg/m^3,typical,"{""product_form"": ""stock_shape""}",DIN EN ISO 1183,ensinger-manual,Ensinger,Stock shapes — Engineering plastics manual,Snapshot 9b46c0ae1e72,"Page 93, Material standard values, column 5 (TECAPEEK), row Density",1.31,g/cm³,3
obs-7c7ad601a9e71477be44,tecapeek,,youngs_modulus,point,4200000000.0,,,Pa,typical,"{""product_form"": ""stock_shape""}",DIN EN ISO 527-2,ensinger-manual,Ensinger,Stock shapes — Engineering plastics manual,Snapshot 9b46c0ae1e72,"Page 93, Material standard values, column 5 (TECAPEEK), row Modulus of elasticity (tensile test)","4,200",MPa,4
obs-da8871cfc635d7659d5c,tecapeek,,ultimate_tensile_strength,point,116000000.0,,,Pa,typical,"{""product_form"": ""stock_shape""}",DIN EN ISO 527-2,ensinger-manual,Ensinger,Stock shapes — Engineering plastics manual,Snapshot 9b46c0ae1e72,"Page 93, Material standard values, column 5 (TECAPEEK), row Tensile strength",116,MPa,3
obs-b3f0d529a50eac3c0951,tecapeek,,tensile_yield_strength,point,116000000.0,,,Pa,typical,"{""product_form"": ""stock_shape""}",DIN EN ISO 527-2,ensinger-manual,Ensinger,Stock shapes — Engineering plastics manual,Snapshot 9b46c0ae1e72,"Page 93, Material standard values, column 5 (TECAPEEK), row Tensile strength at yield",116,MPa,3
obs-d121d6414a193cace8cc,tecapeek,,elongation_at_break,point,0.15,,,1,typical,"{""product_form"": ""stock_shape""}",DIN EN ISO 527-2,ensinger-manual,Ensinger,Stock shapes — Engineering plastics manual,Snapshot 9b46c0ae1e72,"Page 93, Material standard values, column 5 (TECAPEEK), row Elongation at break",15,%,2
obs-fad5528bebb0e68faa2e,tecapeek,,thermal_conductivity,point,0.27,,,W/(m*K),typical,"{""product_form"": ""stock_shape""}",ISO 22007-4:2008,ensinger-manual,Ensinger,Stock shapes — Engineering plastics manual,Snapshot 9b46c0ae1e72,"Page 93, Material standard values, column 5 (TECAPEEK), row Thermal conductivity",0.27,W/(m·K),2
obs-8038570b1bec65002489,tecapeek,,flexural_strength,point,175000000.0,,,Pa,typical,"{""product_form"": ""stock_shape""}",DIN EN ISO 178,ensinger-manual,Ensinger,Stock shapes — Engineering plastics manual,Snapshot 9b46c0ae1e72,"Page 93, Material standard values, column 5 (TECAPEEK), row Flexural strength",175,MPa,3
obs-54ea618b46293d10fc58,tecapeek-gf30,,density,point,1530.0,,,kg/m^3,typical,"{""product_form"": ""stock_shape""}",DIN EN ISO 1183,ensinger-manual,Ensinger,Stock shapes — Engineering plastics manual,Snapshot 9b46c0ae1e72,"Page 93, Material standard values, column 8 (TECAPEEK GF30), row Density",1.53,g/cm³,3
obs-834bc8b446326c7c30cd,tecapeek-gf30,,youngs_modulus,point,6400000000.0,,,Pa,typical,"{""product_form"": ""stock_shape""}",DIN EN ISO 527-2,ensinger-manual,Ensinger,Stock shapes — Engineering plastics manual,Snapshot 9b46c0ae1e72,"Page 93, Material standard values, column 8 (TECAPEEK GF30), row Modulus of elasticity (tensile test)","6,400",MPa,4
obs-3b3b3f9a97bf72999bc6,tecapeek-gf30,,ultimate_tensile_strength,point,105000000.0,,,Pa,typical,"{""product_form"": ""stock_shape""}",DIN EN ISO 527-2,ensinger-manual,Ensinger,Stock shapes — Engineering plastics manual,Snapshot 9b46c0ae1e72,"Page 93, Material standard values, column 8 (TECAPEEK GF30), row Tensile strength",105,MPa,3
obs-b60fae5ef5fe404d2341,tecapeek-gf30,,tensile_yield_strength,point,105000000.0,,,Pa,typical,"{""product_form"": ""stock_shape""}",DIN EN ISO 527-2,ensinger-manual,Ensinger,Stock shapes — Engineering plastics manual,Snapshot 9b46c0ae1e72,"Page 93, Material standard values, column 8 (TECAPEEK GF30), row Tensile strength at yield",105,MPa,3
obs-c7cf2a35936187944814,tecapeek-gf30,,elongation_at_break,point,0.03,,,1,typical,"{""product_form"": ""stock_shape""}",DIN EN ISO 527-2,ensinger-manual,Ensinger,Stock shapes — Engineering plastics manual,Snapshot 9b46c0ae1e72,"Page 93, Material standard values, column 8 (TECAPEEK GF30), row Elongation at break",3,%,1
obs-12a670c15f58cb1f5303,tecapeek-gf30,,thermal_conductivity,point,0.35,,,W/(m*K),typical,"{""product_form"": ""stock_shape""}",ISO 22007-4:2008,ensinger-manual,Ensinger,Stock shapes — Engineering plastics manual,Snapshot 9b46c0ae1e72,"Page 93, Material standard values, column 8 (TECAPEEK GF30), row Thermal conductivity",0.35,W/(m·K),2
obs-9fb45960dc4728100153,tecapeek-gf30,,flexural_strength,point,164000000.0,,,Pa,typical,"{""product_form"": ""stock_shape""}",DIN EN ISO 178,ensinger-manual,Ensinger,Stock shapes — Engineering plastics manual,Snapshot 9b46c0ae1e72,"Page 93, Material standard values, column 8 (TECAPEEK GF30), row Flexural strength",164,MPa,3
obs-616deb5a5a79c1ad69ac,tecapeek-cf30,,density,point,1380.0,,,kg/m^3,typical,"{""product_form"": ""stock_shape""}",DIN EN ISO 1183,ensinger-manual,Ensinger,Stock shapes — Engineering plastics manual,Snapshot 9b46c0ae1e72,"Page 93, Material standard values, column 9 (TECAPEEK CF30), row Density",1.38,g/cm³,3
obs-2a5ea5b5d3650a97af2b,tecapeek-cf30,,youngs_modulus,point,6800000000.0,,,Pa,typical,"{""product_form"": ""stock_shape""}",DIN EN ISO 527-2,ensinger-manual,Ensinger,Stock shapes — Engineering plastics manual,Snapshot 9b46c0ae1e72,"Page 93, Material standard values, column 9 (TECAPEEK CF30), row Modulus of elasticity (tensile test)","6,800",MPa,4
obs-26b8f996b8359285b801,tecapeek-cf30,,ultimate_tensile_strength,point,122000000.0,,,Pa,typical,"{""product_form"": ""stock_shape""}",DIN EN ISO 527-2,ensinger-manual,Ensinger,Stock shapes — Engineering plastics manual,Snapshot 9b46c0ae1e72,"Page 93, Material standard values, column 9 (TECAPEEK CF30), row Tensile strength",122,MPa,3
obs-41386f472e3a7ac12d6d,tecapeek-cf30,,tensile_yield_strength,point,122000000.0,,,Pa,typical,"{""product_form"": ""stock_shape""}",DIN EN ISO 527-2,ensinger-manual,Ensinger,Stock shapes — Engineering plastics manual,Snapshot 9b46c0ae1e72,"Page 93, Material standard values, column 9 (TECAPEEK CF30), row Tensile strength at yield",122,MPa,3
obs-1cd7fec4505f48fabd2c,tecapeek-cf30,,elongation_at_break,point,0.07,,,1,typical,"{""product_form"": ""stock_shape""}",DIN EN ISO 527-2,ensinger-manual,Ensinger,Stock shapes — Engineering plastics manual,Snapshot 9b46c0ae1e72,"Page 93, Material standard values, column 9 (TECAPEEK CF30), row Elongation at break",7,%,1
obs-6e5c0c9d68f9f82b0d84,tecapeek-cf30,,thermal_conductivity,point,0.66,,,W/(m*K),typical,"{""product_form"": ""stock_shape""}",ISO 22007-4:2008,ensinger-manual,Ensinger,Stock shapes — Engineering plastics manual,Snapshot 9b46c0ae1e72,"Page 93, Material standard values, column 9 (TECAPEEK CF30), row Thermal conductivity",0.66,W/(m·K),2
obs-0551e4301e2040e81357,tecapeek-cf30,,flexural_strength,point,193000000.0,,,Pa,typical,"{""product_form"": ""stock_shape""}",DIN EN ISO 178,ensinger-manual,Ensinger,Stock shapes — Engineering plastics manual,Snapshot 9b46c0ae1e72,"Page 93, Material standard values, column 9 (TECAPEEK CF30), row Flexural strength",193,MPa,3
obs-36ee7b8d505993f35023,tecapeek-pvx,,density,point,1440.0,,,kg/m^3,typical,"{""product_form"": ""stock_shape""}",DIN EN ISO 1183,ensinger-manual,Ensinger,Stock shapes — Engineering plastics manual,Snapshot 9b46c0ae1e72,"Page 93, Material standard values, column 10 (TECAPEEK PVX), row Density",1.44,g/cm³,3
obs-5b46ff03667203761100,tecapeek-pvx,,youngs_modulus,point,5500000000.0,,,Pa,typical,"{""product_form"": ""stock_shape""}",DIN EN ISO 527-2,ensinger-manual,Ensinger,Stock shapes — Engineering plastics manual,Snapshot 9b46c0ae1e72,"Page 93, Material standard values, column 10 (TECAPEEK PVX), row Modulus of elasticity (tensile test)","5,500",MPa,4
obs-1b2ef9026c0cebe59f4c,tecapeek-pvx,,ultimate_tensile_strength,point,84000000.0,,,Pa,typical,"{""product_form"": ""stock_shape""}",DIN EN ISO 527-2,ensinger-manual,Ensinger,Stock shapes — Engineering plastics manual,Snapshot 9b46c0ae1e72,"Page 93, Material standard values, column 10 (TECAPEEK PVX), row Tensile strength",84,MPa,2
obs-02ae1585eb7e629d433c,tecapeek-pvx,,tensile_yield_strength,point,84000000.0,,,Pa,typical,"{""product_form"": ""stock_shape""}",DIN EN ISO 527-2,ensinger-manual,Ensinger,Stock shapes — Engineering plastics manual,Snapshot 9b46c0ae1e72,"Page 93, Material standard values, column 10 (TECAPEEK PVX), row Tensile strength at yield",84,MPa,2
obs-61c66cd4ee2eb05021fe,tecapeek-pvx,,elongation_at_break,point,0.03,,,1,typical,"{""product_form"": ""stock_shape""}",DIN EN ISO 527-2,ensinger-manual,Ensinger,Stock shapes — Engineering plastics manual,Snapshot 9b46c0ae1e72,"Page 93, Material standard values, column 10 (TECAPEEK PVX), row Elongation at break",3,%,1
obs-47a678a8ed65431f8fdc,tecapeek-pvx,,thermal_conductivity,point,0.82,,,W/(m*K),typical,"{""product_form"": ""stock_shape""}",ISO 22007-4:2008,ensinger-manual,Ensinger,Stock shapes — Engineering plastics manual,Snapshot 9b46c0ae1e72,"Page 93, Material standard values, column 10 (TECAPEEK PVX), row Thermal conductivity",0.82,W/(m·K),2
obs-6652d25bffd439d5fe83,tecapeek-pvx,,flexural_strength,point,142000000.0,,,Pa,typical,"{""product_form"": ""stock_shape""}",DIN EN ISO 178,ensinger-manual,Ensinger,Stock shapes — Engineering plastics manual,Snapshot 9b46c0ae1e72,"Page 93, Material standard values, column 10 (TECAPEEK PVX), row Flexural strength",142,MPa,3
obs-987ef8249631e25c34d8,tecapeek-els-nano,,density,point,1360.0,,,kg/m^3,typical,"{""product_form"": ""stock_shape""}",DIN EN ISO 1183,ensinger-manual,Ensinger,Stock shapes — Engineering plastics manual,Snapshot 9b46c0ae1e72,"Page 94, Material standard values, column 1 (TECAPEEK ELS nano), row Density",1.36,g/cm³,3
obs-0b3af8609a6ca00b5ee9,tecapeek-els-nano,,youngs_modulus,point,4800000000.0,,,Pa,typical,"{""product_form"": ""stock_shape""}",DIN EN ISO 527-2,ensinger-manual,Ensinger,Stock shapes — Engineering plastics manual,Snapshot 9b46c0ae1e72,"Page 94, Material standard values, column 1 (TECAPEEK ELS nano), row Modulus of elasticity (tensile test)","4,800",MPa,4
obs-9e48605e3991db402d91,tecapeek-els-nano,,ultimate_tensile_strength,point,106000000.0,,,Pa,typical,"{""product_form"": ""stock_shape""}",DIN EN ISO 527-2,ensinger-manual,Ensinger,Stock shapes — Engineering plastics manual,Snapshot 9b46c0ae1e72,"Page 94, Material standard values, column 1 (TECAPEEK ELS nano), row Tensile strength",106,MPa,3
obs-7895e76ced1a0290a847,tecapeek-els-nano,,tensile_yield_strength,point,106000000.0,,,Pa,typical,"{""product_form"": ""stock_shape""}",DIN EN ISO 527-2,ensinger-manual,Ensinger,Stock shapes — Engineering plastics manual,Snapshot 9b46c0ae1e72,"Page 94, Material standard values, column 1 (TECAPEEK ELS nano), row Tensile strength at yield",106,MPa,3
obs-44f7f0e1a026aaaf6bd4,tecapeek-els-nano,,elongation_at_break,point,0.04,,,1,typical,"{""product_form"": ""stock_shape""}",DIN EN ISO 527-2,ensinger-manual,Ensinger,Stock shapes — Engineering plastics manual,Snapshot 9b46c0ae1e72,"Page 94, Material standard values, column 1 (TECAPEEK ELS nano), row Elongation at break",4,%,1
obs-b745b98321e67afc0379,tecapeek-els-nano,,thermal_conductivity,point,0.46,,,W/(m*K),typical,"{""product_form"": ""stock_shape""}",ISO 22007-4:2008,ensinger-manual,Ensinger,Stock shapes — Engineering plastics manual,Snapshot 9b46c0ae1e72,"Page 94, Material standard values, column 1 (TECAPEEK ELS nano), row Thermal conductivity",0.46,W/(m·K),2
obs-d75b72febe290ffe6388,tecapeek-els-nano,,flexural_strength,point,178000000.0,,,Pa,typical,"{""product_form"": ""stock_shape""}",DIN EN ISO 178,ensinger-manual,Ensinger,Stock shapes — Engineering plastics manual,Snapshot 9b46c0ae1e72,"Page 94, Material standard values, column 1 (TECAPEEK ELS nano), row Flexural strength",178,MPa,3
obs-0277f35c6818e924a932,tecapeek-tf10,,density,point,1380.0,,,kg/m^3,typical,"{""product_form"": ""stock_shape""}",DIN EN ISO 1183,ensinger-manual,Ensinger,Stock shapes — Engineering plastics manual,Snapshot 9b46c0ae1e72,"Page 94, Material standard values, column 2 (TECAPEEK TF10), row Density",1.38,g/cm³,3
obs-eac65dbfe73ec1ff1ace,tecapeek-tf10,,youngs_modulus,point,3400000000.0,,,Pa,typical,"{""product_form"": ""stock_shape""}",DIN EN ISO 527-2,ensinger-manual,Ensinger,Stock shapes — Engineering plastics manual,Snapshot 9b46c0ae1e72,"Page 94, Material standard values, column 2 (TECAPEEK TF10), row Modulus of elasticity (tensile test)","3,400",MPa,4
obs-2f0de8ccf71aa8f275dc,tecapeek-tf10,,ultimate_tensile_strength,point,95000000.0,,,Pa,typical,"{""product_form"": ""stock_shape""}",DIN EN ISO 527-2,ensinger-manual,Ensinger,Stock shapes — Engineering plastics manual,Snapshot 9b46c0ae1e72,"Page 94, Material standard values, column 2 (TECAPEEK TF10), row Tensile strength",95,MPa,2
obs-69fdf474e2f71176710f,tecapeek-tf10,,tensile_yield_strength,point,95000000.0,,,Pa,typical,"{""product_form"": ""stock_shape""}",DIN EN ISO 527-2,ensinger-manual,Ensinger,Stock shapes — Engineering plastics manual,Snapshot 9b46c0ae1e72,"Page 94, Material standard values, column 2 (TECAPEEK TF10), row Tensile strength at yield",95,MPa,2
obs-279bfcce6144089b72e4,tecapeek-tf10,,elongation_at_break,point,0.08,,,1,typical,"{""product_form"": ""stock_shape""}",DIN EN ISO 527-2,ensinger-manual,Ensinger,Stock shapes — Engineering plastics manual,Snapshot 9b46c0ae1e72,"Page 94, Material standard values, column 2 (TECAPEEK TF10), row Elongation at break",8,%,1
obs-9d225e04144b159bc480,tecapeek-tf10,,flexural_strength,point,149000000.0,,,Pa,typical,"{""product_form"": ""stock_shape""}",DIN EN ISO 178,ensinger-manual,Ensinger,Stock shapes — Engineering plastics manual,Snapshot 9b46c0ae1e72,"Page 94, Material standard values, column 2 (TECAPEEK TF10), row Flexural strength",149,MPa,3
obs-d16338552a39192bd5be,tecapeek-id-blue,,density,point,1490.0,,,kg/m^3,typical,"{""product_form"": ""stock_shape""}",DIN EN ISO 1183,ensinger-manual,Ensinger,Stock shapes — Engineering plastics manual,Snapshot 9b46c0ae1e72,"Page 94, Material standard values, column 3 (TECAPEEK ID blue), row Density",1.49,g/cm³,3
obs-8ab7e2f87dcde2023d25,tecapeek-id-blue,,youngs_modulus,point,4600000000.0,,,Pa,typical,"{""product_form"": ""stock_shape""}",DIN EN ISO 527-2,ensinger-manual,Ensinger,Stock shapes — Engineering plastics manual,Snapshot 9b46c0ae1e72,"Page 94, Material standard values, column 3 (TECAPEEK ID blue), row Modulus of elasticity (tensile test)","4,600",MPa,4
obs-8e8fd63e1ccf3ef5dfd8,tecapeek-id-blue,,ultimate_tensile_strength,point,111000000.0,,,Pa,typical,"{""product_form"": ""stock_shape""}",DIN EN ISO 527-2,ensinger-manual,Ensinger,Stock shapes — Engineering plastics manual,Snapshot 9b46c0ae1e72,"Page 94, Material standard values, column 3 (TECAPEEK ID blue), row Tensile strength",111,MPa,3
obs-9b43b0a5ab62da1c42d2,tecapeek-id-blue,,tensile_yield_strength,point,111000000.0,,,Pa,typical,"{""product_form"": ""stock_shape""}",DIN EN ISO 527-2,ensinger-manual,Ensinger,Stock shapes — Engineering plastics manual,Snapshot 9b46c0ae1e72,"Page 94, Material standard values, column 3 (TECAPEEK ID blue), row Tensile strength at yield",111,MPa,3
obs-6c330c0bf3a864fbceaa,tecapeek-id-blue,,elongation_at_break,point,0.06,,,1,typical,"{""product_form"": ""stock_shape""}",DIN EN ISO 527-2,ensinger-manual,Ensinger,Stock shapes — Engineering plastics manual,Snapshot 9b46c0ae1e72,"Page 94, Material standard values, column 3 (TECAPEEK ID blue), row Elongation at break",6,%,1
obs-10458abbaadbc6d1cb04,tecapeek-id-blue,,thermal_conductivity,point,0.27,,,W/(m*K),typical,"{""product_form"": ""stock_shape""}",ISO 22007-4:2008,ensinger-manual,Ensinger,Stock shapes — Engineering plastics manual,Snapshot 9b46c0ae1e72,"Page 94, Material standard values, column 3 (TECAPEEK ID blue), row Thermal conductivity",0.27,W/(m·K),2
obs-4ca58843a46a889d5bb2,tecapeek-id-blue,,flexural_strength,point,166000000.0,,,Pa,typical,"{""product_form"": ""stock_shape""}",DIN EN ISO 178,ensinger-manual,Ensinger,Stock shapes — Engineering plastics manual,Snapshot 9b46c0ae1e72,"Page 94, Material standard values, column 3 (TECAPEEK ID blue), row Flexural strength",166,MPa,3
obs-965a7f7b127c9a1aad72,tecapeek-mt,,density,point,1310.0,,,kg/m^3,typical,"{""product_form"": ""stock_shape""}",DIN EN ISO 1183,ensinger-manual,Ensinger,Stock shapes — Engineering plastics manual,Snapshot 9b46c0ae1e72,"Page 94, Material standard values, column 4 (TECAPEEK MT), row Density",1.31,g/cm³,3
obs-e5b6a8259df5a0cb57e6,tecapeek-mt,,youngs_modulus,point,4200000000.0,,,Pa,typical,"{""product_form"": ""stock_shape""}",DIN EN ISO 527-2,ensinger-manual,Ensinger,Stock shapes — Engineering plastics manual,Snapshot 9b46c0ae1e72,"Page 94, Material standard values, column 4 (TECAPEEK MT), row Modulus of elasticity (tensile test)","4,200",MPa,4
obs-c4220ce5710f66ef406e,tecapeek-mt,,ultimate_tensile_strength,point,116000000.0,,,Pa,typical,"{""product_form"": ""stock_shape""}",DIN EN ISO 527-2,ensinger-manual,Ensinger,Stock shapes — Engineering plastics manual,Snapshot 9b46c0ae1e72,"Page 94, Material standard values, column 4 (TECAPEEK MT), row Tensile strength",116,MPa,3
obs-92e9c26aa4c8413fe455,tecapeek-mt,,tensile_yield_strength,point,116000000.0,,,Pa,typical,"{""product_form"": ""stock_shape""}",DIN EN ISO 527-2,ensinger-manual,Ensinger,Stock shapes — Engineering plastics manual,Snapshot 9b46c0ae1e72,"Page 94, Material standard values, column 4 (TECAPEEK MT), row Tensile strength at yield",116,MPa,3
obs-5ae9fea967b493653afa,tecapeek-mt,,elongation_at_break,point,0.15,,,1,typical,"{""product_form"": ""stock_shape""}",DIN EN ISO 527-2,ensinger-manual,Ensinger,Stock shapes — Engineering plastics manual,Snapshot 9b46c0ae1e72,"Page 94, Material standard values, column 4 (TECAPEEK MT), row Elongation at break",15,%,2
obs-25f3aa952c5677f73216,tecapeek-mt,,thermal_conductivity,point,0.27,,,W/(m*K),typical,"{""product_form"": ""stock_shape""}",ISO 22007-4:2008,ensinger-manual,Ensinger,Stock shapes — Engineering plastics manual,Snapshot 9b46c0ae1e72,"Page 94, Material standard values, column 4 (TECAPEEK MT), row Thermal conductivity",0.27,W/(m·K),2
obs-e849489d7fc55a17cb66,tecapeek-mt,,flexural_strength,point,175000000.0,,,Pa,typical,"{""product_form"": ""stock_shape""}",DIN EN ISO 178,ensinger-manual,Ensinger,Stock shapes — Engineering plastics manual,Snapshot 9b46c0ae1e72,"Page 94, Material standard values, column 4 (TECAPEEK MT), row Flexural strength",175,MPa,3
obs-7c1184a55dbed88844c2,tecapeek-cf30-mt,,density,point,1420.0,,,kg/m^3,typical,"{""product_form"": ""stock_shape""}",DIN EN ISO 1183,ensinger-manual,Ensinger,Stock shapes — Engineering plastics manual,Snapshot 9b46c0ae1e72,"Page 95, Material standard values, column 1 (TECAPEEK CF30 MT), row Density",1.42,g/cm³,3
obs-d9ba4b6925249526aff4,tecapeek-cf30-mt,,youngs_modulus,point,6000000000.0,,,Pa,typical,"{""product_form"": ""stock_shape""}",DIN EN ISO 527-2,ensinger-manual,Ensinger,Stock shapes — Engineering plastics manual,Snapshot 9b46c0ae1e72,"Page 95, Material standard values, column 1 (TECAPEEK CF30 MT), row Modulus of elasticity (tensile test)","6,000",MPa,4
obs-0be3580fc50edac6dea5,tecapeek-cf30-mt,,ultimate_tensile_strength,point,115000000.0,,,Pa,typical,"{""product_form"": ""stock_shape""}",DIN EN ISO 527-2,ensinger-manual,Ensinger,Stock shapes — Engineering plastics manual,Snapshot 9b46c0ae1e72,"Page 95, Material standard values, column 1 (TECAPEEK CF30 MT), row Tensile strength",115,MPa,3
obs-cef53e925f055d134dbd,tecapeek-cf30-mt,,tensile_yield_strength,point,115000000.0,,,Pa,typical,"{""product_form"": ""stock_shape""}",DIN EN ISO 527-2,ensinger-manual,Ensinger,Stock shapes — Engineering plastics manual,Snapshot 9b46c0ae1e72,"Page 95, Material standard values, column 1 (TECAPEEK CF30 MT), row Tensile strength at yield",115,MPa,3
obs-39b1341600ce7bfb095b,tecapeek-cf30-mt,,elongation_at_break,point,0.05,,,1,typical,"{""product_form"": ""stock_shape""}",DIN EN ISO 527-2,ensinger-manual,Ensinger,Stock shapes — Engineering plastics manual,Snapshot 9b46c0ae1e72,"Page 95, Material standard values, column 1 (TECAPEEK CF30 MT), row Elongation at break",5,%,1
obs-23a0a791258ef52895c6,tecapeek-cf30-mt,,thermal_conductivity,point,0.59,,,W/(m*K),typical,"{""product_form"": ""stock_shape""}",ISO 22007-4:2008,ensinger-manual,Ensinger,Stock shapes — Engineering plastics manual,Snapshot 9b46c0ae1e72,"Page 95, Material standard values, column 1 (TECAPEEK CF30 MT), row Thermal conductivity",0.59,W/(m·K),2
obs-d80bf901c73c300aac37,tecapeek-cf30-mt,,flexural_strength,point,188000000.0,,,Pa,typical,"{""product_form"": ""stock_shape""}",DIN EN ISO 178,ensinger-manual,Ensinger,Stock shapes — Engineering plastics manual,Snapshot 9b46c0ae1e72,"Page 95, Material standard values, column 1 (TECAPEEK CF30 MT), row Flexural strength",188,MPa,3
obs-e3dda7e4d0c5f6fa04a3,tecapeek-classix-white,,density,point,1400.0,,,kg/m^3,typical,"{""product_form"": ""stock_shape""}",DIN EN ISO 1183,ensinger-manual,Ensinger,Stock shapes — Engineering plastics manual,Snapshot 9b46c0ae1e72,"Page 95, Material standard values, column 2 (TECAPEEK CLASSIX white), row Density",1.4,g/cm³,2
obs-5ef7a536e30caf30b511,tecapeek-classix-white,,youngs_modulus,point,4700000000.0,,,Pa,typical,"{""product_form"": ""stock_shape""}",DIN EN ISO 527-2,ensinger-manual,Ensinger,Stock shapes — Engineering plastics manual,Snapshot 9b46c0ae1e72,"Page 95, Material standard values, column 2 (TECAPEEK CLASSIX white), row Modulus of elasticity (tensile test)","4,700",MPa,4
obs-a070a5bebb3701dc74ba,tecapeek-classix-white,,ultimate_tensile_strength,point,117000000.0,,,Pa,typical,"{""product_form"": ""stock_shape""}",DIN EN ISO 527-2,ensinger-manual,Ensinger,Stock shapes — Engineering plastics manual,Snapshot 9b46c0ae1e72,"Page 95, Material standard values, column 2 (TECAPEEK CLASSIX white), row Tensile strength",117,MPa,3
obs-eece5528e4b115902465,tecapeek-classix-white,,tensile_yield_strength,point,117000000.0,,,Pa,typical,"{""product_form"": ""stock_shape""}",DIN EN ISO 527-2,ensinger-manual,Ensinger,Stock shapes — Engineering plastics manual,Snapshot 9b46c0ae1e72,"Page 95, Material standard values, column 2 (TECAPEEK CLASSIX white), row Tensile strength at yield",117,MPa,3
obs-022d58a6760c72c57c4e,tecapeek-classix-white,,elongation_at_break,point,0.11,,,1,typical,"{""product_form"": ""stock_shape""}",DIN EN ISO 527-2,ensinger-manual,Ensinger,Stock shapes — Engineering plastics manual,Snapshot 9b46c0ae1e72,"Page 95, Material standard values, column 2 (TECAPEEK CLASSIX white), row Elongation at break",11,%,2
obs-d0b96994815f7e9db9e8,tecapeek-classix-white,,thermal_conductivity,point,0.3,,,W/(m*K),typical,"{""product_form"": ""stock_shape""}",ISO 22007-4:2008,ensinger-manual,Ensinger,Stock shapes — Engineering plastics manual,Snapshot 9b46c0ae1e72,"Page 95, Material standard values, column 2 (TECAPEEK CLASSIX white), row Thermal conductivity",0.30,W/(m·K),2
obs-8379b26872622073b7a7,tecapeek-classix-white,,flexural_strength,point,177000000.0,,,Pa,typical,"{""product_form"": ""stock_shape""}",DIN EN ISO 178,ensinger-manual,Ensinger,Stock shapes — Engineering plastics manual,Snapshot 9b46c0ae1e72,"Page 95, Material standard values, column 2 (TECAPEEK CLASSIX white), row Flexural strength",177,MPa,3
obs-70845c5a39bfeafb4ce3,tecapeek-ts,,density,point,1490.0,,,kg/m^3,typical,"{""product_form"": ""stock_shape""}",DIN EN ISO 1183,ensinger-manual,Ensinger,Stock shapes — Engineering plastics manual,Snapshot 9b46c0ae1e72,"Page 95, Material standard values, column 3 (TECAPEEK TS), row Density",1.49,g/cm³,3
obs-6d959ea06ae11b9f3b42,tecapeek-ts,,youngs_modulus,point,5700000000.0,,,Pa,typical,"{""product_form"": ""stock_shape""}",DIN EN ISO 527-2,ensinger-manual,Ensinger,Stock shapes — Engineering plastics manual,Snapshot 9b46c0ae1e72,"Page 95, Material standard values, column 3 (TECAPEEK TS), row Modulus of elasticity (tensile test)","5,700",MPa,4
obs-001ad1e458f77eb3942a,tecapeek-ts,,ultimate_tensile_strength,point,110000000.0,,,Pa,typical,"{""product_form"": ""stock_shape""}",DIN EN ISO 527-2,ensinger-manual,Ensinger,Stock shapes — Engineering plastics manual,Snapshot 9b46c0ae1e72,"Page 95, Material standard values, column 3 (TECAPEEK TS), row Tensile strength",110,MPa,3
obs-2ceb598eceaa045b300e,tecapeek-ts,,tensile_yield_strength,point,110000000.0,,,Pa,typical,"{""product_form"": ""stock_shape""}",DIN EN ISO 527-2,ensinger-manual,Ensinger,Stock shapes — Engineering plastics manual,Snapshot 9b46c0ae1e72,"Page 95, Material standard values, column 3 (TECAPEEK TS), row Tensile strength at yield",110,MPa,3
obs-7a04138bfea70f979852,tecapeek-ts,,elongation_at_break,point,0.04,,,1,typical,"{""product_form"": ""stock_shape""}",DIN EN ISO 527-2,ensinger-manual,Ensinger,Stock shapes — Engineering plastics manual,Snapshot 9b46c0ae1e72,"Page 95, Material standard values, column 3 (TECAPEEK TS), row Elongation at break",4,%,1
obs-1a99d7fbdeb39b015c48,tecapeek-ts,,flexural_strength,point,175000000.0,,,Pa,typical,"{""product_form"": ""stock_shape""}",DIN EN ISO 178,ensinger-manual,Ensinger,Stock shapes — Engineering plastics manual,Snapshot 9b46c0ae1e72,"Page 95, Material standard values, column 3 (TECAPEEK TS), row Flexural strength",175,MPa,3
obs-21578429947db78e4cee,tecapeek-cmf,,density,point,1650.0,,,kg/m^3,typical,"{""product_form"": ""stock_shape""}",DIN EN ISO 1183,ensinger-manual,Ensinger,Stock shapes — Engineering plastics manual,Snapshot 9b46c0ae1e72,"Page 95, Material standard values, column 4 (TECAPEEK CMF), row Density",1.65,g/cm³,3
obs-af5dceaf983e41aec192,tecapeek-cmf,,youngs_modulus,point,5500000000.0,,,Pa,typical,"{""product_form"": ""stock_shape""}",DIN EN ISO 527-2,ensinger-manual,Ensinger,Stock shapes — Engineering plastics manual,Snapshot 9b46c0ae1e72,"Page 95, Material standard values, column 4 (TECAPEEK CMF), row Modulus of elasticity (tensile test)","5,500",MPa,4
obs-20e38ee00348173896f9,tecapeek-cmf,,ultimate_tensile_strength,point,105000000.0,,,Pa,typical,"{""product_form"": ""stock_shape""}",DIN EN ISO 527-2,ensinger-manual,Ensinger,Stock shapes — Engineering plastics manual,Snapshot 9b46c0ae1e72,"Page 95, Material standard values, column 4 (TECAPEEK CMF), row Tensile strength",105,MPa,3
obs-be70f240fa0954105890,tecapeek-cmf,,tensile_yield_strength,point,102000000.0,,,Pa,typical,"{""product_form"": ""stock_shape""}",DIN EN ISO 527-2,ensinger-manual,Ensinger,Stock shapes — Engineering plastics manual,Snapshot 9b46c0ae1e72,"Page 95, Material standard values, column 4 (TECAPEEK CMF), row Tensile strength at yield",102,MPa,3
obs-a283a10543357e61981f,tecapeek-cmf,,elongation_at_break,point,0.04,,,1,typical,"{""product_form"": ""stock_shape""}",DIN EN ISO 527-2,ensinger-manual,Ensinger,Stock shapes — Engineering plastics manual,Snapshot 9b46c0ae1e72,"Page 95, Material standard values, column 4 (TECAPEEK CMF), row Elongation at break",4,%,1
obs-df8a0abccca899fe6fdb,tecapeek-cmf,,thermal_conductivity,point,0.38,,,W/(m*K),typical,"{""product_form"": ""stock_shape""}",ISO 22007-4:2008,ensinger-manual,Ensinger,Stock shapes — Engineering plastics manual,Snapshot 9b46c0ae1e72,"Page 95, Material standard values, column 4 (TECAPEEK CMF), row Thermal conductivity",0.38,W/(m·K),2
obs-042bdfe2c32e9716b991,tecapeek-cmf,,flexural_strength,point,170000000.0,,,Pa,typical,"{""product_form"": ""stock_shape""}",DIN EN ISO 178,ensinger-manual,Ensinger,Stock shapes — Engineering plastics manual,Snapshot 9b46c0ae1e72,"Page 95, Material standard values, column 4 (TECAPEEK CMF), row Flexural strength",170,MPa,3
obs-8183598d1c4e2a18e2de,tecapeek-ht-black,,density,point,1310.0,,,kg/m^3,typical,"{""product_form"": ""stock_shape""}",DIN EN ISO 1183,ensinger-manual,Ensinger,Stock shapes — Engineering plastics manual,Snapshot 9b46c0ae1e72,"Page 95, Material standard values, column 6 (TECAPEEK HT black), row Density",1.31,g/cm³,3
obs-e29e62f7d5bd3d78c728,tecapeek-ht-black,,youngs_modulus,point,4600000000.0,,,Pa,typical,"{""product_form"": ""stock_shape""}",DIN EN ISO 527-2,ensinger-manual,Ensinger,Stock shapes — Engineering plastics manual,Snapshot 9b46c0ae1e72,"Page 95, Material standard values, column 6 (TECAPEEK HT black), row Modulus of elasticity (tensile test)","4,600",MPa,4
obs-8bfd2d8a5c13dd877379,tecapeek-ht-black,,ultimate_tensile_strength,point,120000000.0,,,Pa,typical,"{""product_form"": ""stock_shape""}",DIN EN ISO 527-2,ensinger-manual,Ensinger,Stock shapes — Engineering plastics manual,Snapshot 9b46c0ae1e72,"Page 95, Material standard values, column 6 (TECAPEEK HT black), row Tensile strength",120,MPa,3
obs-b05afa5e0f3fa5d11d39,tecapeek-ht-black,,tensile_yield_strength,point,120000000.0,,,Pa,typical,"{""product_form"": ""stock_shape""}",DIN EN ISO 527-2,ensinger-manual,Ensinger,Stock shapes — Engineering plastics manual,Snapshot 9b46c0ae1e72,"Page 95, Material standard values, column 6 (TECAPEEK HT black), row Tensile strength at yield",120,MPa,3
obs-5d0234c6a48a95d80276,tecapeek-ht-black,,elongation_at_break,point,0.05,,,1,typical,"{""product_form"": ""stock_shape""}",DIN EN ISO 527-2,ensinger-manual,Ensinger,Stock shapes — Engineering plastics manual,Snapshot 9b46c0ae1e72,"Page 95, Material standard values, column 6 (TECAPEEK HT black), row Elongation at break",5,%,1
obs-98c38327cbc2ce5e2d60,tecapeek-ht-black,,flexural_strength,point,192000000.0,,,Pa,typical,"{""product_form"": ""stock_shape""}",DIN EN ISO 178,ensinger-manual,Ensinger,Stock shapes — Engineering plastics manual,Snapshot 9b46c0ae1e72,"Page 95, Material standard values, column 6 (TECAPEEK HT black), row Flexural strength",192,MPa,3
obs-b299d4b083bd70be282e,tecapeek-st-black,,density,point,1320.0,,,kg/m^3,typical,"{""product_form"": ""stock_shape""}",DIN EN ISO 1183,ensinger-manual,Ensinger,Stock shapes — Engineering plastics manual,Snapshot 9b46c0ae1e72,"Page 95, Material standard values, column 7 (TECAPEEK ST black), row Density",1.32,g/cm³,3
obs-98bfc7f9589f6eeaa0b5,tecapeek-st-black,,youngs_modulus,point,4600000000.0,,,Pa,typical,"{""product_form"": ""stock_shape""}",DIN EN ISO 527-2,ensinger-manual,Ensinger,Stock shapes — Engineering plastics manual,Snapshot 9b46c0ae1e72,"Page 95, Material standard values, column 7 (TECAPEEK ST black), row Modulus of elasticity (tensile test)","4,600",MPa,4
obs-98fd9a33e3e96c3a05f0,tecapeek-st-black,,ultimate_tensile_strength,point,134000000.0,,,Pa,typical,"{""product_form"": ""stock_shape""}",DIN EN ISO 527-2,ensinger-manual,Ensinger,Stock shapes — Engineering plastics manual,Snapshot 9b46c0ae1e72,"Page 95, Material standard values, column 7 (TECAPEEK ST black), row Tensile strength",134,MPa,3
obs-35adbfb9663ffa035154,tecapeek-st-black,,tensile_yield_strength,point,134000000.0,,,Pa,typical,"{""product_form"": ""stock_shape""}",DIN EN ISO 527-2,ensinger-manual,Ensinger,Stock shapes — Engineering plastics manual,Snapshot 9b46c0ae1e72,"Page 95, Material standard values, column 7 (TECAPEEK ST black), row Tensile strength at yield",134,MPa,3
obs-4abee46f5dea7b08d107,tecapeek-st-black,,elongation_at_break,point,0.13,,,1,typical,"{""product_form"": ""stock_shape""}",DIN EN ISO 527-2,ensinger-manual,Ensinger,Stock shapes — Engineering plastics manual,Snapshot 9b46c0ae1e72,"Page 95, Material standard values, column 7 (TECAPEEK ST black), row Elongation at break",13,%,2
obs-d79155187205dc30eadc,tecapeek-st-black,,flexural_strength,point,193000000.0,,,Pa,typical,"{""product_form"": ""stock_shape""}",DIN EN ISO 178,ensinger-manual,Ensinger,Stock shapes — Engineering plastics manual,Snapshot 9b46c0ae1e72,"Page 95, Material standard values, column 7 (TECAPEEK ST black), row Flexural strength",193,MPa,3
obs-405d4ac15f252992a41f,tecatec-peek-cw50,,density,point,1490.0,,,kg/m^3,typical,"{""product_form"": ""stock_shape""}",DIN EN ISO 1183,ensinger-manual,Ensinger,Stock shapes — Engineering plastics manual,Snapshot 9b46c0ae1e72,"Page 95, Material standard values, column 8 (TECATEC PEEK CW50), row Density",1.49,g/cm³,3
obs-6eca42f4c014a03e2a13,tecatec-peek-cw50,,youngs_modulus,point,53200000000.0,,,Pa,typical,"{""product_form"": ""stock_shape""}",DIN EN ISO 527-2,ensinger-manual,Ensinger,Stock shapes — Engineering plastics manual,Snapshot 9b46c0ae1e72,"Page 95, Material standard values, column 8 (TECATEC PEEK CW50), row Modulus of elasticity (tensile test)","53,200",MPa,5
obs-ded5f99b88229ea99131,tecatec-peek-cw50,,ultimate_tensile_strength,point,491000000.0,,,Pa,typical,"{""product_form"": ""stock_shape""}",DIN EN ISO 527-2,ensinger-manual,Ensinger,Stock shapes — Engineering plastics manual,Snapshot 9b46c0ae1e72,"Page 95, Material standard values, column 8 (TECATEC PEEK CW50), row Tensile strength",491,MPa,3
obs-6afa4f1665a50e1e8a6c,tecatec-peek-cw50,,flexural_strength,point,813000000.0,,,Pa,typical,"{""product_form"": ""stock_shape""}",DIN EN ISO 178,ensinger-manual,Ensinger,Stock shapes — Engineering plastics manual,Snapshot 9b46c0ae1e72,"Page 95, Material standard values, column 8 (TECATEC PEEK CW50), row Flexural strength",813,MPa,3
obs-3985d3e68f0529cec1e3,tecatec-pekk-cw60,,density,point,1610.0,,,kg/m^3,typical,"{""product_form"": ""stock_shape""}",DIN EN ISO 1183,ensinger-manual,Ensinger,Stock shapes — Engineering plastics manual,Snapshot 9b46c0ae1e72,"Page 95, Material standard values, column 9 (TECATEC PEKK CW60), row Density",1.61,g/cm³,3
obs-a6dab510d759b49a7a3f,tecatec-pekk-cw60,,youngs_modulus,point,54300000000.0,,,Pa,typical,"{""product_form"": ""stock_shape""}",DIN EN ISO 527-2,ensinger-manual,Ensinger,Stock shapes — Engineering plastics manual,Snapshot 9b46c0ae1e72,"Page 95, Material standard values, column 9 (TECATEC PEKK CW60), row Modulus of elasticity (tensile test)","54,300",MPa,5
obs-c420f814e4f53d17cc45,tecatec-pekk-cw60,,ultimate_tensile_strength,point,585000000.0,,,Pa,typical,"{""product_form"": ""stock_shape""}",DIN EN ISO 527-2,ensinger-manual,Ensinger,Stock shapes — Engineering plastics manual,Snapshot 9b46c0ae1e72,"Page 95, Material standard values, column 9 (TECATEC PEKK CW60), row Tensile strength",585,MPa,3
obs-2698ecc88c0c8e5aebd1,tecatec-pekk-cw60,,flexural_strength,point,960000000.0,,,Pa,typical,"{""product_form"": ""stock_shape""}",DIN EN ISO 178,ensinger-manual,Ensinger,Stock shapes — Engineering plastics manual,Snapshot 9b46c0ae1e72,"Page 95, Material standard values, column 9 (TECATEC PEKK CW60), row Flexural strength",960,MPa,3
obs-696bca6f64761b2db7a6,tecator-5013,,density,point,1400.0,,,kg/m^3,typical,"{""product_form"": ""stock_shape""}",DIN EN ISO 1183,ensinger-manual,Ensinger,Stock shapes — Engineering plastics manual,Snapshot 9b46c0ae1e72,"Page 95, Material standard values, column 10 (TECATOR 5013), row Density",1.4,g/cm³,2
obs-8a1427fc5ac1f9d3d533,tecator-5013,,youngs_modulus,point,3800000000.0,,,Pa,typical,"{""product_form"": ""stock_shape""}",DIN EN ISO 527-2,ensinger-manual,Ensinger,Stock shapes — Engineering plastics manual,Snapshot 9b46c0ae1e72,"Page 95, Material standard values, column 10 (TECATOR 5013), row Modulus of elasticity (tensile test)","3,800",MPa,4
obs-8e130343fe274764c573,tecator-5013,,ultimate_tensile_strength,point,151000000.0,,,Pa,typical,"{""product_form"": ""stock_shape""}",DIN EN ISO 527-2,ensinger-manual,Ensinger,Stock shapes — Engineering plastics manual,Snapshot 9b46c0ae1e72,"Page 95, Material standard values, column 10 (TECATOR 5013), row Tensile strength",151,MPa,3
obs-15e10835951a373f2f2e,tecator-5013,,tensile_yield_strength,point,151000000.0,,,Pa,typical,"{""product_form"": ""stock_shape""}",DIN EN ISO 527-2,ensinger-manual,Ensinger,Stock shapes — Engineering plastics manual,Snapshot 9b46c0ae1e72,"Page 95, Material standard values, column 10 (TECATOR 5013), row Tensile strength at yield",151,MPa,3
obs-80b13ab0df2e26160010,tecator-5013,,elongation_at_break,point,0.21,,,1,typical,"{""product_form"": ""stock_shape""}",DIN EN ISO 527-2,ensinger-manual,Ensinger,Stock shapes — Engineering plastics manual,Snapshot 9b46c0ae1e72,"Page 95, Material standard values, column 10 (TECATOR 5013), row Elongation at break",21,%,2
obs-eba9855cb234526cc4e9,tecator-5013,,thermal_conductivity,point,0.29,,,W/(m*K),typical,"{""product_form"": ""stock_shape""}",ASTM E1530,ensinger-manual,Ensinger,Stock shapes — Engineering plastics manual,Snapshot 9b46c0ae1e72,"Page 95, Material standard values, column 10 (TECATOR 5013), row Thermal conductivity",0.29,W/(m·K),2
obs-07420e69ba81b08d46b9,tecator-5031-pvx,,density,point,1460.0,,,kg/m^3,typical,"{""product_form"": ""stock_shape""}",DIN EN ISO 1183,ensinger-manual,Ensinger,Stock shapes — Engineering plastics manual,Snapshot 9b46c0ae1e72,"Page 96, Material standard values, column 1 (TECATOR 5031 PVX), row Density",1.46,g/cm³,3
obs-84fb1d9bed8a703043db,tecator-5031-pvx,,youngs_modulus,point,5900000000.0,,,Pa,typical,"{""product_form"": ""stock_shape""}",DIN EN ISO 527-2,ensinger-manual,Ensinger,Stock shapes — Engineering plastics manual,Snapshot 9b46c0ae1e72,"Page 96, Material standard values, column 1 (TECATOR 5031 PVX), row Modulus of elasticity (tensile test)","5,900",MPa,4
obs-c63e37a365e0fdb94c0c,tecator-5031-pvx,,ultimate_tensile_strength,point,135000000.0,,,Pa,typical,"{""product_form"": ""stock_shape""}",DIN EN ISO 527-2,ensinger-manual,Ensinger,Stock shapes — Engineering plastics manual,Snapshot 9b46c0ae1e72,"Page 96, Material standard values, column 1 (TECATOR 5031 PVX), row Tensile strength",135,MPa,3
obs-2f5e25f4fd7f7fbe5a24,tecator-5031-pvx,,tensile_yield_strength,point,135000000.0,,,Pa,typical,"{""product_form"": ""stock_shape""}",DIN EN ISO 527-2,ensinger-manual,Ensinger,Stock shapes — Engineering plastics manual,Snapshot 9b46c0ae1e72,"Page 96, Material standard values, column 1 (TECATOR 5031 PVX), row Tensile strength at yield",135,MPa,3
obs-67007a408b79d9f01128,tecator-5031-pvx,,elongation_at_break,point,0.07,,,1,typical,"{""product_form"": ""stock_shape""}",DIN EN ISO 527-2,ensinger-manual,Ensinger,Stock shapes — Engineering plastics manual,Snapshot 9b46c0ae1e72,"Page 96, Material standard values, column 1 (TECATOR 5031 PVX), row Elongation at break",7,%,1
obs-f86866bdca8eebab2db9,tecator-5031-pvx,,thermal_conductivity,point,0.6,,,W/(m*K),typical,"{""product_form"": ""stock_shape""}",ASTM E1530,ensinger-manual,Ensinger,Stock shapes — Engineering plastics manual,Snapshot 9b46c0ae1e72,"Page 96, Material standard values, column 1 (TECATOR 5031 PVX), row Thermal conductivity",0.60,W/(m·K),2
obs-46f8a7108a56e7b41a3a,tecasint-1011,,density,point,1340.0,,,kg/m^3,typical,"{""product_form"": ""stock_shape""}",DIN EN ISO 1183,ensinger-manual,Ensinger,Stock shapes — Engineering plastics manual,Snapshot 9b46c0ae1e72,"Page 96, Material standard values, column 2 (TECASINT 1011), row Density",1.34,g/cm³,3
obs-b94b53e904e54f1a3559,tecasint-1011,,youngs_modulus,point,4000000000.0,,,Pa,typical,"{""product_form"": ""stock_shape""}",DIN EN ISO 527-2,ensinger-manual,Ensinger,Stock shapes — Engineering plastics manual,Snapshot 9b46c0ae1e72,"Page 96, Material standard values, column 2 (TECASINT 1011), row Modulus of elasticity (tensile test)","4,000",MPa,4
obs-ea8368d25a91f13748e9,tecasint-1011,,ultimate_tensile_strength,point,116000000.0,,,Pa,typical,"{""product_form"": ""stock_shape""}",DIN EN ISO 527-2,ensinger-manual,Ensinger,Stock shapes — Engineering plastics manual,Snapshot 9b46c0ae1e72,"Page 96, Material standard values, column 2 (TECASINT 1011), row Tensile strength",116,MPa,3
obs-88ca2b0bf760cf188ac4,tecasint-1011,,elongation_at_break,point,0.09,,,1,typical,"{""product_form"": ""stock_shape""}",DIN EN ISO 527-2,ensinger-manual,Ensinger,Stock shapes — Engineering plastics manual,Snapshot 9b46c0ae1e72,"Page 96, Material standard values, column 2 (TECASINT 1011), row Elongation at break",9.0,%,2
obs-a17b7d32e22111549b6a,tecasint-1011,,thermal_conductivity,point,0.22,,,W/(m*K),typical,"{""product_form"": ""stock_shape""}",ISO 8302,ensinger-manual,Ensinger,Stock shapes — Engineering plastics manual,Snapshot 9b46c0ae1e72,"Page 96, Material standard values, column 2 (TECASINT 1011), row Thermal conductivity",0.22,W/(m·K),2
obs-e3b1a5fb0bed6d0b623e,tecasint-1011,,flexural_strength,point,210000000.0,,,Pa,typical,"{""product_form"": ""stock_shape""}",DIN EN ISO 178,ensinger-manual,Ensinger,Stock shapes — Engineering plastics manual,Snapshot 9b46c0ae1e72,"Page 96, Material standard values, column 2 (TECASINT 1011), row Flexural strength",210,MPa,3
obs-fc5d65edbd6f1906b9c1,tecasint-1021,,density,point,1420.0,,,kg/m^3,typical,"{""product_form"": ""stock_shape""}",DIN EN ISO 1183,ensinger-manual,Ensinger,Stock shapes — Engineering plastics manual,Snapshot 9b46c0ae1e72,"Page 96, Material standard values, column 3 (TECASINT 1021), row Density",1.42,g/cm³,3
obs-e761858aa5d4dd5cde65,tecasint-1021,,youngs_modulus,point,4000000000.0,,,Pa,typical,"{""product_form"": ""stock_shape""}",DIN EN ISO 527-2,ensinger-manual,Ensinger,Stock shapes — Engineering plastics manual,Snapshot 9b46c0ae1e72,"Page 96, Material standard values, column 3 (TECASINT 1021), row Modulus of elasticity (tensile test)","4,000",MPa,4
obs-78a0a042adcac664c44f,tecasint-1021,,ultimate_tensile_strength,point,97000000.0,,,Pa,typical,"{""product_form"": ""stock_shape""}",DIN EN ISO 527-2,ensinger-manual,Ensinger,Stock shapes — Engineering plastics manual,Snapshot 9b46c0ae1e72,"Page 96, Material standard values, column 3 (TECASINT 1021), row Tensile strength",97,MPa,2
obs-a3b67ac995cdea291744,tecasint-1021,,elongation_at_break,point,0.027999999999999997,,,1,typical,"{""product_form"": ""stock_shape""}",DIN EN ISO 527-2,ensinger-manual,Ensinger,Stock shapes — Engineering plastics manual,Snapshot 9b46c0ae1e72,"Page 96, Material standard values, column 3 (TECASINT 1021), row Elongation at break",2.8,%,2
obs-c296f09eed9de90ec5d3,tecasint-1021,,thermal_conductivity,point,0.53,,,W/(m*K),typical,"{""product_form"": ""stock_shape""}",ISO 8302,ensinger-manual,Ensinger,Stock shapes — Engineering plastics manual,Snapshot 9b46c0ae1e72,"Page 96, Material standard values, column 3 (TECASINT 1021), row Thermal conductivity",0.53,W/(m·K),2
obs-f481ce7ddd775ff28556,tecasint-1021,,flexural_strength,point,150000000.0,,,Pa,typical,"{""product_form"": ""stock_shape""}",DIN EN ISO 178,ensinger-manual,Ensinger,Stock shapes — Engineering plastics manual,Snapshot 9b46c0ae1e72,"Page 96, Material standard values, column 3 (TECASINT 1021), row Flexural strength",150,MPa,3
obs-69a63e6173e06d4de544,tecasint-1031,,density,point,1570.0,,,kg/m^3,typical,"{""product_form"": ""stock_shape""}",DIN EN ISO 1183,ensinger-manual,Ensinger,Stock shapes — Engineering plastics manual,Snapshot 9b46c0ae1e72,"Page 96, Material standard values, column 4 (TECASINT 1031), row Density",1.57,g/cm³,3
obs-c80cd5a792ed0d0bcc0f,tecasint-1031,,ultimate_tensile_strength,point,65000000.0,,,Pa,typical,"{""product_form"": ""stock_shape""}",DIN EN ISO 527-2,ensinger-manual,Ensinger,Stock shapes — Engineering plastics manual,Snapshot 9b46c0ae1e72,"Page 96, Material standard values, column 4 (TECASINT 1031), row Tensile strength",65,MPa,2
obs-17a33d66b306562609d3,tecasint-1031,,elongation_at_break,point,0.022000000000000002,,,1,typical,"{""product_form"": ""stock_shape""}",DIN EN ISO 527-2,ensinger-manual,Ensinger,Stock shapes — Engineering plastics manual,Snapshot 9b46c0ae1e72,"Page 96, Material standard values, column 4 (TECASINT 1031), row Elongation at break",2.2,%,2
obs-722ea7f32015cd33dc56,tecasint-1031,,flexural_strength,point,88000000.0,,,Pa,typical,"{""product_form"": ""stock_shape""}",DIN EN ISO 178,ensinger-manual,Ensinger,Stock shapes — Engineering plastics manual,Snapshot 9b46c0ae1e72,"Page 96, Material standard values, column 4 (TECASINT 1031), row Flexural strength",88,MPa,2
obs-e3d68bd73b9c7b589108,tecasint-1041,,density,point,1670.0,,,kg/m^3,typical,"{""product_form"": ""stock_shape""}",DIN EN ISO 1183,ensinger-manual,Ensinger,Stock shapes — Engineering plastics manual,Snapshot 9b46c0ae1e72,"Page 96, Material standard values, column 5 (TECASINT 1041), row Density",1.67,g/cm³,3
obs-56b08a24908f673f80f0,tecasint-1041,,youngs_modulus,point,4340000000.0,,,Pa,typical,"{""product_form"": ""stock_shape""}",DIN EN ISO 527-2,ensinger-manual,Ensinger,Stock shapes — Engineering plastics manual,Snapshot 9b46c0ae1e72,"Page 96, Material standard values, column 5 (TECASINT 1041), row Modulus of elasticity (tensile test)","4,340",MPa,4
obs-fd96c3816665d0391cbf,tecasint-1041,,ultimate_tensile_strength,point,82000000.0,,,Pa,typical,"{""product_form"": ""stock_shape""}",DIN EN ISO 527-2,ensinger-manual,Ensinger,Stock shapes — Engineering plastics manual,Snapshot 9b46c0ae1e72,"Page 96, Material standard values, column 5 (TECASINT 1041), row Tensile strength",82,MPa,2
obs-bc69a15139d778870c2e,tecasint-1041,,elongation_at_break,point,0.027999999999999997,,,1,typical,"{""product_form"": ""stock_shape""}",DIN EN ISO 527-2,ensinger-manual,Ensinger,Stock shapes — Engineering plastics manual,Snapshot 9b46c0ae1e72,"Page 96, Material standard values, column 5 (TECASINT 1041), row Elongation at break",2.8,%,2
obs-a45091945b441567ac0e,tecasint-1041,,flexural_strength,point,126000000.0,,,Pa,typical,"{""product_form"": ""stock_shape""}",DIN EN ISO 178,ensinger-manual,Ensinger,Stock shapes — Engineering plastics manual,Snapshot 9b46c0ae1e72,"Page 96, Material standard values, column 5 (TECASINT 1041), row Flexural strength",126,MPa,3
obs-eae6d223822c8fead058,tecasint-1061,,density,point,1480.0,,,kg/m^3,typical,"{""product_form"": ""stock_shape""}",DIN EN ISO 1183,ensinger-manual,Ensinger,Stock shapes — Engineering plastics manual,Snapshot 9b46c0ae1e72,"Page 96, Material standard values, column 6 (TECASINT 1061), row Density",1.48,g/cm³,3
obs-7b0c54ec569885c73a13,tecasint-1061,,ultimate_tensile_strength,point,77000000.0,,,Pa,typical,"{""product_form"": ""stock_shape""}",DIN EN ISO 527-2,ensinger-manual,Ensinger,Stock shapes — Engineering plastics manual,Snapshot 9b46c0ae1e72,"Page 96, Material standard values, column 6 (TECASINT 1061), row Tensile strength",77,MPa,2
obs-90109a936492b6822574,tecasint-1061,,elongation_at_break,point,0.028999999999999998,,,1,typical,"{""product_form"": ""stock_shape""}",DIN EN ISO 527-2,ensinger-manual,Ensinger,Stock shapes — Engineering plastics manual,Snapshot 9b46c0ae1e72,"Page 96, Material standard values, column 6 (TECASINT 1061), row Elongation at break",2.9,%,2
obs-c716f25a3332cd750543,tecasint-1061,,flexural_strength,point,120000000.0,,,Pa,typical,"{""product_form"": ""stock_shape""}",DIN EN ISO 178,ensinger-manual,Ensinger,Stock shapes — Engineering plastics manual,Snapshot 9b46c0ae1e72,"Page 96, Material standard values, column 6 (TECASINT 1061), row Flexural strength",120,MPa,3
obs-0c15ab9ba616a0f9da39,tecasint-1101,,density,point,1340.0,,,kg/m^3,typical,"{""product_form"": ""stock_shape""}",DIN EN ISO 1183,ensinger-manual,Ensinger,Stock shapes — Engineering plastics manual,Snapshot 9b46c0ae1e72,"Page 96, Material standard values, column 7 (TECASINT 1101), row Density",1.34,g/cm³,3
obs-ca73a006aca947024514,tecasint-1101,,youngs_modulus,point,4000000000.0,,,Pa,typical,"{""product_form"": ""stock_shape""}",DIN EN ISO 527-2,ensinger-manual,Ensinger,Stock shapes — Engineering plastics manual,Snapshot 9b46c0ae1e72,"Page 96, Material standard values, column 7 (TECASINT 1101), row Modulus of elasticity (tensile test)","4,000",MPa,4
obs-08f13cac03bedd540150,tecasint-1101,,ultimate_tensile_strength,point,153000000.0,,,Pa,typical,"{""product_form"": ""stock_shape""}",DIN EN ISO 527-2,ensinger-manual,Ensinger,Stock shapes — Engineering plastics manual,Snapshot 9b46c0ae1e72,"Page 96, Material standard values, column 7 (TECASINT 1101), row Tensile strength",153,MPa,3
obs-ee243f89a4b9527c6a6f,tecasint-1101,,elongation_at_break,point,0.07400000000000001,,,1,typical,"{""product_form"": ""stock_shape""}",DIN EN ISO 527-2,ensinger-manual,Ensinger,Stock shapes — Engineering plastics manual,Snapshot 9b46c0ae1e72,"Page 96, Material standard values, column 7 (TECASINT 1101), row Elongation at break",7.4,%,2
obs-d2f88aed76003640a120,tecasint-1101,,thermal_conductivity,point,0.22,,,W/(m*K),typical,"{""product_form"": ""stock_shape""}",ISO 8302,ensinger-manual,Ensinger,Stock shapes — Engineering plastics manual,Snapshot 9b46c0ae1e72,"Page 96, Material standard values, column 7 (TECASINT 1101), row Thermal conductivity",0.22,W/(m·K),2
obs-49a35ea62a5968bc1dc4,tecasint-1101,,flexural_strength,point,209000000.0,,,Pa,typical,"{""product_form"": ""stock_shape""}",DIN EN ISO 178,ensinger-manual,Ensinger,Stock shapes — Engineering plastics manual,Snapshot 9b46c0ae1e72,"Page 96, Material standard values, column 7 (TECASINT 1101), row Flexural strength",209,MPa,3
obs-c180ae68e5f49b21e137,tecasint-1611,,density,point,1510.0,,,kg/m^3,typical,"{""product_form"": ""stock_shape""}",DIN EN ISO 1183,ensinger-manual,Ensinger,Stock shapes — Engineering plastics manual,Snapshot 9b46c0ae1e72,"Page 96, Material standard values, column 8 (TECASINT 1611), row Density",1.51,g/cm³,3
obs-9dcba6ad4e9e46359a98,tecasint-1611,,ultimate_tensile_strength,point,82000000.0,,,Pa,typical,"{""product_form"": ""stock_shape""}",DIN EN ISO 527-2,ensinger-manual,Ensinger,Stock shapes — Engineering plastics manual,Snapshot 9b46c0ae1e72,"Page 96, Material standard values, column 8 (TECASINT 1611), row Tensile strength",82,MPa,2
obs-68cce0ef9ad4bb2024b7,tecasint-1611,,elongation_at_break,point,0.040999999999999995,,,1,typical,"{""product_form"": ""stock_shape""}",DIN EN ISO 527-2,ensinger-manual,Ensinger,Stock shapes — Engineering plastics manual,Snapshot 9b46c0ae1e72,"Page 96, Material standard values, column 8 (TECASINT 1611), row Elongation at break",4.1,%,2
obs-1209002607443dee0307,tecasint-1611,,flexural_strength,point,122000000.0,,,Pa,typical,"{""product_form"": ""stock_shape""}",DIN EN ISO 178,ensinger-manual,Ensinger,Stock shapes — Engineering plastics manual,Snapshot 9b46c0ae1e72,"Page 96, Material standard values, column 8 (TECASINT 1611), row Flexural strength",122,MPa,3
obs-cbf2a7bb7324568e2661,tecasint-2011,,density,point,1380.0,,,kg/m^3,typical,"{""product_form"": ""stock_shape""}",DIN EN ISO 1183,ensinger-manual,Ensinger,Stock shapes — Engineering plastics manual,Snapshot 9b46c0ae1e72,"Page 96, Material standard values, column 9 (TECASINT 2011), row Density",1.38,g/cm³,3
obs-c50659a03eeceab975bf,tecasint-2011,,youngs_modulus,point,3700000000.0,,,Pa,typical,"{""product_form"": ""stock_shape""}",DIN EN ISO 527-2,ensinger-manual,Ensinger,Stock shapes — Engineering plastics manual,Snapshot 9b46c0ae1e72,"Page 96, Material standard values, column 9 (TECASINT 2011), row Modulus of elasticity (tensile test)","3,700",MPa,4
obs-cc128e75ccd5bbf0c51a,tecasint-2011,,ultimate_tensile_strength,point,118000000.0,,,Pa,typical,"{""product_form"": ""stock_shape""}",DIN EN ISO 527-2,ensinger-manual,Ensinger,Stock shapes — Engineering plastics manual,Snapshot 9b46c0ae1e72,"Page 96, Material standard values, column 9 (TECASINT 2011), row Tensile strength",118,MPa,3
obs-4b0eae986fe60cdc6ff6,tecasint-2011,,elongation_at_break,point,0.045,,,1,typical,"{""product_form"": ""stock_shape""}",DIN EN ISO 527-2,ensinger-manual,Ensinger,Stock shapes — Engineering plastics manual,Snapshot 9b46c0ae1e72,"Page 96, Material standard values, column 9 (TECASINT 2011), row Elongation at break",4.5,%,2
obs-4ba536035a30f38db1a5,tecasint-2011,,thermal_conductivity,point,0.22,,,W/(m*K),typical,"{""product_form"": ""stock_shape""}",ISO 8302,ensinger-manual,Ensinger,Stock shapes — Engineering plastics manual,Snapshot 9b46c0ae1e72,"Page 96, Material standard values, column 9 (TECASINT 2011), row Thermal conductivity",0.22,W/(m·K),2
obs-0d208cd5935d4c0736b4,tecasint-2011,,flexural_strength,point,177000000.0,,,Pa,typical,"{""product_form"": ""stock_shape""}",DIN EN ISO 178,ensinger-manual,Ensinger,Stock shapes — Engineering plastics manual,Snapshot 9b46c0ae1e72,"Page 96, Material standard values, column 9 (TECASINT 2011), row Flexural strength",177,MPa,3
obs-f9b80ca2b7351b94ab4c,tecasint-2021,,density,point,1450.0,,,kg/m^3,typical,"{""product_form"": ""stock_shape""}",DIN EN ISO 1183,ensinger-manual,Ensinger,Stock shapes — Engineering plastics manual,Snapshot 9b46c0ae1e72,"Page 96, Material standard values, column 10 (TECASINT 2021), row Density",1.45,g/cm³,3
obs-d81ec3322ef47df05d33,tecasint-2021,,youngs_modulus,point,4400000000.0,,,Pa,typical,"{""product_form"": ""stock_shape""}",DIN EN ISO 527-2,ensinger-manual,Ensinger,Stock shapes — Engineering plastics manual,Snapshot 9b46c0ae1e72,"Page 96, Material standard values, column 10 (TECASINT 2021), row Modulus of elasticity (tensile test)","4,400",MPa,4
obs-c152e3d067ebef0ec9e4,tecasint-2021,,ultimate_tensile_strength,point,101000000.0,,,Pa,typical,"{""product_form"": ""stock_shape""}",DIN EN ISO 527-2,ensinger-manual,Ensinger,Stock shapes — Engineering plastics manual,Snapshot 9b46c0ae1e72,"Page 96, Material standard values, column 10 (TECASINT 2021), row Tensile strength",101,MPa,3
obs-da7f67f3fa34baeae3c9,tecasint-2021,,elongation_at_break,point,0.037000000000000005,,,1,typical,"{""product_form"": ""stock_shape""}",DIN EN ISO 527-2,ensinger-manual,Ensinger,Stock shapes — Engineering plastics manual,Snapshot 9b46c0ae1e72,"Page 96, Material standard values, column 10 (TECASINT 2021), row Elongation at break",3.7,%,2
obs-00691403eabb29cfb3a6,tecasint-2021,,flexural_strength,point,145000000.0,,,Pa,typical,"{""product_form"": ""stock_shape""}",DIN EN ISO 178,ensinger-manual,Ensinger,Stock shapes — Engineering plastics manual,Snapshot 9b46c0ae1e72,"Page 96, Material standard values, column 10 (TECASINT 2021), row Flexural strength",145,MPa,3
obs-cd26fd4b873e9b8f9d0c,tecasint-2031,,density,point,1590.0,,,kg/m^3,typical,"{""product_form"": ""stock_shape""}",DIN EN ISO 1183,ensinger-manual,Ensinger,Stock shapes — Engineering plastics manual,Snapshot 9b46c0ae1e72,"Page 97, Material standard values, column 1 (TECASINT 2031), row Density",1.59,g/cm³,3
obs-5c6c57875a101c34d074,tecasint-2031,,youngs_modulus,point,6300000000.0,,,Pa,typical,"{""product_form"": ""stock_shape""}",DIN EN ISO 527-2,ensinger-manual,Ensinger,Stock shapes — Engineering plastics manual,Snapshot 9b46c0ae1e72,"Page 97, Material standard values, column 1 (TECASINT 2031), row Modulus of elasticity (tensile test)","6,300",MPa,4
obs-f30891c2d476ca446175,tecasint-2031,,ultimate_tensile_strength,point,65000000.0,,,Pa,typical,"{""product_form"": ""stock_shape""}",DIN EN ISO 527-2,ensinger-manual,Ensinger,Stock shapes — Engineering plastics manual,Snapshot 9b46c0ae1e72,"Page 97, Material standard values, column 1 (TECASINT 2031), row Tensile strength",65,MPa,2
obs-7880b2bd373d656e83ff,tecasint-2031,,elongation_at_break,point,0.021,,,1,typical,"{""product_form"": ""stock_shape""}",DIN EN ISO 527-2,ensinger-manual,Ensinger,Stock shapes — Engineering plastics manual,Snapshot 9b46c0ae1e72,"Page 97, Material standard values, column 1 (TECASINT 2031), row Elongation at break",2.1,%,2
obs-cbd178f9e4ce6ed279f0,tecasint-2031,,flexural_strength,point,87500000.0,,,Pa,typical,"{""product_form"": ""stock_shape""}",DIN EN ISO 178,ensinger-manual,Ensinger,Stock shapes — Engineering plastics manual,Snapshot 9b46c0ae1e72,"Page 97, Material standard values, column 1 (TECASINT 2031), row Flexural strength",87.5,MPa,3
obs-6b135a3774ee4703d102,tecasint-2391,,density,point,1540.0,,,kg/m^3,typical,"{""product_form"": ""stock_shape""}",DIN EN ISO 1183,ensinger-manual,Ensinger,Stock shapes — Engineering plastics manual,Snapshot 9b46c0ae1e72,"Page 97, Material standard values, column 2 (TECASINT 2391), row Density",1.54,g/cm³,3
obs-b98657876e622ff3db5e,tecasint-2391,,youngs_modulus,point,4400000000.0,,,Pa,typical,"{""product_form"": ""stock_shape""}",DIN EN ISO 527-2,ensinger-manual,Ensinger,Stock shapes — Engineering plastics manual,Snapshot 9b46c0ae1e72,"Page 97, Material standard values, column 2 (TECASINT 2391), row Modulus of elasticity (tensile test)","4,400",MPa,4
obs-cdba10d1595e12775abf,tecasint-2391,,ultimate_tensile_strength,point,95000000.0,,,Pa,typical,"{""product_form"": ""stock_shape""}",DIN EN ISO 527-2,ensinger-manual,Ensinger,Stock shapes — Engineering plastics manual,Snapshot 9b46c0ae1e72,"Page 97, Material standard values, column 2 (TECASINT 2391), row Tensile strength",95,MPa,2
obs-fdb31a8cb654f1509701,tecasint-2391,,elongation_at_break,point,0.028999999999999998,,,1,typical,"{""product_form"": ""stock_shape""}",DIN EN ISO 527-2,ensinger-manual,Ensinger,Stock shapes — Engineering plastics manual,Snapshot 9b46c0ae1e72,"Page 97, Material standard values, column 2 (TECASINT 2391), row Elongation at break",2.9,%,2
obs-6320db814e1845e70abc,tecasint-2391,,flexural_strength,point,137000000.0,,,Pa,typical,"{""product_form"": ""stock_shape""}",DIN EN ISO 178,ensinger-manual,Ensinger,Stock shapes — Engineering plastics manual,Snapshot 9b46c0ae1e72,"Page 97, Material standard values, column 2 (TECASINT 2391), row Flexural strength",137,MPa,3
obs-064d68764c2fb5b46d3c,tecasint-4011,,density,point,1410.0,,,kg/m^3,typical,"{""product_form"": ""stock_shape""}",DIN EN ISO 1183,ensinger-manual,Ensinger,Stock shapes — Engineering plastics manual,Snapshot 9b46c0ae1e72,"Page 97, Material standard values, column 3 (TECASINT 4011), row Density",1.41,g/cm³,3
obs-1bc69271dd80f6e69a44,tecasint-4011,,youngs_modulus,point,4000000000.0,,,Pa,typical,"{""product_form"": ""stock_shape""}",DIN EN ISO 527-2,ensinger-manual,Ensinger,Stock shapes — Engineering plastics manual,Snapshot 9b46c0ae1e72,"Page 97, Material standard values, column 3 (TECASINT 4011), row Modulus of elasticity (tensile test)","4,000",MPa,4
obs-731e555a4477ed42a074,tecasint-4011,,ultimate_tensile_strength,point,130000000.0,,,Pa,typical,"{""product_form"": ""stock_shape""}",DIN EN ISO 527-2,ensinger-manual,Ensinger,Stock shapes — Engineering plastics manual,Snapshot 9b46c0ae1e72,"Page 97, Material standard values, column 3 (TECASINT 4011), row Tensile strength",130,MPa,3
obs-4ebc979d461fa2f7f365,tecasint-4011,,elongation_at_break,point,0.045,,,1,typical,"{""product_form"": ""stock_shape""}",DIN EN ISO 527-2,ensinger-manual,Ensinger,Stock shapes — Engineering plastics manual,Snapshot 9b46c0ae1e72,"Page 97, Material standard values, column 3 (TECASINT 4011), row Elongation at break",4.5,%,2
obs-e05029e6d0a932933a4a,tecasint-4011,,thermal_conductivity,point,0.4,,,W/(m*K),typical,"{""product_form"": ""stock_shape""}",ISO 8302,ensinger-manual,Ensinger,Stock shapes — Engineering plastics manual,Snapshot 9b46c0ae1e72,"Page 97, Material standard values, column 3 (TECASINT 4011), row Thermal conductivity",0.4,W/(m·K),1
obs-88052902872016a8d2b6,tecasint-4011,,flexural_strength,point,180000000.0,,,Pa,typical,"{""product_form"": ""stock_shape""}",DIN EN ISO 178,ensinger-manual,Ensinger,Stock shapes — Engineering plastics manual,Snapshot 9b46c0ae1e72,"Page 97, Material standard values, column 3 (TECASINT 4011), row Flexural strength",180,MPa,3
obs-71b77a95f8b8e2492e0c,tecasint-4021,,density,point,1490.0,,,kg/m^3,typical,"{""product_form"": ""stock_shape""}",DIN EN ISO 1183,ensinger-manual,Ensinger,Stock shapes — Engineering plastics manual,Snapshot 9b46c0ae1e72,"Page 97, Material standard values, column 4 (TECASINT 4021), row Density",1.49,g/cm³,3
obs-2a25c698c22b487633b5,tecasint-4021,,youngs_modulus,point,4943000000.0,,,Pa,typical,"{""product_form"": ""stock_shape""}",DIN EN ISO 527-2,ensinger-manual,Ensinger,Stock shapes — Engineering plastics manual,Snapshot 9b46c0ae1e72,"Page 97, Material standard values, column 4 (TECASINT 4021), row Modulus of elasticity (tensile test)","4,943",MPa,4
obs-bec2803aa8478c75c47f,tecasint-4021,,ultimate_tensile_strength,point,93000000.0,,,Pa,typical,"{""product_form"": ""stock_shape""}",DIN EN ISO 527-2,ensinger-manual,Ensinger,Stock shapes — Engineering plastics manual,Snapshot 9b46c0ae1e72,"Page 97, Material standard values, column 4 (TECASINT 4021), row Tensile strength",93,MPa,2
obs-10f15372221bd2473a49,tecasint-4021,,elongation_at_break,point,0.03,,,1,typical,"{""product_form"": ""stock_shape""}",DIN EN ISO 527-2,ensinger-manual,Ensinger,Stock shapes — Engineering plastics manual,Snapshot 9b46c0ae1e72,"Page 97, Material standard values, column 4 (TECASINT 4021), row Elongation at break",3,%,1
obs-c268489777457a0e7720,tecasint-4021,,flexural_strength,point,131000000.0,,,Pa,typical,"{""product_form"": ""stock_shape""}",DIN EN ISO 178,ensinger-manual,Ensinger,Stock shapes — Engineering plastics manual,Snapshot 9b46c0ae1e72,"Page 97, Material standard values, column 4 (TECASINT 4021), row Flexural strength",131,MPa,3
obs-1858991659f0522c760d,tecasint-4111,,density,point,1460.0,,,kg/m^3,typical,"{""product_form"": ""stock_shape""}",DIN EN ISO 1183,ensinger-manual,Ensinger,Stock shapes — Engineering plastics manual,Snapshot 9b46c0ae1e72,"Page 97, Material standard values, column 5 (TECASINT 4111), row Density",1.46,g/cm³,3
obs-71c928dd6a8ca8be8496,tecasint-4111,,youngs_modulus,point,7000000000.0,,,Pa,typical,"{""product_form"": ""stock_shape""}",DIN EN ISO 527-2,ensinger-manual,Ensinger,Stock shapes — Engineering plastics manual,Snapshot 9b46c0ae1e72,"Page 97, Material standard values, column 5 (TECASINT 4111), row Modulus of elasticity (tensile test)","7,000",MPa,4
obs-8bf474a658b2efd26613,tecasint-4111,,ultimate_tensile_strength,point,100000000.0,,,Pa,typical,"{""product_form"": ""stock_shape""}",DIN EN ISO 527-2,ensinger-manual,Ensinger,Stock shapes — Engineering plastics manual,Snapshot 9b46c0ae1e72,"Page 97, Material standard values, column 5 (TECASINT 4111), row Tensile strength",100,MPa,3
obs-fa063b39cdb8907b14c4,tecasint-4111,,elongation_at_break,point,0.017,,,1,typical,"{""product_form"": ""stock_shape""}",DIN EN ISO 527-2,ensinger-manual,Ensinger,Stock shapes — Engineering plastics manual,Snapshot 9b46c0ae1e72,"Page 97, Material standard values, column 5 (TECASINT 4111), row Elongation at break",1.7,%,2
obs-22ccddb79499e71904ab,tecasint-4111,,thermal_conductivity,point,0.35,,,W/(m*K),typical,"{""product_form"": ""stock_shape""}",ISO 8302,ensinger-manual,Ensinger,Stock shapes — Engineering plastics manual,Snapshot 9b46c0ae1e72,"Page 97, Material standard values, column 5 (TECASINT 4111), row Thermal conductivity",0.35,W/(m·K),2
obs-d9d7ecaf056fcd621b55,tecasint-4111,,flexural_strength,point,160000000.0,,,Pa,typical,"{""product_form"": ""stock_shape""}",DIN EN ISO 178,ensinger-manual,Ensinger,Stock shapes — Engineering plastics manual,Snapshot 9b46c0ae1e72,"Page 97, Material standard values, column 5 (TECASINT 4111), row Flexural strength",160,MPa,3
obs-7b97ef7900f39bce04b3,tecasint-4121,,density,point,1530.0,,,kg/m^3,typical,"{""product_form"": ""stock_shape""}",DIN EN ISO 1183,ensinger-manual,Ensinger,Stock shapes — Engineering plastics manual,Snapshot 9b46c0ae1e72,"Page 97, Material standard values, column 6 (TECASINT 4121), row Density",1.53,g/cm³,3
obs-8b82c398e7bf998ca35b,tecasint-4121,,youngs_modulus,point,6600000000.0,,,Pa,typical,"{""product_form"": ""stock_shape""}",DIN EN ISO 527-2,ensinger-manual,Ensinger,Stock shapes — Engineering plastics manual,Snapshot 9b46c0ae1e72,"Page 97, Material standard values, column 6 (TECASINT 4121), row Modulus of elasticity (tensile test)","6,600",MPa,4
obs-131346274e40f99998a4,tecasint-4121,,ultimate_tensile_strength,point,34000000.0,,,Pa,typical,"{""product_form"": ""stock_shape""}",DIN EN ISO 527-2,ensinger-manual,Ensinger,Stock shapes — Engineering plastics manual,Snapshot 9b46c0ae1e72,"Page 97, Material standard values, column 6 (TECASINT 4121), row Tensile strength",34,MPa,2
obs-1a34658e5167846233ca,tecasint-4121,,elongation_at_break,point,0.005,,,1,typical,"{""product_form"": ""stock_shape""}",DIN EN ISO 527-2,ensinger-manual,Ensinger,Stock shapes — Engineering plastics manual,Snapshot 9b46c0ae1e72,"Page 97, Material standard values, column 6 (TECASINT 4121), row Elongation at break",0.5,%,1
obs-c628de317efe263c38e0,tecasint-4121,,flexural_strength,point,113000000.0,,,Pa,typical,"{""product_form"": ""stock_shape""}",DIN EN ISO 178,ensinger-manual,Ensinger,Stock shapes — Engineering plastics manual,Snapshot 9b46c0ae1e72,"Page 97, Material standard values, column 6 (TECASINT 4121), row Flexural strength",113,MPa,3
obs-94ffc65c5bb4a6f9f992,tecasint-5051,,density,point,1570.0,,,kg/m^3,typical,"{""product_form"": ""stock_shape""}",DIN EN ISO 1183,ensinger-manual,Ensinger,Stock shapes — Engineering plastics manual,Snapshot 9b46c0ae1e72,"Page 97, Material standard values, column 7 (TECASINT 5051), row Density",1.57,g/cm³,3
obs-88eb3c517a68c8dd940c,tecasint-5051,,youngs_modulus,point,5800000000.0,,,Pa,typical,"{""product_form"": ""stock_shape""}",DIN EN ISO 527-2,ensinger-manual,Ensinger,Stock shapes — Engineering plastics manual,Snapshot 9b46c0ae1e72,"Page 97, Material standard values, column 7 (TECASINT 5051), row Modulus of elasticity (tensile test)","5,800",MPa,4
obs-1e2039a11e5c341a0b1e,tecasint-5051,,ultimate_tensile_strength,point,94000000.0,,,Pa,typical,"{""product_form"": ""stock_shape""}",DIN EN ISO 527-2,ensinger-manual,Ensinger,Stock shapes — Engineering plastics manual,Snapshot 9b46c0ae1e72,"Page 97, Material standard values, column 7 (TECASINT 5051), row Tensile strength",94,MPa,2
obs-e6da7cd7aac169fef04d,tecasint-5051,,elongation_at_break,point,0.034,,,1,typical,"{""product_form"": ""stock_shape""}",DIN EN ISO 527-2,ensinger-manual,Ensinger,Stock shapes — Engineering plastics manual,Snapshot 9b46c0ae1e72,"Page 97, Material standard values, column 7 (TECASINT 5051), row Elongation at break",3.4,%,2
obs-ebf345b82b0a99bd1260,tecasint-5051,,flexural_strength,point,163000000.0,,,Pa,typical,"{""product_form"": ""stock_shape""}",DIN EN ISO 178,ensinger-manual,Ensinger,Stock shapes — Engineering plastics manual,Snapshot 9b46c0ae1e72,"Page 97, Material standard values, column 7 (TECASINT 5051), row Flexural strength",163,MPa,3
obs-09c23f29c6ef66caa0d9,tecasint-5201-sd,,density,point,1540.0,,,kg/m^3,typical,"{""product_form"": ""stock_shape""}",DIN EN ISO 1183,ensinger-manual,Ensinger,Stock shapes — Engineering plastics manual,Snapshot 9b46c0ae1e72,"Page 97, Material standard values, column 8 (TECASINT 5201 SD), row Density",1.54,g/cm³,3
obs-572487cb5ed86bb3bd8e,tecasint-5201-sd,,youngs_modulus,point,4500000000.0,,,Pa,typical,"{""product_form"": ""stock_shape""}",DIN EN ISO 527-2,ensinger-manual,Ensinger,Stock shapes — Engineering plastics manual,Snapshot 9b46c0ae1e72,"Page 97, Material standard values, column 8 (TECASINT 5201 SD), row Modulus of elasticity (tensile test)","4,500",MPa,4
obs-7bb44bb89589ec073b1a,tecasint-5201-sd,,ultimate_tensile_strength,point,85000000.0,,,Pa,typical,"{""product_form"": ""stock_shape""}",DIN EN ISO 527-2,ensinger-manual,Ensinger,Stock shapes — Engineering plastics manual,Snapshot 9b46c0ae1e72,"Page 97, Material standard values, column 8 (TECASINT 5201 SD), row Tensile strength",85,MPa,2
obs-9e3ae309e7a622740c98,tecasint-5201-sd,,elongation_at_break,point,0.04,,,1,typical,"{""product_form"": ""stock_shape""}",DIN EN ISO 527-2,ensinger-manual,Ensinger,Stock shapes — Engineering plastics manual,Snapshot 9b46c0ae1e72,"Page 97, Material standard values, column 8 (TECASINT 5201 SD), row Elongation at break",4.0,%,2
obs-b0e43b0e0e14e36fd598,tecasint-5201-sd,,flexural_strength,point,135000000.0,,,Pa,typical,"{""product_form"": ""stock_shape""}",DIN EN ISO 178,ensinger-manual,Ensinger,Stock shapes — Engineering plastics manual,Snapshot 9b46c0ae1e72,"Page 97, Material standard values, column 8 (TECASINT 5201 SD), row Flexural strength",135,MPa,3
obs-1752707aefbddbb2cffa,tecasint-8001,,density,point,1880.0,,,kg/m^3,typical,"{""product_form"": ""stock_shape""}",DIN EN ISO 1183,ensinger-manual,Ensinger,Stock shapes — Engineering plastics manual,Snapshot 9b46c0ae1e72,"Page 97, Material standard values, column 9 (TECASINT 8001), row Density",1.88,g/cm³,3
obs-18db6c4ce484653aadaa,tecasint-8001,,ultimate_tensile_strength,point,15000000.0,,,Pa,typical,"{""product_form"": ""stock_shape""}",DIN EN ISO 527-2,ensinger-manual,Ensinger,Stock shapes — Engineering plastics manual,Snapshot 9b46c0ae1e72,"Page 97, Material standard values, column 9 (TECASINT 8001), row Tensile strength",15,MPa,2
obs-2819f465335414dbcd63,tecasint-8001,,elongation_at_break,point,2.0,,,1,typical,"{""product_form"": ""stock_shape""}",DIN EN ISO 527-2,ensinger-manual,Ensinger,Stock shapes — Engineering plastics manual,Snapshot 9b46c0ae1e72,"Page 97, Material standard values, column 9 (TECASINT 8001), row Elongation at break",200,%,3
obs-8c08e197e987359e6604,tecasint-8001,,thermal_conductivity,point,0.25,,,W/(m*K),typical,"{""product_form"": ""stock_shape""}",ISO 8302,ensinger-manual,Ensinger,Stock shapes — Engineering plastics manual,Snapshot 9b46c0ae1e72,"Page 97, Material standard values, column 9 (TECASINT 8001), row Thermal conductivity",0.25,W/(m·K),2
obs-108b4ff2bc640b4b2cad,coorstek-porcelain,,density,point,2400.0,,,kg/m^3,typical,{},ASTM C20,coorstek,CoorsTek,Ceramic Material Properties,Snapshot 9de5bd60a1b8,"Page 1, column 1 (Porcelain), row Density",2.40,g/cm³,3
obs-c651992521b8009a9e20,coorstek-porcelain,,youngs_modulus,point,104000000000.0,,,Pa,typical,"{""temperature_K"": 293.15}",ASTM C848,coorstek,CoorsTek,Ceramic Material Properties,Snapshot 9de5bd60a1b8,"Page 1, column 1 (Porcelain), row Elastic Modulus, 20 °C",104,GPa,3
obs-63aba61605a9bce010fb,coorstek-porcelain,,thermal_conductivity,point,5.0,,,W/(m*K),typical,"{""temperature_K"": 293.15}",ASTM C408,coorstek,CoorsTek,Ceramic Material Properties,Snapshot 9de5bd60a1b8,"Page 1, column 1 (Porcelain), row Thermal Conductivity, 20 °C",5.0,W/(m·K),2
obs-f1a9d3504e6c5682edc1,coorstek-porcelain,,flexural_strength,point,130000000.0,,,Pa,typical,"{""temperature_K"": 293.15}",ASTM F417; four-point bend,coorstek,CoorsTek,Ceramic Material Properties,Snapshot 9de5bd60a1b8,"Page 1, column 1 (Porcelain), row Flexural Strength (MOR), 20 °C",130,MPa,3
obs-fc4f917a34ee1fe3ba5c,coorstek-steatite,,density,point,2780.0,,,kg/m^3,typical,{},ASTM C20,coorstek,CoorsTek,Ceramic Material Properties,Snapshot 9de5bd60a1b8,"Page 1, column 2 (Steatite), row Density",2.78,g/cm³,3
obs-c28e246d5dbab6a147e5,coorstek-steatite,,youngs_modulus,point,110000000000.0,,,Pa,typical,"{""temperature_K"": 293.15}",ASTM C848,coorstek,CoorsTek,Ceramic Material Properties,Snapshot 9de5bd60a1b8,"Page 1, column 2 (Steatite), row Elastic Modulus, 20 °C",110,GPa,3
obs-0ee9b0fe4c81c6a88758,coorstek-steatite,,thermal_conductivity,point,2.5,,,W/(m*K),typical,"{""temperature_K"": 293.15}",ASTM C408,coorstek,CoorsTek,Ceramic Material Properties,Snapshot 9de5bd60a1b8,"Page 1, column 2 (Steatite), row Thermal Conductivity, 20 °C",2.5,W/(m·K),2
obs-f15dce713717b82a3ea4,coorstek-steatite,,flexural_strength,point,140000000.0,,,Pa,typical,"{""temperature_K"": 293.15}",ASTM F417; four-point bend,coorstek,CoorsTek,Ceramic Material Properties,Snapshot 9de5bd60a1b8,"Page 1, column 2 (Steatite), row Flexural Strength (MOR), 20 °C",140,MPa,3
obs-22e035895b974dbe2995,coorstek-cordierite,,density,point,2050.0,,,kg/m^3,typical,{},ASTM C20,coorstek,CoorsTek,Ceramic Material Properties,Snapshot 9de5bd60a1b8,"Page 1, column 3 (Cordierite), row Density",2.05,g/cm³,3
obs-5d59828ae417e845d1a7,coorstek-cordierite,,youngs_modulus,point,40000000000.0,,,Pa,typical,"{""temperature_K"": 293.15}",ASTM C848,coorstek,CoorsTek,Ceramic Material Properties,Snapshot 9de5bd60a1b8,"Page 1, column 3 (Cordierite), row Elastic Modulus, 20 °C",40,GPa,2
obs-f0e59589390a2816a1a7,coorstek-cordierite,,thermal_conductivity,point,1.6,,,W/(m*K),typical,"{""temperature_K"": 293.15}",ASTM C408,coorstek,CoorsTek,Ceramic Material Properties,Snapshot 9de5bd60a1b8,"Page 1, column 3 (Cordierite), row Thermal Conductivity, 20 °C",1.6,W/(m·K),2
obs-18db719b35f463cd9c31,coorstek-cordierite,,flexural_strength,point,55000000.0,,,Pa,typical,"{""temperature_K"": 293.15}",ASTM F417; four-point bend,coorstek,CoorsTek,Ceramic Material Properties,Snapshot 9de5bd60a1b8,"Page 1, column 3 (Cordierite), row Flexural Strength (MOR), 20 °C",55,MPa,2
obs-45027b1e8dd692742156,coorstek-mullite,,density,point,2800.0,,,kg/m^3,typical,{},ASTM C20,coorstek,CoorsTek,Ceramic Material Properties,Snapshot 9de5bd60a1b8,"Page 1, column 4 (Mullite), row Density",2.80,g/cm³,3
obs-bc95e3679149c6d22983,coorstek-mullite,,youngs_modulus,point,150000000000.0,,,Pa,typical,"{""temperature_K"": 293.15}",ASTM C848,coorstek,CoorsTek,Ceramic Material Properties,Snapshot 9de5bd60a1b8,"Page 1, column 4 (Mullite), row Elastic Modulus, 20 °C",150,GPa,3
obs-ace46acfafebdd7c4fc8,coorstek-mullite,,thermal_conductivity,point,3.5,,,W/(m*K),typical,"{""temperature_K"": 293.15}",ASTM C408,coorstek,CoorsTek,Ceramic Material Properties,Snapshot 9de5bd60a1b8,"Page 1, column 4 (Mullite), row Thermal Conductivity, 20 °C",3.5,W/(m·K),2
obs-78ee5e5dd199df47e9e1,coorstek-mullite,,flexural_strength,point,170000000.0,,,Pa,typical,"{""temperature_K"": 293.15}",ASTM F417; four-point bend,coorstek,CoorsTek,Ceramic Material Properties,Snapshot 9de5bd60a1b8,"Page 1, column 4 (Mullite), row Flexural Strength (MOR), 20 °C",170,MPa,3
obs-0e8a3f5ba12051a4bc01,coorstek-mullite,,specific_heat,point,950.0,,,J/(kg*K),typical,"{""temperature_K"": 373.15}",ASTM E1269,coorstek,CoorsTek,Ceramic Material Properties,Snapshot 9de5bd60a1b8,"Page 1, column 4 (Mullite), row Specific Heat, 100 °C",950,J/(kg·K),3
obs-6bcca6cd85f719ff3008,coorstek-ad-85,,density,point,3420.0,,,kg/m^3,typical,{},ASTM C20,coorstek,CoorsTek,Ceramic Material Properties,Snapshot 9de5bd60a1b8,"Page 1, column 5 (AD-85), row Density",3.42,g/cm³,3
obs-91e22b28f444e7194ea8,coorstek-ad-85,,youngs_modulus,point,221000000000.0,,,Pa,typical,"{""temperature_K"": 293.15}",ASTM C848,coorstek,CoorsTek,Ceramic Material Properties,Snapshot 9de5bd60a1b8,"Page 1, column 5 (AD-85), row Elastic Modulus, 20 °C",221,GPa,3
obs-af350728e6f8242297fa,coorstek-ad-85,,thermal_conductivity,point,16.0,,,W/(m*K),typical,"{""temperature_K"": 293.15}",ASTM C408,coorstek,CoorsTek,Ceramic Material Properties,Snapshot 9de5bd60a1b8,"Page 1, column 5 (AD-85), row Thermal Conductivity, 20 °C",16.0,W/(m·K),3
obs-00a6440e67122d441f58,coorstek-ad-85,,flexural_strength,point,296000000.0,,,Pa,typical,"{""temperature_K"": 293.15}",ASTM F417; four-point bend,coorstek,CoorsTek,Ceramic Material Properties,Snapshot 9de5bd60a1b8,"Page 1, column 5 (AD-85), row Flexural Strength (MOR), 20 °C",296,MPa,3
obs-fbb1a4ca40e238f3a2ac,coorstek-ad-85,,poissons_ratio,point,0.22,,,1,typical,"{""temperature_K"": 293.15}",ASTM C848,coorstek,CoorsTek,Ceramic Material Properties,Snapshot 9de5bd60a1b8,"Page 1, column 5 (AD-85), row Poisson’s Ratio, 20 °C",0.22,1,2
obs-a4d33001487132f2998b,coorstek-ad-85,,specific_heat,point,920.0,,,J/(kg*K),typical,"{""temperature_K"": 373.15}",ASTM E1269,coorstek,CoorsTek,Ceramic Material Properties,Snapshot 9de5bd60a1b8,"Page 1, column 5 (AD-85), row Specific Heat, 100 °C",920,J/(kg·K),3
obs-3d3e99bf22815b862c7b,coorstek-ad-90,,density,point,3600.0,,,kg/m^3,typical,{},ASTM C20,coorstek,CoorsTek,Ceramic Material Properties,Snapshot 9de5bd60a1b8,"Page 1, column 6 (AD-90), row Density",3.60,g/cm³,3
obs-e6fc793b3c0e6f3fd6c6,coorstek-ad-90,,youngs_modulus,point,276000000000.0,,,Pa,typical,"{""temperature_K"": 293.15}",ASTM C848,coorstek,CoorsTek,Ceramic Material Properties,Snapshot 9de5bd60a1b8,"Page 1, column 6 (AD-90), row Elastic Modulus, 20 °C",276,GPa,3
obs-149ee74327c5ecfeb14e,coorstek-ad-90,,thermal_conductivity,point,16.7,,,W/(m*K),typical,"{""temperature_K"": 293.15}",ASTM C408,coorstek,CoorsTek,Ceramic Material Properties,Snapshot 9de5bd60a1b8,"Page 1, column 6 (AD-90), row Thermal Conductivity, 20 °C",16.7,W/(m·K),3
obs-b5bfc2fadc6e10358606,coorstek-ad-90,,flexural_strength,point,338000000.0,,,Pa,typical,"{""temperature_K"": 293.15}",ASTM F417; four-point bend,coorstek,CoorsTek,Ceramic Material Properties,Snapshot 9de5bd60a1b8,"Page 1, column 6 (AD-90), row Flexural Strength (MOR), 20 °C",338,MPa,3
obs-a71978bfe4be67f0dad4,coorstek-ad-90,,poissons_ratio,point,0.22,,,1,typical,"{""temperature_K"": 293.15}",ASTM C848,coorstek,CoorsTek,Ceramic Material Properties,Snapshot 9de5bd60a1b8,"Page 1, column 6 (AD-90), row Poisson’s Ratio, 20 °C",0.22,1,2
obs-7dfeb7d877d1564073cc,coorstek-ad-90,,specific_heat,point,920.0,,,J/(kg*K),typical,"{""temperature_K"": 373.15}",ASTM E1269,coorstek,CoorsTek,Ceramic Material Properties,Snapshot 9de5bd60a1b8,"Page 1, column 6 (AD-90), row Specific Heat, 100 °C",920,J/(kg·K),3
obs-a3eeb42045361d7f80b1,coorstek-ad-94,,density,point,3700.0,,,kg/m^3,typical,{},ASTM C20,coorstek,CoorsTek,Ceramic Material Properties,Snapshot 9de5bd60a1b8,"Page 1, column 7 (AD-94), row Density",3.70,g/cm³,3
obs-6f132c00725441e6f2de,coorstek-ad-94,,youngs_modulus,point,303000000000.0,,,Pa,typical,"{""temperature_K"": 293.15}",ASTM C848,coorstek,CoorsTek,Ceramic Material Properties,Snapshot 9de5bd60a1b8,"Page 1, column 7 (AD-94), row Elastic Modulus, 20 °C",303,GPa,3
obs-5865c1b8a2cd6673c438,coorstek-ad-94,,thermal_conductivity,point,22.4,,,W/(m*K),typical,"{""temperature_K"": 293.15}",ASTM C408,coorstek,CoorsTek,Ceramic Material Properties,Snapshot 9de5bd60a1b8,"Page 1, column 7 (AD-94), row Thermal Conductivity, 20 °C",22.4,W/(m·K),3
obs-a83c3dbe5e2d04ead7f4,coorstek-ad-94,,flexural_strength,point,352000000.0,,,Pa,typical,"{""temperature_K"": 293.15}",ASTM F417; four-point bend,coorstek,CoorsTek,Ceramic Material Properties,Snapshot 9de5bd60a1b8,"Page 1, column 7 (AD-94), row Flexural Strength (MOR), 20 °C",352,MPa,3
obs-672122ace9bd74a256da,coorstek-ad-94,,poissons_ratio,point,0.21,,,1,typical,"{""temperature_K"": 293.15}",ASTM C848,coorstek,CoorsTek,Ceramic Material Properties,Snapshot 9de5bd60a1b8,"Page 1, column 7 (AD-94), row Poisson’s Ratio, 20 °C",0.21,1,2
obs-d8cbac7c97e02129a011,coorstek-ad-94,,specific_heat,point,880.0,,,J/(kg*K),typical,"{""temperature_K"": 373.15}",ASTM E1269,coorstek,CoorsTek,Ceramic Material Properties,Snapshot 9de5bd60a1b8,"Page 1, column 7 (AD-94), row Specific Heat, 100 °C",880,J/(kg·K),3
obs-808acf1310f5d5e983ce,coorstek-ad-96,,density,point,3720.0,,,kg/m^3,typical,{},ASTM C20,coorstek,CoorsTek,Ceramic Material Properties,Snapshot 9de5bd60a1b8,"Page 1, column 8 (AD-96), row Density",3.72,g/cm³,3
obs-2d3dae3ba2d4b0e1b040,coorstek-ad-96,,youngs_modulus,point,303000000000.0,,,Pa,typical,"{""temperature_K"": 293.15}",ASTM C848,coorstek,CoorsTek,Ceramic Material Properties,Snapshot 9de5bd60a1b8,"Page 1, column 8 (AD-96), row Elastic Modulus, 20 °C",303,GPa,3
obs-72367cae78100442f470,coorstek-ad-96,,thermal_conductivity,point,24.7,,,W/(m*K),typical,"{""temperature_K"": 293.15}",ASTM C408,coorstek,CoorsTek,Ceramic Material Properties,Snapshot 9de5bd60a1b8,"Page 1, column 8 (AD-96), row Thermal Conductivity, 20 °C",24.7,W/(m·K),3
obs-1d4c88f5fd9c48ea61ed,coorstek-ad-96,,flexural_strength,point,358000000.0,,,Pa,typical,"{""temperature_K"": 293.15}",ASTM F417; four-point bend,coorstek,CoorsTek,Ceramic Material Properties,Snapshot 9de5bd60a1b8,"Page 1, column 8 (AD-96), row Flexural Strength (MOR), 20 °C",358,MPa,3
obs-6eec5dfb9fe3f856dffe,coorstek-ad-96,,poissons_ratio,point,0.21,,,1,typical,"{""temperature_K"": 293.15}",ASTM C848,coorstek,CoorsTek,Ceramic Material Properties,Snapshot 9de5bd60a1b8,"Page 1, column 8 (AD-96), row Poisson’s Ratio, 20 °C",0.21,1,2
obs-7a4272806d4f0b9bca61,coorstek-ad-96,,specific_heat,point,880.0,,,J/(kg*K),typical,"{""temperature_K"": 373.15}",ASTM E1269,coorstek,CoorsTek,Ceramic Material Properties,Snapshot 9de5bd60a1b8,"Page 1, column 8 (AD-96), row Specific Heat, 100 °C",880,J/(kg·K),3
obs-85d368b2ca800f0338ca,coorstek-fg-995,,density,point,3800.0,,,kg/m^3,typical,{},ASTM C20,coorstek,CoorsTek,Ceramic Material Properties,Snapshot 9de5bd60a1b8,"Page 1, column 9 (FG-995), row Density",3.80,g/cm³,3
obs-73bf2c02e234728baf0f,coorstek-fg-995,,youngs_modulus,point,350000000000.0,,,Pa,typical,"{""temperature_K"": 293.15}",ASTM C848,coorstek,CoorsTek,Ceramic Material Properties,Snapshot 9de5bd60a1b8,"Page 1, column 9 (FG-995), row Elastic Modulus, 20 °C",350,GPa,3
obs-f725da9f5459aef696dd,coorstek-fg-995,,thermal_conductivity,point,27.5,,,W/(m*K),typical,"{""temperature_K"": 293.15}",ASTM C408,coorstek,CoorsTek,Ceramic Material Properties,Snapshot 9de5bd60a1b8,"Page 1, column 9 (FG-995), row Thermal Conductivity, 20 °C",27.5,W/(m·K),3
obs-d46d6dfd3c7abeaec7e7,coorstek-fg-995,,flexural_strength,point,375000000.0,,,Pa,typical,"{""temperature_K"": 293.15}",ASTM F417; four-point bend,coorstek,CoorsTek,Ceramic Material Properties,Snapshot 9de5bd60a1b8,"Page 1, column 9 (FG-995), row Flexural Strength (MOR), 20 °C",375,MPa,3
obs-77738113fceb5ca5e4de,coorstek-fg-995,,poissons_ratio,point,0.22,,,1,typical,"{""temperature_K"": 293.15}",ASTM C848,coorstek,CoorsTek,Ceramic Material Properties,Snapshot 9de5bd60a1b8,"Page 1, column 9 (FG-995), row Poisson’s Ratio, 20 °C",0.22,1,2
obs-54a2b9e023dee5ac62ba,coorstek-fg-995,,specific_heat,point,880.0,,,J/(kg*K),typical,"{""temperature_K"": 373.15}",ASTM E1269,coorstek,CoorsTek,Ceramic Material Properties,Snapshot 9de5bd60a1b8,"Page 1, column 9 (FG-995), row Specific Heat, 100 °C",880,J/(kg·K),3
obs-97f5687b38021842f1b6,coorstek-ad-995,,density,point,3900.0,,,kg/m^3,typical,{},ASTM C20,coorstek,CoorsTek,Ceramic Material Properties,Snapshot 9de5bd60a1b8,"Page 1, column 10 (AD-995), row Density",3.90,g/cm³,3
obs-af38916fd248c9002f0e,coorstek-ad-995,,youngs_modulus,point,370000000000.0,,,Pa,typical,"{""temperature_K"": 293.15}",ASTM C848,coorstek,CoorsTek,Ceramic Material Properties,Snapshot 9de5bd60a1b8,"Page 1, column 10 (AD-995), row Elastic Modulus, 20 °C",370,GPa,3
obs-d1b1a0c59b9b8a9f8ef9,coorstek-ad-995,,thermal_conductivity,point,30.0,,,W/(m*K),typical,"{""temperature_K"": 293.15}",ASTM C408,coorstek,CoorsTek,Ceramic Material Properties,Snapshot 9de5bd60a1b8,"Page 1, column 10 (AD-995), row Thermal Conductivity, 20 °C",30.0,W/(m·K),3
obs-01d41f81acdc8c5f9a00,coorstek-ad-995,,flexural_strength,point,379000000.0,,,Pa,typical,"{""temperature_K"": 293.15}",ASTM F417; four-point bend,coorstek,CoorsTek,Ceramic Material Properties,Snapshot 9de5bd60a1b8,"Page 1, column 10 (AD-995), row Flexural Strength (MOR), 20 °C",379,MPa,3
obs-d3804c994bdbe6377800,coorstek-ad-995,,poissons_ratio,point,0.22,,,1,typical,"{""temperature_K"": 293.15}",ASTM C848,coorstek,CoorsTek,Ceramic Material Properties,Snapshot 9de5bd60a1b8,"Page 1, column 10 (AD-995), row Poisson’s Ratio, 20 °C",0.22,1,2
obs-9f249ee374ef850bdb80,coorstek-ad-995,,specific_heat,point,880.0,,,J/(kg*K),typical,"{""temperature_K"": 373.15}",ASTM E1269,coorstek,CoorsTek,Ceramic Material Properties,Snapshot 9de5bd60a1b8,"Page 1, column 10 (AD-995), row Specific Heat, 100 °C",880,J/(kg·K),3
obs-0573846c0f5c58d08e49,coorstek-plasmapure-ad-998,,density,point,3920.0,,,kg/m^3,typical,{},ASTM C20,coorstek,CoorsTek,Ceramic Material Properties,Snapshot 9de5bd60a1b8,"Page 1, column 11 (PlasmaPure AD-998), row Density",3.92,g/cm³,3
obs-84c11f46feb498a87998,coorstek-plasmapure-ad-998,,youngs_modulus,point,380000000000.0,,,Pa,typical,"{""temperature_K"": 293.15}",ASTM C848,coorstek,CoorsTek,Ceramic Material Properties,Snapshot 9de5bd60a1b8,"Page 1, column 11 (PlasmaPure AD-998), row Elastic Modulus, 20 °C",380,GPa,3
obs-b7977666e01236df5468,coorstek-plasmapure-ad-998,,thermal_conductivity,point,31.0,,,W/(m*K),typical,"{""temperature_K"": 293.15}",ASTM C408,coorstek,CoorsTek,Ceramic Material Properties,Snapshot 9de5bd60a1b8,"Page 1, column 11 (PlasmaPure AD-998), row Thermal Conductivity, 20 °C",31.0,W/(m·K),3
obs-160701f4b59b9b9fa2d4,coorstek-plasmapure-ad-998,,flexural_strength,point,390000000.0,,,Pa,typical,"{""temperature_K"": 293.15}",ASTM F417; four-point bend,coorstek,CoorsTek,Ceramic Material Properties,Snapshot 9de5bd60a1b8,"Page 1, column 11 (PlasmaPure AD-998), row Flexural Strength (MOR), 20 °C",390,MPa,3
obs-478487a51baa32e5fc2c,coorstek-plasmapure-ad-998,,poissons_ratio,point,0.22,,,1,typical,"{""temperature_K"": 293.15}",ASTM C848,coorstek,CoorsTek,Ceramic Material Properties,Snapshot 9de5bd60a1b8,"Page 1, column 11 (PlasmaPure AD-998), row Poisson’s Ratio, 20 °C",0.22,1,2
obs-a85dfe1dabbb8775e21d,coorstek-plasmapure-ad-998,,specific_heat,point,880.0,,,J/(kg*K),typical,"{""temperature_K"": 373.15}",ASTM E1269,coorstek,CoorsTek,Ceramic Material Properties,Snapshot 9de5bd60a1b8,"Page 1, column 11 (PlasmaPure AD-998), row Specific Heat, 100 °C",880,J/(kg·K),3
obs-820fd5c5d135de94b7dc,coorstek-plasmapure-uc,,density,point,3920.0,,,kg/m^3,typical,{},ASTM C20,coorstek,CoorsTek,Ceramic Material Properties,Snapshot 9de5bd60a1b8,"Page 1, column 12 (PlasmaPure-UC), row Density",3.92,g/cm³,3
obs-b04465d7a0161932b355,coorstek-plasmapure-uc,,youngs_modulus,point,386000000000.0,,,Pa,typical,"{""temperature_K"": 293.15}",ASTM C848,coorstek,CoorsTek,Ceramic Material Properties,Snapshot 9de5bd60a1b8,"Page 1, column 12 (PlasmaPure-UC), row Elastic Modulus, 20 °C",386,GPa,3
obs-e24988389378a144f3fc,coorstek-plasmapure-uc,,thermal_conductivity,point,33.0,,,W/(m*K),typical,"{""temperature_K"": 293.15}",ASTM C408,coorstek,CoorsTek,Ceramic Material Properties,Snapshot 9de5bd60a1b8,"Page 1, column 12 (PlasmaPure-UC), row Thermal Conductivity, 20 °C",33.0,W/(m·K),3
obs-d775f65cf70448ca409e,coorstek-plasmapure-uc,,flexural_strength,point,400000000.0,,,Pa,typical,"{""temperature_K"": 293.15}",ASTM F417; four-point bend,coorstek,CoorsTek,Ceramic Material Properties,Snapshot 9de5bd60a1b8,"Page 1, column 12 (PlasmaPure-UC), row Flexural Strength (MOR), 20 °C",400,MPa,3
obs-7daa204d4a7ea6868799,coorstek-plasmapure-uc,,poissons_ratio,point,0.22,,,1,typical,"{""temperature_K"": 293.15}",ASTM C848,coorstek,CoorsTek,Ceramic Material Properties,Snapshot 9de5bd60a1b8,"Page 1, column 12 (PlasmaPure-UC), row Poisson’s Ratio, 20 °C",0.22,1,2
obs-9df2bb54c243a0107750,coorstek-plasmapure-uc,,specific_heat,point,870.0,,,J/(kg*K),typical,"{""temperature_K"": 373.15}",ASTM E1269,coorstek,CoorsTek,Ceramic Material Properties,Snapshot 9de5bd60a1b8,"Page 1, column 12 (PlasmaPure-UC), row Specific Heat, 100 °C",870,J/(kg·K),3
obs-ce657e0bdf3f2d0acfce,coorstek-esd-alumina,,density,point,3850.0,,,kg/m^3,typical,{},ASTM C20,coorstek,CoorsTek,Ceramic Material Properties,Snapshot 9de5bd60a1b8,"Page 1, column 13 (ESD Alumina), row Density",3.85,g/cm³,3
obs-b21e6b278f1ee77d5c56,coorstek-esd-alumina,,youngs_modulus,point,370000000000.0,,,Pa,typical,"{""temperature_K"": 293.15}",ASTM C848,coorstek,CoorsTek,Ceramic Material Properties,Snapshot 9de5bd60a1b8,"Page 1, column 13 (ESD Alumina), row Elastic Modulus, 20 °C",370,GPa,3
obs-b6fdd7008b3a7f3d9dba,coorstek-esd-alumina,,thermal_conductivity,point,25.0,,,W/(m*K),typical,"{""temperature_K"": 293.15}",ASTM C408,coorstek,CoorsTek,Ceramic Material Properties,Snapshot 9de5bd60a1b8,"Page 1, column 13 (ESD Alumina), row Thermal Conductivity, 20 °C",25,W/(m·K),2
obs-1b33a45d631989371591,coorstek-esd-alumina,,flexural_strength,point,300000000.0,,,Pa,typical,"{""temperature_K"": 293.15}",ASTM F417; four-point bend,coorstek,CoorsTek,Ceramic Material Properties,Snapshot 9de5bd60a1b8,"Page 1, column 13 (ESD Alumina), row Flexural Strength (MOR), 20 °C",300,MPa,3
obs-dbb6eba8ec2a370d1774,coorstek-esd-alumina,,poissons_ratio,point,0.22,,,1,typical,"{""temperature_K"": 293.15}",ASTM C848,coorstek,CoorsTek,Ceramic Material Properties,Snapshot 9de5bd60a1b8,"Page 1, column 13 (ESD Alumina), row Poisson’s Ratio, 20 °C",0.22,1,2
obs-116dc2977e542dd3d890,coorstek-zta-10,,density,point,4010.0,,,kg/m^3,typical,{},ASTM C20,coorstek,CoorsTek,Ceramic Material Properties,Snapshot 9de5bd60a1b8,"Page 1, column 14 (ZTA 10%), row Density",4.01,g/cm³,3
obs-4104c2d6f13590a79a1b,coorstek-zta-10,,youngs_modulus,point,360000000000.0,,,Pa,typical,"{""temperature_K"": 293.15}",ASTM C848,coorstek,CoorsTek,Ceramic Material Properties,Snapshot 9de5bd60a1b8,"Page 1, column 14 (ZTA 10%), row Elastic Modulus, 20 °C",360,GPa,3
obs-aff4a1d9665d54124200,coorstek-zta-10,,thermal_conductivity,point,27.0,,,W/(m*K),typical,"{""temperature_K"": 293.15}",ASTM C408,coorstek,CoorsTek,Ceramic Material Properties,Snapshot 9de5bd60a1b8,"Page 1, column 14 (ZTA 10%), row Thermal Conductivity, 20 °C",27.0,W/(m·K),3
obs-ab26c8bfffaa91c8da36,coorstek-zta-10,,flexural_strength,point,450000000.0,,,Pa,typical,"{""temperature_K"": 293.15}",ASTM F417; four-point bend,coorstek,CoorsTek,Ceramic Material Properties,Snapshot 9de5bd60a1b8,"Page 1, column 14 (ZTA 10%), row Flexural Strength (MOR), 20 °C",450,MPa,3
obs-221467cfec892454266b,coorstek-zta-10,,poissons_ratio,point,0.3,,,1,typical,"{""temperature_K"": 293.15}",ASTM C848,coorstek,CoorsTek,Ceramic Material Properties,Snapshot 9de5bd60a1b8,"Page 1, column 14 (ZTA 10%), row Poisson’s Ratio, 20 °C",0.30,1,2
obs-7554e57e76a60425cea7,coorstek-zta-10,,specific_heat,point,885.0,,,J/(kg*K),typical,"{""temperature_K"": 373.15}",ASTM E1269,coorstek,CoorsTek,Ceramic Material Properties,Snapshot 9de5bd60a1b8,"Page 1, column 14 (ZTA 10%), row Specific Heat, 100 °C",885,J/(kg·K),3
obs-b038d6aea5d28acb960e,coorstek-dura-z-ttz,,density,point,5720.0,,,kg/m^3,typical,{},ASTM C20,coorstek,CoorsTek,Ceramic Material Properties,Snapshot 9de5bd60a1b8,"Page 1, column 15 (Dura-Z TTZ), row Density",5.72,g/cm³,3
obs-e4d0f73ad703d3713f47,coorstek-dura-z-ttz,,youngs_modulus,point,200000000000.0,,,Pa,typical,"{""temperature_K"": 293.15}",ASTM C848,coorstek,CoorsTek,Ceramic Material Properties,Snapshot 9de5bd60a1b8,"Page 1, column 15 (Dura-Z TTZ), row Elastic Modulus, 20 °C",200,GPa,3
obs-686200624bc09fccb223,coorstek-dura-z-ttz,,thermal_conductivity,point,2.2,,,W/(m*K),typical,"{""temperature_K"": 293.15}",ASTM C408,coorstek,CoorsTek,Ceramic Material Properties,Snapshot 9de5bd60a1b8,"Page 1, column 15 (Dura-Z TTZ), row Thermal Conductivity, 20 °C",2.2,W/(m·K),2
obs-0d08b1e70c7a744d861b,coorstek-dura-z-ttz,,flexural_strength,point,900000000.0,,,Pa,typical,"{""temperature_K"": 293.15}",ASTM F417; four-point bend,coorstek,CoorsTek,Ceramic Material Properties,Snapshot 9de5bd60a1b8,"Page 1, column 15 (Dura-Z TTZ), row Flexural Strength (MOR), 20 °C",900,MPa,3
obs-85c5919170e9f5e0c03a,coorstek-dura-z-ttz,,poissons_ratio,point,0.3,,,1,typical,"{""temperature_K"": 293.15}",ASTM C848,coorstek,CoorsTek,Ceramic Material Properties,Snapshot 9de5bd60a1b8,"Page 1, column 15 (Dura-Z TTZ), row Poisson’s Ratio, 20 °C",0.30,1,2
obs-47bbdc5828a666731e78,coorstek-dura-z-ttz,,specific_heat,point,400.0,,,J/(kg*K),typical,"{""temperature_K"": 373.15}",ASTM E1269,coorstek,CoorsTek,Ceramic Material Properties,Snapshot 9de5bd60a1b8,"Page 1, column 15 (Dura-Z TTZ), row Specific Heat, 100 °C",400,J/(kg·K),3
obs-524acf38ecc0feb70cfa,coorstek-ytzp-sintered,,density,point,6020.0,,,kg/m^3,typical,{},ASTM C20,coorstek,CoorsTek,Ceramic Material Properties,Snapshot 9de5bd60a1b8,"Page 1, column 16 (YTZP sintered), row Density",6.02,g/cm³,3
obs-8796ae1fa0aa6979d346,coorstek-ytzp-sintered,,youngs_modulus,point,210000000000.0,,,Pa,typical,"{""temperature_K"": 293.15}",ASTM C848,coorstek,CoorsTek,Ceramic Material Properties,Snapshot 9de5bd60a1b8,"Page 1, column 16 (YTZP sintered), row Elastic Modulus, 20 °C",210,GPa,3
obs-b699b1883177f64176cf,coorstek-ytzp-sintered,,thermal_conductivity,point,2.2,,,W/(m*K),typical,"{""temperature_K"": 293.15}",ASTM C408,coorstek,CoorsTek,Ceramic Material Properties,Snapshot 9de5bd60a1b8,"Page 1, column 16 (YTZP sintered), row Thermal Conductivity, 20 °C",2.2,W/(m·K),2
obs-6bb37a0711d82e2a812d,coorstek-ytzp-sintered,,flexural_strength,point,1240000000.0,,,Pa,typical,"{""temperature_K"": 293.15}",ASTM F417; four-point bend,coorstek,CoorsTek,Ceramic Material Properties,Snapshot 9de5bd60a1b8,"Page 1, column 16 (YTZP sintered), row Flexural Strength (MOR), 20 °C",1240,MPa,4
obs-f554214087c15c9aede0,coorstek-ytzp-sintered,,poissons_ratio,point,0.3,,,1,typical,"{""temperature_K"": 293.15}",ASTM C848,coorstek,CoorsTek,Ceramic Material Properties,Snapshot 9de5bd60a1b8,"Page 1, column 16 (YTZP sintered), row Poisson’s Ratio, 20 °C",0.30,1,2
obs-5e5455c47ca25e520cce,coorstek-ytzp-sintered,,specific_heat,point,400.0,,,J/(kg*K),typical,"{""temperature_K"": 373.15}",ASTM E1269,coorstek,CoorsTek,Ceramic Material Properties,Snapshot 9de5bd60a1b8,"Page 1, column 16 (YTZP sintered), row Specific Heat, 100 °C",400,J/(kg·K),3
obs-4bb738c481796bab38d2,coorstek-ytzp-hiped,,density,point,6070.0,,,kg/m^3,typical,{},ASTM C20,coorstek,CoorsTek,Ceramic Material Properties,Snapshot 9de5bd60a1b8,"Page 1, column 17 (YTZP HIPed), row Density",6.07,g/cm³,3
obs-532daf5285bf7a417288,coorstek-ytzp-hiped,,youngs_modulus,point,210000000000.0,,,Pa,typical,"{""temperature_K"": 293.15}",ASTM C848,coorstek,CoorsTek,Ceramic Material Properties,Snapshot 9de5bd60a1b8,"Page 1, column 17 (YTZP HIPed), row Elastic Modulus, 20 °C",210,GPa,3
obs-75b661fc71a079fb7e97,coorstek-ytzp-hiped,,thermal_conductivity,point,2.2,,,W/(m*K),typical,"{""temperature_K"": 293.15}",ASTM C408,coorstek,CoorsTek,Ceramic Material Properties,Snapshot 9de5bd60a1b8,"Page 1, column 17 (YTZP HIPed), row Thermal Conductivity, 20 °C",2.2,W/(m·K),2
obs-68380a7a1e1bd030d82f,coorstek-ytzp-hiped,,flexural_strength,point,1720000000.0,,,Pa,typical,"{""temperature_K"": 293.15}",ASTM F417; four-point bend,coorstek,CoorsTek,Ceramic Material Properties,Snapshot 9de5bd60a1b8,"Page 1, column 17 (YTZP HIPed), row Flexural Strength (MOR), 20 °C",1720,MPa,4
obs-f7366aa6ab1df07b5d3d,coorstek-ytzp-hiped,,poissons_ratio,point,0.3,,,1,typical,"{""temperature_K"": 293.15}",ASTM C848,coorstek,CoorsTek,Ceramic Material Properties,Snapshot 9de5bd60a1b8,"Page 1, column 17 (YTZP HIPed), row Poisson’s Ratio, 20 °C",0.30,1,2
obs-31b9dfeb3c96e438b950,coorstek-ytzp-hiped,,specific_heat,point,400.0,,,J/(kg*K),typical,"{""temperature_K"": 373.15}",ASTM E1269,coorstek,CoorsTek,Ceramic Material Properties,Snapshot 9de5bd60a1b8,"Page 1, column 17 (YTZP HIPed), row Specific Heat, 100 °C",400,J/(kg·K),3
obs-95ff9cd37b6205f6e2f9,coorstek-sc-rb-sc-2,,density,point,3100.0,,,kg/m^3,typical,{},ASTM C20,coorstek,CoorsTek,Ceramic Material Properties,Snapshot 9de5bd60a1b8,"Page 1, column 18 (SC-RB SC-2), row Density",3.10,g/cm³,3
obs-511130d9e849ac22ed19,coorstek-sc-rb-sc-2,,youngs_modulus,point,393000000000.0,,,Pa,typical,"{""temperature_K"": 293.15}",ASTM C848,coorstek,CoorsTek,Ceramic Material Properties,Snapshot 9de5bd60a1b8,"Page 1, column 18 (SC-RB SC-2), row Elastic Modulus, 20 °C",393,GPa,3
obs-7e7c9e8331a942aecef9,coorstek-sc-rb-sc-2,,thermal_conductivity,point,125.0,,,W/(m*K),typical,"{""temperature_K"": 293.15}",ASTM C408,coorstek,CoorsTek,Ceramic Material Properties,Snapshot 9de5bd60a1b8,"Page 1, column 18 (SC-RB SC-2), row Thermal Conductivity, 20 °C",125.0,W/(m·K),4
obs-252811120aeaf8bbc53d,coorstek-sc-rb-sc-2,,flexural_strength,point,462000000.0,,,Pa,typical,"{""temperature_K"": 293.15}",ASTM F417; four-point bend,coorstek,CoorsTek,Ceramic Material Properties,Snapshot 9de5bd60a1b8,"Page 1, column 18 (SC-RB SC-2), row Flexural Strength (MOR), 20 °C",462,MPa,3
obs-33e0edfea9dccbc222dc,coorstek-sc-rb-sc-2,,poissons_ratio,point,0.2,,,1,typical,"{""temperature_K"": 293.15}",ASTM C848,coorstek,CoorsTek,Ceramic Material Properties,Snapshot 9de5bd60a1b8,"Page 1, column 18 (SC-RB SC-2), row Poisson’s Ratio, 20 °C",0.20,1,2
obs-4c360b2c7436d82413f8,coorstek-sc-rb-sc-2,,specific_heat,point,800.0,,,J/(kg*K),typical,"{""temperature_K"": 373.15}",ASTM E1269,coorstek,CoorsTek,Ceramic Material Properties,Snapshot 9de5bd60a1b8,"Page 1, column 18 (SC-RB SC-2), row Specific Heat, 100 °C",800,J/(kg·K),3
obs-55ebce636465a241b77f,coorstek-ultrasic-sc-30,,density,point,3150.0,,,kg/m^3,typical,{},ASTM C20,coorstek,CoorsTek,Ceramic Material Properties,Snapshot 9de5bd60a1b8,"Page 1, column 19 (UltraSiC SC-30), row Density",3.15,g/cm³,3
obs-6b053a9fde9dd7b0face,coorstek-ultrasic-sc-30,,youngs_modulus,point,410000000000.0,,,Pa,typical,"{""temperature_K"": 293.15}",ASTM C848,coorstek,CoorsTek,Ceramic Material Properties,Snapshot 9de5bd60a1b8,"Page 1, column 19 (UltraSiC SC-30), row Elastic Modulus, 20 °C",410,GPa,3
obs-582d854877d6d993d1e3,coorstek-ultrasic-sc-30,,thermal_conductivity,point,150.0,,,W/(m*K),typical,"{""temperature_K"": 293.15}",ASTM C408,coorstek,CoorsTek,Ceramic Material Properties,Snapshot 9de5bd60a1b8,"Page 1, column 19 (UltraSiC SC-30), row Thermal Conductivity, 20 °C",150.0,W/(m·K),4
obs-b1696b2f9727514ddcba,coorstek-ultrasic-sc-30,,flexural_strength,point,480000000.0,,,Pa,typical,"{""temperature_K"": 293.15}",ASTM F417; four-point bend,coorstek,CoorsTek,Ceramic Material Properties,Snapshot 9de5bd60a1b8,"Page 1, column 19 (UltraSiC SC-30), row Flexural Strength (MOR), 20 °C",480,MPa,3
obs-64a139e0d205ba9c1f1f,coorstek-ultrasic-sc-30,,poissons_ratio,point,0.21,,,1,typical,"{""temperature_K"": 293.15}",ASTM C848,coorstek,CoorsTek,Ceramic Material Properties,Snapshot 9de5bd60a1b8,"Page 1, column 19 (UltraSiC SC-30), row Poisson’s Ratio, 20 °C",0.21,1,2
obs-1d7d32ec47efde7adc23,coorstek-ultrasic-sc-30,,specific_heat,point,800.0,,,J/(kg*K),typical,"{""temperature_K"": 373.15}",ASTM E1269,coorstek,CoorsTek,Ceramic Material Properties,Snapshot 9de5bd60a1b8,"Page 1, column 19 (UltraSiC SC-30), row Specific Heat, 100 °C",800,J/(kg·K),3
obs-8fe182116a6150980fea,coorstek-puresic-cvd,,density,point,3210.0,,,kg/m^3,typical,{},ASTM C20,coorstek,CoorsTek,Ceramic Material Properties,Snapshot 9de5bd60a1b8,"Page 1, column 20 (PureSiC CVD), row Density",3.21,g/cm³,3
obs-7b422c347b20807a7a8e,coorstek-puresic-cvd,,youngs_modulus,interval,,435000000000.0,460000000000.0,Pa,typical,"{""temperature_K"": 293.15}",ASTM C848,coorstek,CoorsTek,Ceramic Material Properties,Snapshot 9de5bd60a1b8,"Page 1, column 20 (PureSiC CVD), row Elastic Modulus, 20 °C",435–460,GPa,3
obs-d5d6001644477f3094c0,coorstek-puresic-cvd,,thermal_conductivity,point,140.0,,,W/(m*K),typical,"{""temperature_K"": 293.15}",ASTM C408,coorstek,CoorsTek,Ceramic Material Properties,Snapshot 9de5bd60a1b8,"Page 1, column 20 (PureSiC CVD), row Thermal Conductivity, 20 °C",140.0,W/(m·K),4
obs-f8948e7e4f559cdc053e,coorstek-puresic-cvd,,flexural_strength,interval,,470000000.0,520000000.0,Pa,typical,"{""temperature_K"": 293.15}",ASTM F417; four-point bend,coorstek,CoorsTek,Ceramic Material Properties,Snapshot 9de5bd60a1b8,"Page 1, column 20 (PureSiC CVD), row Flexural Strength (MOR), 20 °C",470–520,MPa,3
obs-9f2a43591363e85f163d,coorstek-puresic-cvd,,poissons_ratio,point,0.21,,,1,typical,"{""temperature_K"": 293.15}",ASTM C848,coorstek,CoorsTek,Ceramic Material Properties,Snapshot 9de5bd60a1b8,"Page 1, column 20 (PureSiC CVD), row Poisson’s Ratio, 20 °C",0.21,1,2
obs-49c3454ec9b5d1e9a2aa,coorstek-puresic-cvd,,specific_heat,point,665.0,,,J/(kg*K),typical,"{""temperature_K"": 373.15}",ASTM E1269,coorstek,CoorsTek,Ceramic Material Properties,Snapshot 9de5bd60a1b8,"Page 1, column 20 (PureSiC CVD), row Specific Heat, 100 °C",665,J/(kg·K),3
obs-4dbb2fc0469282c224cf,coorstek-rbb4c,,density,point,2650.0,,,kg/m^3,typical,{},ASTM C20,coorstek,CoorsTek,Ceramic Material Properties,Snapshot 9de5bd60a1b8,"Page 1, column 21 (RBB4C), row Density",2.65,g/cm³,3
obs-b772c34171d8060d0bf0,coorstek-rbb4c,,youngs_modulus,point,379000000000.0,,,Pa,typical,"{""temperature_K"": 293.15}",ASTM C848,coorstek,CoorsTek,Ceramic Material Properties,Snapshot 9de5bd60a1b8,"Page 1, column 21 (RBB4C), row Elastic Modulus, 20 °C",379,GPa,3
obs-13808f1a29f616dd395e,coorstek-rbb4c,,thermal_conductivity,point,50.0,,,W/(m*K),typical,"{""temperature_K"": 293.15}",ASTM C408,coorstek,CoorsTek,Ceramic Material Properties,Snapshot 9de5bd60a1b8,"Page 1, column 21 (RBB4C), row Thermal Conductivity, 20 °C",50.0,W/(m·K),3
obs-619fc088619095da65d6,coorstek-rbb4c,,flexural_strength,point,250000000.0,,,Pa,typical,"{""temperature_K"": 293.15}",ASTM F417; four-point bend,coorstek,CoorsTek,Ceramic Material Properties,Snapshot 9de5bd60a1b8,"Page 1, column 21 (RBB4C), row Flexural Strength (MOR), 20 °C",250,MPa,3
obs-a0605cd736caff82bbfe,coorstek-rbb4c,,poissons_ratio,point,0.18,,,1,typical,"{""temperature_K"": 293.15}",ASTM C848,coorstek,CoorsTek,Ceramic Material Properties,Snapshot 9de5bd60a1b8,"Page 1, column 21 (RBB4C), row Poisson’s Ratio, 20 °C",0.18,1,2
obs-30a80ab1316288d05245,coorstek-hpb4c,,density,point,2500.0,,,kg/m^3,typical,{},ASTM C20,coorstek,CoorsTek,Ceramic Material Properties,Snapshot 9de5bd60a1b8,"Page 1, column 22 (HPB4C), row Density",2.5,g/cm³,2
obs-3ba634e7f82f4d5396eb,coorstek-hpb4c,,youngs_modulus,point,460000000000.0,,,Pa,typical,"{""temperature_K"": 293.15}",ASTM C848,coorstek,CoorsTek,Ceramic Material Properties,Snapshot 9de5bd60a1b8,"Page 1, column 22 (HPB4C), row Elastic Modulus, 20 °C",460,GPa,3
obs-3ab7d2d980c5bfa5e36a,coorstek-hpb4c,,thermal_conductivity,point,90.0,,,W/(m*K),typical,"{""temperature_K"": 293.15}",ASTM C408,coorstek,CoorsTek,Ceramic Material Properties,Snapshot 9de5bd60a1b8,"Page 1, column 22 (HPB4C), row Thermal Conductivity, 20 °C",90,W/(m·K),2
obs-3e9b16b0b1b00720572e,coorstek-hpb4c,,flexural_strength,point,410000000.0,,,Pa,typical,"{""temperature_K"": 293.15}",ASTM F417; four-point bend,coorstek,CoorsTek,Ceramic Material Properties,Snapshot 9de5bd60a1b8,"Page 1, column 22 (HPB4C), row Flexural Strength (MOR), 20 °C",410,MPa,3
obs-24b411d4181a19be499a,coorstek-hpb4c,,poissons_ratio,point,0.17,,,1,typical,"{""temperature_K"": 293.15}",ASTM C848,coorstek,CoorsTek,Ceramic Material Properties,Snapshot 9de5bd60a1b8,"Page 1, column 22 (HPB4C), row Poisson’s Ratio, 20 °C",0.17,1,2
obs-ef316f50417a26960f09,coorstek-wc-aci-ni6,,density,point,14900.0,,,kg/m^3,typical,{},ASTM C20,coorstek,CoorsTek,Ceramic Material Properties,Snapshot 9de5bd60a1b8,"Page 1, column 23 (WC ACI-NI6), row Density",14.90,g/cm³,4
obs-b0fb7f618b72453fd912,coorstek-wc-aci-ni6,,youngs_modulus,point,614000000000.0,,,Pa,typical,"{""temperature_K"": 293.15}",ASTM C848,coorstek,CoorsTek,Ceramic Material Properties,Snapshot 9de5bd60a1b8,"Page 1, column 23 (WC ACI-NI6), row Elastic Modulus, 20 °C",614,GPa,3
obs-2cae3ec5ff664b2696b9,coorstek-wc-aci-ni6,,thermal_conductivity,point,84.0,,,W/(m*K),typical,"{""temperature_K"": 293.15}",ASTM C408,coorstek,CoorsTek,Ceramic Material Properties,Snapshot 9de5bd60a1b8,"Page 1, column 23 (WC ACI-NI6), row Thermal Conductivity, 20 °C",84.0,W/(m·K),3
obs-a8fa4963dbf651a8b257,coorstek-wc-aci-ni6,,flexural_strength,point,2330000000.0,,,Pa,typical,"{""temperature_K"": 293.15}",ASTM F417; four-point bend,coorstek,CoorsTek,Ceramic Material Properties,Snapshot 9de5bd60a1b8,"Page 1, column 23 (WC ACI-NI6), row Flexural Strength (MOR), 20 °C",2330,MPa,4
obs-dd7da8e82fb5896b26e1,coorstek-hp-aln,,density,point,3260.0,,,kg/m^3,typical,{},ASTM C20,coorstek,CoorsTek,Ceramic Material Properties,Snapshot 9de5bd60a1b8,"Page 1, column 24 (HP AlN), row Density",3.26,g/cm³,3
obs-2c283fa7e1956037ca85,coorstek-hp-aln,,youngs_modulus,point,330000000000.0,,,Pa,typical,"{""temperature_K"": 293.15}",ASTM C848,coorstek,CoorsTek,Ceramic Material Properties,Snapshot 9de5bd60a1b8,"Page 1, column 24 (HP AlN), row Elastic Modulus, 20 °C",330,GPa,3
obs-80f20bf9d46f35833c58,coorstek-hp-aln,,thermal_conductivity,point,80.0,,,W/(m*K),typical,"{""temperature_K"": 293.15}",ASTM C408,coorstek,CoorsTek,Ceramic Material Properties,Snapshot 9de5bd60a1b8,"Page 1, column 24 (HP AlN), row Thermal Conductivity, 20 °C",80.0,W/(m·K),3
obs-820748938a8a4cf790cd,coorstek-hp-aln,,flexural_strength,point,340000000.0,,,Pa,typical,"{""temperature_K"": 293.15}",ASTM F417; four-point bend,coorstek,CoorsTek,Ceramic Material Properties,Snapshot 9de5bd60a1b8,"Page 1, column 24 (HP AlN), row Flexural Strength (MOR), 20 °C",340,MPa,3
obs-dd66ecf8f299dc05f4a1,coorstek-hp-aln,,poissons_ratio,point,0.25,,,1,typical,"{""temperature_K"": 293.15}",ASTM C848,coorstek,CoorsTek,Ceramic Material Properties,Snapshot 9de5bd60a1b8,"Page 1, column 24 (HP AlN), row Poisson’s Ratio, 20 °C",0.25,1,2
obs-59bc4f84ac78f5776dab,coorstek-hp-aln,,specific_heat,point,740.0,,,J/(kg*K),typical,"{""temperature_K"": 373.15}",ASTM E1269,coorstek,CoorsTek,Ceramic Material Properties,Snapshot 9de5bd60a1b8,"Page 1, column 24 (HP AlN), row Specific Heat, 100 °C",740,J/(kg·K),3
obs-f4c9b19a9592ae21457e,coorstek-sn-101c,,density,point,3210.0,,,kg/m^3,typical,{},ASTM C20,coorstek,CoorsTek,Ceramic Material Properties,Snapshot 9de5bd60a1b8,"Page 1, column 25 (SN 101C), row Density",3.21,g/cm³,3
obs-5810528c9fbd4764a030,coorstek-sn-101c,,youngs_modulus,point,310000000000.0,,,Pa,typical,"{""temperature_K"": 293.15}",ASTM C848,coorstek,CoorsTek,Ceramic Material Properties,Snapshot 9de5bd60a1b8,"Page 1, column 25 (SN 101C), row Elastic Modulus, 20 °C",310,GPa,3
obs-82addd609a46d5e58288,coorstek-sn-101c,,thermal_conductivity,point,34.0,,,W/(m*K),typical,"{""temperature_K"": 293.15}",ASTM C408,coorstek,CoorsTek,Ceramic Material Properties,Snapshot 9de5bd60a1b8,"Page 1, column 25 (SN 101C), row Thermal Conductivity, 20 °C",34,W/(m·K),2
obs-fecf1a5903cfa69c4ab3,coorstek-sn-101c,,flexural_strength,point,1000000000.0,,,Pa,typical,"{""temperature_K"": 293.15}",ASTM F417; four-point bend,coorstek,CoorsTek,Ceramic Material Properties,Snapshot 9de5bd60a1b8,"Page 1, column 25 (SN 101C), row Flexural Strength (MOR), 20 °C",1000,MPa,4
obs-7967f5143ca5b75c1156,coorstek-sn-101c,,poissons_ratio,point,0.27,,,1,typical,"{""temperature_K"": 293.15}",ASTM C848,coorstek,CoorsTek,Ceramic Material Properties,Snapshot 9de5bd60a1b8,"Page 1, column 25 (SN 101C), row Poisson’s Ratio, 20 °C",0.27,1,2
obs-650c75bf6a3284d62824,coorstek-nbd-200,,density,point,3160.0,,,kg/m^3,typical,{},ASTM C20,coorstek,CoorsTek,Ceramic Material Properties,Snapshot 9de5bd60a1b8,"Page 1, column 26 (NBD-200), row Density",3.16,g/cm³,3
obs-0d728fbbc59fa7251ee3,coorstek-nbd-200,,youngs_modulus,point,320000000000.0,,,Pa,typical,"{""temperature_K"": 293.15}",ASTM C848,coorstek,CoorsTek,Ceramic Material Properties,Snapshot 9de5bd60a1b8,"Page 1, column 26 (NBD-200), row Elastic Modulus, 20 °C",320,GPa,3
obs-58487a48840a72b78f63,coorstek-nbd-200,,thermal_conductivity,point,29.0,,,W/(m*K),typical,"{""temperature_K"": 293.15}",ASTM C408,coorstek,CoorsTek,Ceramic Material Properties,Snapshot 9de5bd60a1b8,"Page 1, column 26 (NBD-200), row Thermal Conductivity, 20 °C",29,W/(m·K),2
obs-f07d726fa7d330d90846,coorstek-nbd-200,,flexural_strength,point,900000000.0,,,Pa,typical,"{""temperature_K"": 293.15}",ASTM F417; four-point bend,coorstek,CoorsTek,Ceramic Material Properties,Snapshot 9de5bd60a1b8,"Page 1, column 26 (NBD-200), row Flexural Strength (MOR), 20 °C",900,MPa,3
obs-7013b0822c9683f9edd8,coorstek-nbd-200,,poissons_ratio,point,0.26,,,1,typical,"{""temperature_K"": 293.15}",ASTM C848,coorstek,CoorsTek,Ceramic Material Properties,Snapshot 9de5bd60a1b8,"Page 1, column 26 (NBD-200), row Poisson’s Ratio, 20 °C",0.26,1,2
obs-edc9249f82b95afb2257,coorstek-nt-154,,density,point,3220.0,,,kg/m^3,typical,{},ASTM C20,coorstek,CoorsTek,Ceramic Material Properties,Snapshot 9de5bd60a1b8,"Page 1, column 27 (NT 154), row Density",3.22,g/cm³,3
obs-c1fba99ebccc5854364a,coorstek-nt-154,,youngs_modulus,point,310000000000.0,,,Pa,typical,"{""temperature_K"": 293.15}",ASTM C848,coorstek,CoorsTek,Ceramic Material Properties,Snapshot 9de5bd60a1b8,"Page 1, column 27 (NT 154), row Elastic Modulus, 20 °C",310,GPa,3
obs-c8ae69dd7b5d45abeb49,coorstek-nt-154,,thermal_conductivity,point,38.0,,,W/(m*K),typical,"{""temperature_K"": 293.15}",ASTM C408,coorstek,CoorsTek,Ceramic Material Properties,Snapshot 9de5bd60a1b8,"Page 1, column 27 (NT 154), row Thermal Conductivity, 20 °C",38,W/(m·K),2
obs-1b608037f28c2105368d,coorstek-nt-154,,flexural_strength,point,900000000.0,,,Pa,typical,"{""temperature_K"": 293.15}",ASTM F417; four-point bend,coorstek,CoorsTek,Ceramic Material Properties,Snapshot 9de5bd60a1b8,"Page 1, column 27 (NT 154), row Flexural Strength (MOR), 20 °C",900,MPa,3
obs-cde392c04700c44df2b3,coorstek-nt-154,,poissons_ratio,point,0.27,,,1,typical,"{""temperature_K"": 293.15}",ASTM C848,coorstek,CoorsTek,Ceramic Material Properties,Snapshot 9de5bd60a1b8,"Page 1, column 27 (NT 154), row Poisson’s Ratio, 20 °C",0.27,1,2
obs-977761b267059eab1dd4,coorstek-nt-154,,specific_heat,point,724.0,,,J/(kg*K),typical,"{""temperature_K"": 373.15}",ASTM E1269,coorstek,CoorsTek,Ceramic Material Properties,Snapshot 9de5bd60a1b8,"Page 1, column 27 (NT 154), row Specific Heat, 100 °C",724,J/(kg·K),3
obs-fce1969c6006558f33eb,stainless-core-304-4301,stainless-core-304-4301-reference,tensile_yield_strength,lower_bound,230000000.0,,,Pa,minimum,"{""product_form"": ""sheet"", ""temperature_K"": 293.15}",EN 10088-2,outokumpu-core,Outokumpu,Core range datasheet,Snapshot 91d2f4b13405,"Page 8, Core 304/4301, product form C, row Table 5, Rp0.2",230,MPa,3
obs-e1730efbb68a89e0b3e0,stainless-core-304-4301,stainless-core-304-4301-reference,ultimate_tensile_strength,interval,,540000000.0,750000000.0,Pa,specified_range,"{""product_form"": ""sheet"", ""temperature_K"": 293.15}",EN 10088-2,outokumpu-core,Outokumpu,Core range datasheet,Snapshot 91d2f4b13405,"Page 8, Core 304/4301, product form C, row Table 5, Rm",540–750,MPa,3
obs-7c93b5563829a430b062,stainless-core-304-4301,stainless-core-304-4301-reference,elongation_at_break,lower_bound,0.45,,,1,minimum,"{""product_form"": ""sheet"", ""temperature_K"": 293.15}",EN 10088-2,outokumpu-core,Outokumpu,Core range datasheet,Snapshot 91d2f4b13405,"Page 8, Core 304/4301, product form C, row Table 5, A80 (80 mm gauge length)",45,%,2
obs-f3ee5ec2e3419eeb50c8,stainless-core-304-4301,,density,point,7900.0,,,kg/m^3,typical,{},EN 10088-1,outokumpu-core,Outokumpu,Core range datasheet,Snapshot 91d2f4b13405,"Page 10, Core 304/4301, row Table 7, Density",7.9,kg/dm³,2
obs-6f47de9d69396a488f1a,stainless-core-304-4301,,youngs_modulus,point,200000000000.0,,,Pa,typical,"{""temperature_K"": 293.15}",EN 10088-1,outokumpu-core,Outokumpu,Core range datasheet,Snapshot 91d2f4b13405,"Page 10, Core 304/4301, row Table 7, Modulus of elasticity at 20 °C",200,GPa,3
obs-26cd0079e2bd25180773,stainless-core-304-4301,,thermal_conductivity,point,15.0,,,W/(m*K),typical,"{""temperature_K"": 293.15}",EN 10088-1,outokumpu-core,Outokumpu,Core range datasheet,Snapshot 91d2f4b13405,"Page 10, Core 304/4301, row Table 7, Thermal conductivity at 20 °C",15,W/(m·K),2
obs-8e6e51ad2aca5d8ef007,stainless-core-304-4301,,specific_heat,point,500.0,,,J/(kg*K),typical,"{""temperature_K"": 293.15}",EN 10088-1,outokumpu-core,Outokumpu,Core range datasheet,Snapshot 91d2f4b13405,"Page 10, Core 304/4301, row Table 7, Thermal capacity at 20 °C",500,J/(kg·K),3
obs-65e5f52338938d1e3496,stainless-core-304l-4307,stainless-core-304l-4307-reference,tensile_yield_strength,lower_bound,220000000.0,,,Pa,minimum,"{""product_form"": ""sheet"", ""temperature_K"": 293.15}",EN 10088-2,outokumpu-core,Outokumpu,Core range datasheet,Snapshot 91d2f4b13405,"Page 8, Core 304L/4307, product form C, row Table 5, Rp0.2",220,MPa,3
obs-e0c080897fdd884a3995,stainless-core-304l-4307,stainless-core-304l-4307-reference,ultimate_tensile_strength,interval,,520000000.0,700000000.0,Pa,specified_range,"{""product_form"": ""sheet"", ""temperature_K"": 293.15}",EN 10088-2,outokumpu-core,Outokumpu,Core range datasheet,Snapshot 91d2f4b13405,"Page 8, Core 304L/4307, product form C, row Table 5, Rm",520–700,MPa,3
obs-30353993057aa441601f,stainless-core-304l-4307,stainless-core-304l-4307-reference,elongation_at_break,lower_bound,0.45,,,1,minimum,"{""product_form"": ""sheet"", ""temperature_K"": 293.15}",EN 10088-2,outokumpu-core,Outokumpu,Core range datasheet,Snapshot 91d2f4b13405,"Page 8, Core 304L/4307, product form C, row Table 5, A80 (80 mm gauge length)",45,%,2
obs-b35538fb7617e3dc3436,stainless-core-304l-4307,,density,point,7900.0,,,kg/m^3,typical,{},EN 10088-1,outokumpu-core,Outokumpu,Core range datasheet,Snapshot 91d2f4b13405,"Page 10, Core 304L/4307, row Table 7, Density",7.9,kg/dm³,2
obs-15840a0046a47320ba09,stainless-core-304l-4307,,youngs_modulus,point,200000000000.0,,,Pa,typical,"{""temperature_K"": 293.15}",EN 10088-1,outokumpu-core,Outokumpu,Core range datasheet,Snapshot 91d2f4b13405,"Page 10, Core 304L/4307, row Table 7, Modulus of elasticity at 20 °C",200,GPa,3
obs-cc25483ad3211a8a2637,stainless-core-304l-4307,,thermal_conductivity,point,15.0,,,W/(m*K),typical,"{""temperature_K"": 293.15}",EN 10088-1,outokumpu-core,Outokumpu,Core range datasheet,Snapshot 91d2f4b13405,"Page 10, Core 304L/4307, row Table 7, Thermal conductivity at 20 °C",15,W/(m·K),2
obs-af5fad3384a7269b0c93,stainless-core-304l-4307,,specific_heat,point,500.0,,,J/(kg*K),typical,"{""temperature_K"": 293.15}",EN 10088-1,outokumpu-core,Outokumpu,Core range datasheet,Snapshot 91d2f4b13405,"Page 10, Core 304L/4307, row Table 7, Thermal capacity at 20 °C",500,J/(kg·K),3
obs-9c11abbd5f21f0861b07,stainless-core-304ln-4311,stainless-core-304ln-4311-reference,tensile_yield_strength,lower_bound,290000000.0,,,Pa,minimum,"{""product_form"": ""sheet"", ""temperature_K"": 293.15}",EN 10088-2,outokumpu-core,Outokumpu,Core range datasheet,Snapshot 91d2f4b13405,"Page 8, Core 304LN/4311, product form C, row Table 5, Rp0.2",290,MPa,3
obs-9b603e04b1c9cc550b8a,stainless-core-304ln-4311,stainless-core-304ln-4311-reference,ultimate_tensile_strength,interval,,550000000.0,750000000.0,Pa,specified_range,"{""product_form"": ""sheet"", ""temperature_K"": 293.15}",EN 10088-2,outokumpu-core,Outokumpu,Core range datasheet,Snapshot 91d2f4b13405,"Page 8, Core 304LN/4311, product form C, row Table 5, Rm",550–750,MPa,3
obs-90b5b6eb8762516112bc,stainless-core-304ln-4311,stainless-core-304ln-4311-reference,elongation_at_break,lower_bound,0.4,,,1,minimum,"{""product_form"": ""sheet"", ""temperature_K"": 293.15}",EN 10088-2,outokumpu-core,Outokumpu,Core range datasheet,Snapshot 91d2f4b13405,"Page 8, Core 304LN/4311, product form C, row Table 5, A80 (80 mm gauge length)",40,%,2
obs-c84af4655a117b5ee129,stainless-core-304ln-4311,,density,point,7900.0,,,kg/m^3,typical,{},EN 10088-1,outokumpu-core,Outokumpu,Core range datasheet,Snapshot 91d2f4b13405,"Page 10, Core 304LN/4311, row Table 7, Density",7.9,kg/dm³,2
obs-e07cd688784451f093b4,stainless-core-304ln-4311,,youngs_modulus,point,200000000000.0,,,Pa,typical,"{""temperature_K"": 293.15}",EN 10088-1,outokumpu-core,Outokumpu,Core range datasheet,Snapshot 91d2f4b13405,"Page 10, Core 304LN/4311, row Table 7, Modulus of elasticity at 20 °C",200,GPa,3
obs-00f9e02678500e7d4380,stainless-core-304ln-4311,,thermal_conductivity,point,15.0,,,W/(m*K),typical,"{""temperature_K"": 293.15}",EN 10088-1,outokumpu-core,Outokumpu,Core range datasheet,Snapshot 91d2f4b13405,"Page 10, Core 304LN/4311, row Table 7, Thermal conductivity at 20 °C",15,W/(m·K),2
obs-eb67ad1392de6e57b1ea,stainless-core-304ln-4311,,specific_heat,point,500.0,,,J/(kg*K),typical,"{""temperature_K"": 293.15}",EN 10088-1,outokumpu-core,Outokumpu,Core range datasheet,Snapshot 91d2f4b13405,"Page 10, Core 304LN/4311, row Table 7, Thermal capacity at 20 °C",500,J/(kg·K),3
obs-32dff2fe712e485654bf,stainless-core-304l-4306,stainless-core-304l-4306-reference,tensile_yield_strength,lower_bound,220000000.0,,,Pa,minimum,"{""product_form"": ""sheet"", ""temperature_K"": 293.15}",EN 10088-2,outokumpu-core,Outokumpu,Core range datasheet,Snapshot 91d2f4b13405,"Page 8, Core 304L/4306, product form C, row Table 5, Rp0.2",220,MPa,3
obs-8909fafa773da1404553,stainless-core-304l-4306,stainless-core-304l-4306-reference,ultimate_tensile_strength,interval,,520000000.0,700000000.0,Pa,specified_range,"{""product_form"": ""sheet"", ""temperature_K"": 293.15}",EN 10088-2,outokumpu-core,Outokumpu,Core range datasheet,Snapshot 91d2f4b13405,"Page 8, Core 304L/4306, product form C, row Table 5, Rm",520–700,MPa,3
obs-149635fd5cadc00fb682,stainless-core-304l-4306,stainless-core-304l-4306-reference,elongation_at_break,lower_bound,0.45,,,1,minimum,"{""product_form"": ""sheet"", ""temperature_K"": 293.15}",EN 10088-2,outokumpu-core,Outokumpu,Core range datasheet,Snapshot 91d2f4b13405,"Page 8, Core 304L/4306, product form C, row Table 5, A80 (80 mm gauge length)",45,%,2
obs-59beb7ec5b0bd8c8048b,stainless-core-304l-4306,,density,point,7900.0,,,kg/m^3,typical,{},EN 10088-1,outokumpu-core,Outokumpu,Core range datasheet,Snapshot 91d2f4b13405,"Page 10, Core 304L/4306, row Table 7, Density",7.9,kg/dm³,2
obs-04a483da2392dd70423f,stainless-core-304l-4306,,youngs_modulus,point,200000000000.0,,,Pa,typical,"{""temperature_K"": 293.15}",EN 10088-1,outokumpu-core,Outokumpu,Core range datasheet,Snapshot 91d2f4b13405,"Page 10, Core 304L/4306, row Table 7, Modulus of elasticity at 20 °C",200,GPa,3
obs-2fcad69a495c5aceccbb,stainless-core-304l-4306,,thermal_conductivity,point,15.0,,,W/(m*K),typical,"{""temperature_K"": 293.15}",EN 10088-1,outokumpu-core,Outokumpu,Core range datasheet,Snapshot 91d2f4b13405,"Page 10, Core 304L/4306, row Table 7, Thermal conductivity at 20 °C",15,W/(m·K),2
obs-0eca03302b62b6729a3c,stainless-core-304l-4306,,specific_heat,point,500.0,,,J/(kg*K),typical,"{""temperature_K"": 293.15}",EN 10088-1,outokumpu-core,Outokumpu,Core range datasheet,Snapshot 91d2f4b13405,"Page 10, Core 304L/4306, row Table 7, Thermal capacity at 20 °C",500,J/(kg·K),3
obs-a64ac73e9de940de4c92,stainless-core-305-4303,stainless-core-305-4303-reference,tensile_yield_strength,lower_bound,220000000.0,,,Pa,minimum,"{""product_form"": ""sheet"", ""temperature_K"": 293.15}",EN 10088-2,outokumpu-core,Outokumpu,Core range datasheet,Snapshot 91d2f4b13405,"Page 8, Core 305/4303, product form C, row Table 5, Rp0.2",220,MPa,3
obs-34cd28034f12b04a649b,stainless-core-305-4303,stainless-core-305-4303-reference,ultimate_tensile_strength,interval,,500000000.0,650000000.0,Pa,specified_range,"{""product_form"": ""sheet"", ""temperature_K"": 293.15}",EN 10088-2,outokumpu-core,Outokumpu,Core range datasheet,Snapshot 91d2f4b13405,"Page 8, Core 305/4303, product form C, row Table 5, Rm",500–650,MPa,3
obs-0eee57e772c6547a7ba3,stainless-core-305-4303,stainless-core-305-4303-reference,elongation_at_break,lower_bound,0.45,,,1,minimum,"{""product_form"": ""sheet"", ""temperature_K"": 293.15}",EN 10088-2,outokumpu-core,Outokumpu,Core range datasheet,Snapshot 91d2f4b13405,"Page 8, Core 305/4303, product form C, row Table 5, A80 (80 mm gauge length)",45,%,2
obs-6cdfd2c8059963ed3631,stainless-core-305-4303,,density,point,7900.0,,,kg/m^3,typical,{},EN 10088-1,outokumpu-core,Outokumpu,Core range datasheet,Snapshot 91d2f4b13405,"Page 10, Core 305/4303, row Table 7, Density",7.9,kg/dm³,2
obs-6c9a765ffd9cc12f393f,stainless-core-305-4303,,youngs_modulus,point,200000000000.0,,,Pa,typical,"{""temperature_K"": 293.15}",EN 10088-1,outokumpu-core,Outokumpu,Core range datasheet,Snapshot 91d2f4b13405,"Page 10, Core 305/4303, row Table 7, Modulus of elasticity at 20 °C",200,GPa,3
obs-5ee358ba7ebeb1e3e1af,stainless-core-305-4303,,thermal_conductivity,point,15.0,,,W/(m*K),typical,"{""temperature_K"": 293.15}",EN 10088-1,outokumpu-core,Outokumpu,Core range datasheet,Snapshot 91d2f4b13405,"Page 10, Core 305/4303, row Table 7, Thermal conductivity at 20 °C",15,W/(m·K),2
obs-29c9155c27cdefd60192,stainless-core-305-4303,,specific_heat,point,500.0,,,J/(kg*K),typical,"{""temperature_K"": 293.15}",EN 10088-1,outokumpu-core,Outokumpu,Core range datasheet,Snapshot 91d2f4b13405,"Page 10, Core 305/4303, row Table 7, Thermal capacity at 20 °C",500,J/(kg·K),3
obs-5d62866961c02adc5dd5,stainless-core-321-4541,stainless-core-321-4541-reference,tensile_yield_strength,lower_bound,220000000.0,,,Pa,minimum,"{""product_form"": ""sheet"", ""temperature_K"": 293.15}",EN 10088-2,outokumpu-core,Outokumpu,Core range datasheet,Snapshot 91d2f4b13405,"Page 8, Core 321/4541, product form C, row Table 5, Rp0.2",220,MPa,3
obs-eb8ab50d88625ed3777c,stainless-core-321-4541,stainless-core-321-4541-reference,ultimate_tensile_strength,interval,,520000000.0,720000000.0,Pa,specified_range,"{""product_form"": ""sheet"", ""temperature_K"": 293.15}",EN 10088-2,outokumpu-core,Outokumpu,Core range datasheet,Snapshot 91d2f4b13405,"Page 8, Core 321/4541, product form C, row Table 5, Rm",520–720,MPa,3
obs-38a0ec71e4dc71be85bd,stainless-core-321-4541,stainless-core-321-4541-reference,elongation_at_break,lower_bound,0.4,,,1,minimum,"{""product_form"": ""sheet"", ""temperature_K"": 293.15}",EN 10088-2,outokumpu-core,Outokumpu,Core range datasheet,Snapshot 91d2f4b13405,"Page 8, Core 321/4541, product form C, row Table 5, A80 (80 mm gauge length)",40,%,2
obs-e11046d0359774cc9ac0,stainless-core-321-4541,,density,point,7900.0,,,kg/m^3,typical,{},EN 10088-1,outokumpu-core,Outokumpu,Core range datasheet,Snapshot 91d2f4b13405,"Page 10, Core 321/4541, row Table 7, Density",7.9,kg/dm³,2
obs-76c071b4857f884b220e,stainless-core-321-4541,,youngs_modulus,point,200000000000.0,,,Pa,typical,"{""temperature_K"": 293.15}",EN 10088-1,outokumpu-core,Outokumpu,Core range datasheet,Snapshot 91d2f4b13405,"Page 10, Core 321/4541, row Table 7, Modulus of elasticity at 20 °C",200,GPa,3
obs-b97cd027da946dbdc203,stainless-core-321-4541,,thermal_conductivity,point,15.0,,,W/(m*K),typical,"{""temperature_K"": 293.15}",EN 10088-1,outokumpu-core,Outokumpu,Core range datasheet,Snapshot 91d2f4b13405,"Page 10, Core 321/4541, row Table 7, Thermal conductivity at 20 °C",15,W/(m·K),2
obs-8e8d9f197a61e86b99c9,stainless-core-321-4541,,specific_heat,point,500.0,,,J/(kg*K),typical,"{""temperature_K"": 293.15}",EN 10088-1,outokumpu-core,Outokumpu,Core range datasheet,Snapshot 91d2f4b13405,"Page 10, Core 321/4541, row Table 7, Thermal capacity at 20 °C",500,J/(kg·K),3
obs-5c718f214dc5a3a1d562,stainless-core-347-4550,stainless-core-347-4550-reference,tensile_yield_strength,lower_bound,220000000.0,,,Pa,minimum,"{""product_form"": ""sheet"", ""temperature_K"": 293.15}",EN 10088-2,outokumpu-core,Outokumpu,Core range datasheet,Snapshot 91d2f4b13405,"Page 8, Core 347/4550, product form C, row Table 5, Rp0.2",220,MPa,3
obs-4f06ad628f5fb9fbc495,stainless-core-347-4550,stainless-core-347-4550-reference,ultimate_tensile_strength,interval,,520000000.0,720000000.0,Pa,specified_range,"{""product_form"": ""sheet"", ""temperature_K"": 293.15}",EN 10088-2,outokumpu-core,Outokumpu,Core range datasheet,Snapshot 91d2f4b13405,"Page 8, Core 347/4550, product form C, row Table 5, Rm",520–720,MPa,3
obs-1d9996d1076df8d876d9,stainless-core-347-4550,stainless-core-347-4550-reference,elongation_at_break,lower_bound,0.4,,,1,minimum,"{""product_form"": ""sheet"", ""temperature_K"": 293.15}",EN 10088-2,outokumpu-core,Outokumpu,Core range datasheet,Snapshot 91d2f4b13405,"Page 8, Core 347/4550, product form C, row Table 5, A80 (80 mm gauge length)",40,%,2
obs-4daa2df989576ebc4ea3,stainless-core-347-4550,,density,point,7900.0,,,kg/m^3,typical,{},EN 10088-1,outokumpu-core,Outokumpu,Core range datasheet,Snapshot 91d2f4b13405,"Page 10, Core 347/4550, row Table 7, Density",7.9,kg/dm³,2
obs-86053d75e012ece7a3e3,stainless-core-347-4550,,youngs_modulus,point,200000000000.0,,,Pa,typical,"{""temperature_K"": 293.15}",EN 10088-1,outokumpu-core,Outokumpu,Core range datasheet,Snapshot 91d2f4b13405,"Page 10, Core 347/4550, row Table 7, Modulus of elasticity at 20 °C",200,GPa,3
obs-9c0712e8260e90b651a0,stainless-core-347-4550,,thermal_conductivity,point,15.0,,,W/(m*K),typical,"{""temperature_K"": 293.15}",EN 10088-1,outokumpu-core,Outokumpu,Core range datasheet,Snapshot 91d2f4b13405,"Page 10, Core 347/4550, row Table 7, Thermal conductivity at 20 °C",15,W/(m·K),2
obs-bb4976d1ea008e924e6b,stainless-core-347-4550,,specific_heat,point,500.0,,,J/(kg*K),typical,"{""temperature_K"": 293.15}",EN 10088-1,outokumpu-core,Outokumpu,Core range datasheet,Snapshot 91d2f4b13405,"Page 10, Core 347/4550, row Table 7, Thermal capacity at 20 °C",500,J/(kg·K),3
obs-cd2537247c46834babe5,stainless-core-301ln-4318,stainless-core-301ln-4318-reference,tensile_yield_strength,lower_bound,350000000.0,,,Pa,minimum,"{""product_form"": ""sheet"", ""temperature_K"": 293.15}",EN 10088-2,outokumpu-core,Outokumpu,Core range datasheet,Snapshot 91d2f4b13405,"Page 8, Core 301LN/4318, product form C, row Table 5, Rp0.2",350,MPa,3
obs-aa2e800a4b4dede582d8,stainless-core-301ln-4318,stainless-core-301ln-4318-reference,ultimate_tensile_strength,interval,,650000000.0,850000000.0,Pa,specified_range,"{""product_form"": ""sheet"", ""temperature_K"": 293.15}",EN 10088-2,outokumpu-core,Outokumpu,Core range datasheet,Snapshot 91d2f4b13405,"Page 8, Core 301LN/4318, product form C, row Table 5, Rm",650–850,MPa,3
obs-95c5eb6071cf44396e7d,stainless-core-301ln-4318,stainless-core-301ln-4318-reference,elongation_at_break,lower_bound,0.35000000000000003,,,1,minimum,"{""product_form"": ""sheet"", ""temperature_K"": 293.15}",EN 10088-2,outokumpu-core,Outokumpu,Core range datasheet,Snapshot 91d2f4b13405,"Page 8, Core 301LN/4318, product form C, row Table 5, A80 (80 mm gauge length)",35,%,2
obs-d4472d362ec913bacbcb,stainless-core-301ln-4318,,density,point,7900.0,,,kg/m^3,typical,{},EN 10088-1,outokumpu-core,Outokumpu,Core range datasheet,Snapshot 91d2f4b13405,"Page 10, Core 301LN/4318, row Table 7, Density",7.9,kg/dm³,2
obs-496f6e634f991a0d5d6b,stainless-core-301ln-4318,,youngs_modulus,point,200000000000.0,,,Pa,typical,"{""temperature_K"": 293.15}",EN 10088-1,outokumpu-core,Outokumpu,Core range datasheet,Snapshot 91d2f4b13405,"Page 10, Core 301LN/4318, row Table 7, Modulus of elasticity at 20 °C",200,GPa,3
obs-b1556e210821d6580471,stainless-core-301ln-4318,,thermal_conductivity,point,15.0,,,W/(m*K),typical,"{""temperature_K"": 293.15}",EN 10088-1,outokumpu-core,Outokumpu,Core range datasheet,Snapshot 91d2f4b13405,"Page 10, Core 301LN/4318, row Table 7, Thermal conductivity at 20 °C",15,W/(m·K),2
obs-cedb062ee7273b747414,stainless-core-301ln-4318,,specific_heat,point,500.0,,,J/(kg*K),typical,"{""temperature_K"": 293.15}",EN 10088-1,outokumpu-core,Outokumpu,Core range datasheet,Snapshot 91d2f4b13405,"Page 10, Core 301LN/4318, row Table 7, Thermal capacity at 20 °C",500,J/(kg·K),3
obs-d02dcaeae5833518a4ef,stainless-core-301-4310,stainless-core-301-4310-reference,tensile_yield_strength,lower_bound,250000000.0,,,Pa,minimum,"{""product_form"": ""sheet"", ""temperature_K"": 293.15}",EN 10088-2,outokumpu-core,Outokumpu,Core range datasheet,Snapshot 91d2f4b13405,"Page 8, Core 301/4310, product form C, row Table 5, Rp0.2",250,MPa,3
obs-9c540013195311fd1f32,stainless-core-301-4310,stainless-core-301-4310-reference,ultimate_tensile_strength,interval,,600000000.0,950000000.0,Pa,specified_range,"{""product_form"": ""sheet"", ""temperature_K"": 293.15}",EN 10088-2,outokumpu-core,Outokumpu,Core range datasheet,Snapshot 91d2f4b13405,"Page 8, Core 301/4310, product form C, row Table 5, Rm",600–950,MPa,3
obs-d844fe240620ea47eea1,stainless-core-301-4310,stainless-core-301-4310-reference,elongation_at_break,lower_bound,0.4,,,1,minimum,"{""product_form"": ""sheet"", ""temperature_K"": 293.15}",EN 10088-2,outokumpu-core,Outokumpu,Core range datasheet,Snapshot 91d2f4b13405,"Page 8, Core 301/4310, product form C, row Table 5, A80 (80 mm gauge length)",40,%,2
obs-29715d2d160206b6c980,stainless-core-301-4310,,density,point,7900.0,,,kg/m^3,typical,{},EN 10088-1,outokumpu-core,Outokumpu,Core range datasheet,Snapshot 91d2f4b13405,"Page 10, Core 301/4310, row Table 7, Density",7.9,kg/dm³,2
obs-aa7fbf1a2ef33e52baa0,stainless-core-301-4310,,youngs_modulus,point,200000000000.0,,,Pa,typical,"{""temperature_K"": 293.15}",EN 10088-1,outokumpu-core,Outokumpu,Core range datasheet,Snapshot 91d2f4b13405,"Page 10, Core 301/4310, row Table 7, Modulus of elasticity at 20 °C",200,GPa,3
obs-73df096c52dc3dad7edb,stainless-core-301-4310,,thermal_conductivity,point,15.0,,,W/(m*K),typical,"{""temperature_K"": 293.15}",EN 10088-1,outokumpu-core,Outokumpu,Core range datasheet,Snapshot 91d2f4b13405,"Page 10, Core 301/4310, row Table 7, Thermal conductivity at 20 °C",15,W/(m·K),2
obs-85c9327cfb8ae686d01f,stainless-core-301-4310,,specific_heat,point,500.0,,,J/(kg*K),typical,"{""temperature_K"": 293.15}",EN 10088-1,outokumpu-core,Outokumpu,Core range datasheet,Snapshot 91d2f4b13405,"Page 10, Core 301/4310, row Table 7, Thermal capacity at 20 °C",500,J/(kg·K),3
obs-ed2b972c2f90efbe0e4c,stainless-core-201-4372,stainless-core-201-4372-reference,tensile_yield_strength,lower_bound,350000000.0,,,Pa,minimum,"{""product_form"": ""sheet"", ""temperature_K"": 293.15}",EN 10088-2,outokumpu-core,Outokumpu,Core range datasheet,Snapshot 91d2f4b13405,"Page 8, Core 201/4372, product form C, row Table 5, Rp0.2",350,MPa,3
obs-e32e197791ac697fcde4,stainless-core-201-4372,stainless-core-201-4372-reference,ultimate_tensile_strength,interval,,680000000.0,880000000.0,Pa,specified_range,"{""product_form"": ""sheet"", ""temperature_K"": 293.15}",EN 10088-2,outokumpu-core,Outokumpu,Core range datasheet,Snapshot 91d2f4b13405,"Page 8, Core 201/4372, product form C, row Table 5, Rm",680–880,MPa,3
obs-999309d730fc38c5fb26,stainless-core-201-4372,stainless-core-201-4372-reference,elongation_at_break,lower_bound,0.45,,,1,minimum,"{""product_form"": ""sheet"", ""temperature_K"": 293.15}",EN 10088-2,outokumpu-core,Outokumpu,Core range datasheet,Snapshot 91d2f4b13405,"Page 8, Core 201/4372, product form C, row Table 5, A80 (80 mm gauge length)",45,%,2
obs-4989b66610e422dd565a,stainless-core-201-4372,,density,point,7800.0,,,kg/m^3,typical,{},EN 10088-1,outokumpu-core,Outokumpu,Core range datasheet,Snapshot 91d2f4b13405,"Page 10, Core 201/4372, row Table 7, Density",7.8,kg/dm³,2
obs-9dc82457e31cec04e7ac,stainless-core-201-4372,,youngs_modulus,point,200000000000.0,,,Pa,typical,"{""temperature_K"": 293.15}",EN 10088-1,outokumpu-core,Outokumpu,Core range datasheet,Snapshot 91d2f4b13405,"Page 10, Core 201/4372, row Table 7, Modulus of elasticity at 20 °C",200,GPa,3
obs-c8377c3f07a46e1c182f,stainless-core-201-4372,,thermal_conductivity,point,15.0,,,W/(m*K),typical,"{""temperature_K"": 293.15}",EN 10088-1,outokumpu-core,Outokumpu,Core range datasheet,Snapshot 91d2f4b13405,"Page 10, Core 201/4372, row Table 7, Thermal conductivity at 20 °C",15,W/(m·K),2
obs-c886c0e853409b0943be,stainless-core-201ln-4372,stainless-core-201ln-4372-reference,tensile_yield_strength,lower_bound,350000000.0,,,Pa,minimum,"{""product_form"": ""sheet"", ""temperature_K"": 293.15}",EN 10088-2,outokumpu-core,Outokumpu,Core range datasheet,Snapshot 91d2f4b13405,"Page 8, Core 201LN/4372, product form C, row Table 5, Rp0.2",350,MPa,3
obs-291886338316aeabb9a9,stainless-core-201ln-4372,stainless-core-201ln-4372-reference,ultimate_tensile_strength,interval,,680000000.0,880000000.0,Pa,specified_range,"{""product_form"": ""sheet"", ""temperature_K"": 293.15}",EN 10088-2,outokumpu-core,Outokumpu,Core range datasheet,Snapshot 91d2f4b13405,"Page 8, Core 201LN/4372, product form C, row Table 5, Rm",680–880,MPa,3
obs-51b12d3163c058a6760a,stainless-core-201ln-4372,stainless-core-201ln-4372-reference,elongation_at_break,lower_bound,0.45,,,1,minimum,"{""product_form"": ""sheet"", ""temperature_K"": 293.15}",EN 10088-2,outokumpu-core,Outokumpu,Core range datasheet,Snapshot 91d2f4b13405,"Page 8, Core 201LN/4372, product form C, row Table 5, A80 (80 mm gauge length)",45,%,2
obs-f5843f323610609d6910,stainless-core-201ln-4372,,density,point,7800.0,,,kg/m^3,typical,{},EN 10088-1,outokumpu-core,Outokumpu,Core range datasheet,Snapshot 91d2f4b13405,"Page 10, Core 201LN/4372, row Table 7, Density",7.8,kg/dm³,2
obs-67c5c3a1fe7686ddb84c,stainless-core-201ln-4372,,youngs_modulus,point,200000000000.0,,,Pa,typical,"{""temperature_K"": 293.15}",EN 10088-1,outokumpu-core,Outokumpu,Core range datasheet,Snapshot 91d2f4b13405,"Page 10, Core 201LN/4372, row Table 7, Modulus of elasticity at 20 °C",200,GPa,3
obs-f0019486c5ec4a839249,stainless-core-201ln-4372,,thermal_conductivity,point,15.0,,,W/(m*K),typical,"{""temperature_K"": 293.15}",EN 10088-1,outokumpu-core,Outokumpu,Core range datasheet,Snapshot 91d2f4b13405,"Page 10, Core 201LN/4372, row Table 7, Thermal conductivity at 20 °C",15,W/(m·K),2
obs-741d9ea378875c96e247,stainless-core-441-4509,stainless-core-441-4509-reference,tensile_yield_strength,lower_bound,250000000.0,,,Pa,minimum,"{""product_form"": ""sheet"", ""temperature_K"": 293.15}",EN 10088-2,outokumpu-core,Outokumpu,Core range datasheet,Snapshot 91d2f4b13405,"Page 8, Core 441/4509, product form C, row Table 5, Rp0.2",250,MPa,3
obs-88df3fe22be4898de263,stainless-core-441-4509,stainless-core-441-4509-reference,ultimate_tensile_strength,interval,,430000000.0,630000000.0,Pa,specified_range,"{""product_form"": ""sheet"", ""temperature_K"": 293.15}",EN 10088-2,outokumpu-core,Outokumpu,Core range datasheet,Snapshot 91d2f4b13405,"Page 8, Core 441/4509, product form C, row Table 5, Rm",430–630,MPa,3
obs-ef3fb6c78cf9536634e4,stainless-core-441-4509,stainless-core-441-4509-reference,elongation_at_break,lower_bound,0.18,,,1,minimum,"{""product_form"": ""sheet"", ""temperature_K"": 293.15}",EN 10088-2,outokumpu-core,Outokumpu,Core range datasheet,Snapshot 91d2f4b13405,"Page 8, Core 441/4509, product form C, row Table 5, A80 (80 mm gauge length)",18,%,2
obs-9c5df414faa023291749,stainless-core-441-4509,,density,point,7700.0,,,kg/m^3,typical,{},EN 10088-1,outokumpu-core,Outokumpu,Core range datasheet,Snapshot 91d2f4b13405,"Page 10, Core 441/4509, row Table 7, Density",7.7,kg/dm³,2
obs-c55bb33dd3c82fd6e306,stainless-core-441-4509,,youngs_modulus,point,220000000000.0,,,Pa,typical,"{""temperature_K"": 293.15}",EN 10088-1,outokumpu-core,Outokumpu,Core range datasheet,Snapshot 91d2f4b13405,"Page 10, Core 441/4509, row Table 7, Modulus of elasticity at 20 °C",220,GPa,3
obs-d5bee7e86783717200f7,stainless-core-441-4509,,thermal_conductivity,point,25.0,,,W/(m*K),typical,"{""temperature_K"": 293.15}",EN 10088-1,outokumpu-core,Outokumpu,Core range datasheet,Snapshot 91d2f4b13405,"Page 10, Core 441/4509, row Table 7, Thermal conductivity at 20 °C",25,W/(m·K),2
obs-473dcbb1c7c2a3939788,stainless-core-441-4509,,specific_heat,point,460.0,,,J/(kg*K),typical,"{""temperature_K"": 293.15}",EN 10088-1,outokumpu-core,Outokumpu,Core range datasheet,Snapshot 91d2f4b13405,"Page 10, Core 441/4509, row Table 7, Thermal capacity at 20 °C",460,J/(kg·K),3
obs-52afd2b09cf67b6241de,stainless-core-439m,stainless-core-439m-reference,tensile_yield_strength,lower_bound,205000000.0,,,Pa,minimum,"{""product_form"": ""sheet"", ""temperature_K"": 293.15}",ASTM A240,outokumpu-core,Outokumpu,Core range datasheet,Snapshot 91d2f4b13405,"Page 8, Core 439M, product form C*, row Table 5, Rp0.2",205,MPa,3
obs-3a518f54fb9bff4bf756,stainless-core-439m,stainless-core-439m-reference,ultimate_tensile_strength,lower_bound,415000000.0,,,Pa,minimum,"{""product_form"": ""sheet"", ""temperature_K"": 293.15}",ASTM A240,outokumpu-core,Outokumpu,Core range datasheet,Snapshot 91d2f4b13405,"Page 8, Core 439M, product form C*, row Table 5, Rm",415,MPa,3
obs-2aafa5c8bd5458071dfb,stainless-core-439m,stainless-core-439m-reference,elongation_at_break,lower_bound,0.22,,,1,minimum,"{""product_form"": ""sheet"", ""temperature_K"": 293.15}",ASTM A240,outokumpu-core,Outokumpu,Core range datasheet,Snapshot 91d2f4b13405,"Page 8, Core 439M, product form C*, row Table 5, A80 (80 mm gauge length)",22,%,2
obs-1eed26351d74d7c816fd,stainless-core-439m,,density,point,7700.0,,,kg/m^3,typical,{},Outokumpu values (Table 7 footnote),outokumpu-core,Outokumpu,Core range datasheet,Snapshot 91d2f4b13405,"Page 10, Core 439M, row Table 7, Density",7.7,kg/dm³,2
obs-94decc163d0e0926d88d,stainless-core-439m,,youngs_modulus,point,220000000000.0,,,Pa,typical,"{""temperature_K"": 293.15}",Outokumpu values (Table 7 footnote),outokumpu-core,Outokumpu,Core range datasheet,Snapshot 91d2f4b13405,"Page 10, Core 439M, row Table 7, Modulus of elasticity at 20 °C",220,GPa,3
obs-036e754c8d71c86fb9dd,stainless-core-439m,,thermal_conductivity,point,25.0,,,W/(m*K),typical,"{""temperature_K"": 293.15}",Outokumpu values (Table 7 footnote),outokumpu-core,Outokumpu,Core range datasheet,Snapshot 91d2f4b13405,"Page 10, Core 439M, row Table 7, Thermal conductivity at 20 °C",25,W/(m·K),2
obs-ddfc528508a89db32807,stainless-core-439m,,specific_heat,point,460.0,,,J/(kg*K),typical,"{""temperature_K"": 293.15}",Outokumpu values (Table 7 footnote),outokumpu-core,Outokumpu,Core range datasheet,Snapshot 91d2f4b13405,"Page 10, Core 439M, row Table 7, Thermal capacity at 20 °C",460,J/(kg·K),3
obs-99cbdd7d271565ca2b7e,stainless-core-4622,stainless-core-4622-reference,tensile_yield_strength,lower_bound,300000000.0,,,Pa,minimum,"{""product_form"": ""sheet"", ""temperature_K"": 293.15}",EN 10028-7,outokumpu-core,Outokumpu,Core range datasheet,Snapshot 91d2f4b13405,"Page 8, Core 4622, product form C**, row Table 5, Rp0.2",300,MPa,3
obs-b0eccd62601941814a39,stainless-core-4622,stainless-core-4622-reference,ultimate_tensile_strength,interval,,430000000.0,630000000.0,Pa,specified_range,"{""product_form"": ""sheet"", ""temperature_K"": 293.15}",EN 10028-7,outokumpu-core,Outokumpu,Core range datasheet,Snapshot 91d2f4b13405,"Page 8, Core 4622, product form C**, row Table 5, Rm",430–630,MPa,3
obs-9bbe63c52128cf15b5f9,stainless-core-4622,stainless-core-4622-reference,elongation_at_break,lower_bound,0.22,,,1,minimum,"{""product_form"": ""sheet"", ""temperature_K"": 293.15}",EN 10028-7,outokumpu-core,Outokumpu,Core range datasheet,Snapshot 91d2f4b13405,"Page 8, Core 4622, product form C**, row Table 5, A80 (80 mm gauge length)",22,%,2
obs-3597e663e5e9614a1b3e,stainless-core-4622,,density,point,7700.0,,,kg/m^3,typical,{},Outokumpu values (Table 7 footnote),outokumpu-core,Outokumpu,Core range datasheet,Snapshot 91d2f4b13405,"Page 10, Core 4622, row Table 7, Density",7.7,kg/dm³,2
obs-acba2157823c173e3b17,stainless-core-4622,,youngs_modulus,point,220000000000.0,,,Pa,typical,"{""temperature_K"": 293.15}",Outokumpu values (Table 7 footnote),outokumpu-core,Outokumpu,Core range datasheet,Snapshot 91d2f4b13405,"Page 10, Core 4622, row Table 7, Modulus of elasticity at 20 °C",220,GPa,3
obs-47e72103dede43121686,stainless-core-4622,,thermal_conductivity,point,21.0,,,W/(m*K),typical,"{""temperature_K"": 293.15}",Outokumpu values (Table 7 footnote),outokumpu-core,Outokumpu,Core range datasheet,Snapshot 91d2f4b13405,"Page 10, Core 4622, row Table 7, Thermal conductivity at 20 °C",21,W/(m·K),2
obs-823206892f5ebffc9450,stainless-core-4622,,specific_heat,point,460.0,,,J/(kg*K),typical,"{""temperature_K"": 293.15}",Outokumpu values (Table 7 footnote),outokumpu-core,Outokumpu,Core range datasheet,Snapshot 91d2f4b13405,"Page 10, Core 4622, row Table 7, Thermal capacity at 20 °C",460,J/(kg·K),3
obs-03aef7fc6ff88cc5db0d,stainless-supra-316-4401,stainless-supra-316-4401-reference,tensile_yield_strength,lower_bound,240000000.0,,,Pa,minimum,"{""product_form"": ""sheet"", ""temperature_K"": 293.15}",EN 10088-2,outokumpu-supra,Outokumpu,Supra range datasheet,Snapshot 39e9860f4900,"Page 6, Supra 316/4401, product form C, row Table 5, Rp0.2",240,MPa,3
obs-e99f66cf7460f01702ac,stainless-supra-316-4401,stainless-supra-316-4401-reference,ultimate_tensile_strength,interval,,530000000.0,680000000.0,Pa,specified_range,"{""product_form"": ""sheet"", ""temperature_K"": 293.15}",EN 10088-2,outokumpu-supra,Outokumpu,Supra range datasheet,Snapshot 39e9860f4900,"Page 6, Supra 316/4401, product form C, row Table 5, Rm",530–680,MPa,3
obs-e33b327df53475a79953,stainless-supra-316-4401,stainless-supra-316-4401-reference,elongation_at_break,lower_bound,0.4,,,1,minimum,"{""product_form"": ""sheet"", ""temperature_K"": 293.15}",EN 10088-2,outokumpu-supra,Outokumpu,Supra range datasheet,Snapshot 39e9860f4900,"Page 6, Supra 316/4401, product form C, row Table 5, A80 (80 mm gauge length)",40,%,2
obs-1af4fdfa05e3294e380e,stainless-supra-316-4401,,density,point,8000.0,,,kg/m^3,typical,{},EN 10088-1,outokumpu-supra,Outokumpu,Supra range datasheet,Snapshot 39e9860f4900,"Page 8, Supra 316/4401, row Table 7, Density",8.0,kg/dm³,2
obs-068a244d2eb59c5d82e0,stainless-supra-316-4401,,youngs_modulus,point,200000000000.0,,,Pa,typical,"{""temperature_K"": 293.15}",EN 10088-1,outokumpu-supra,Outokumpu,Supra range datasheet,Snapshot 39e9860f4900,"Page 8, Supra 316/4401, row Table 7, Modulus of elasticity at 20 °C",200,GPa,3
obs-00e330482a211b161d34,stainless-supra-316-4401,,thermal_conductivity,point,15.0,,,W/(m*K),typical,"{""temperature_K"": 293.15}",EN 10088-1,outokumpu-supra,Outokumpu,Supra range datasheet,Snapshot 39e9860f4900,"Page 8, Supra 316/4401, row Table 7, Thermal conductivity at 20 °C",15,W/(m·K),2
obs-1bbfdd9a9b6e9268c516,stainless-supra-316-4401,,specific_heat,point,500.0,,,J/(kg*K),typical,"{""temperature_K"": 293.15}",EN 10088-1,outokumpu-supra,Outokumpu,Supra range datasheet,Snapshot 39e9860f4900,"Page 8, Supra 316/4401, row Table 7, Thermal capacity at 20 °C",500,J/(kg·K),3
obs-7e9e062a8ec5486ec308,stainless-supra-316l-4404,stainless-supra-316l-4404-reference,tensile_yield_strength,lower_bound,240000000.0,,,Pa,minimum,"{""product_form"": ""sheet"", ""temperature_K"": 293.15}",EN 10088-2,outokumpu-supra,Outokumpu,Supra range datasheet,Snapshot 39e9860f4900,"Page 6, Supra 316L/4404, product form C, row Table 5, Rp0.2",240,MPa,3
obs-a919ddc3354647747a3d,stainless-supra-316l-4404,stainless-supra-316l-4404-reference,ultimate_tensile_strength,interval,,530000000.0,680000000.0,Pa,specified_range,"{""product_form"": ""sheet"", ""temperature_K"": 293.15}",EN 10088-2,outokumpu-supra,Outokumpu,Supra range datasheet,Snapshot 39e9860f4900,"Page 6, Supra 316L/4404, product form C, row Table 5, Rm",530–680,MPa,3
obs-0d38ea3c464b54398222,stainless-supra-316l-4404,stainless-supra-316l-4404-reference,elongation_at_break,lower_bound,0.4,,,1,minimum,"{""product_form"": ""sheet"", ""temperature_K"": 293.15}",EN 10088-2,outokumpu-supra,Outokumpu,Supra range datasheet,Snapshot 39e9860f4900,"Page 6, Supra 316L/4404, product form C, row Table 5, A80 (80 mm gauge length)",40,%,2
obs-7c579fcc8fc28f7ed880,stainless-supra-316l-4404,,density,point,8000.0,,,kg/m^3,typical,{},EN 10088-1,outokumpu-supra,Outokumpu,Supra range datasheet,Snapshot 39e9860f4900,"Page 8, Supra 316L/4404, row Table 7, Density",8.0,kg/dm³,2
obs-c8ab791788cb06174b95,stainless-supra-316l-4404,,youngs_modulus,point,200000000000.0,,,Pa,typical,"{""temperature_K"": 293.15}",EN 10088-1,outokumpu-supra,Outokumpu,Supra range datasheet,Snapshot 39e9860f4900,"Page 8, Supra 316L/4404, row Table 7, Modulus of elasticity at 20 °C",200,GPa,3
obs-0494d93acda9f5403169,stainless-supra-316l-4404,,thermal_conductivity,point,15.0,,,W/(m*K),typical,"{""temperature_K"": 293.15}",EN 10088-1,outokumpu-supra,Outokumpu,Supra range datasheet,Snapshot 39e9860f4900,"Page 8, Supra 316L/4404, row Table 7, Thermal conductivity at 20 °C",15,W/(m·K),2
obs-27f21007e06992621e7d,stainless-supra-316l-4404,,specific_heat,point,500.0,,,J/(kg*K),typical,"{""temperature_K"": 293.15}",EN 10088-1,outokumpu-supra,Outokumpu,Supra range datasheet,Snapshot 39e9860f4900,"Page 8, Supra 316L/4404, row Table 7, Thermal capacity at 20 °C",500,J/(kg·K),3
obs-4773c4f0ce247cc3c230,stainless-supra-316plus,stainless-supra-316plus-reference,tensile_yield_strength,lower_bound,350000000.0,,,Pa,minimum,"{""product_form"": ""sheet"", ""temperature_K"": 293.15}",EN 10028-7,outokumpu-supra,Outokumpu,Supra range datasheet,Snapshot 39e9860f4900,"Page 6, Supra 316plus, product form C*, row Table 5, Rp0.2",350,MPa,3
obs-2858e353671c0d915ce3,stainless-supra-316plus,stainless-supra-316plus-reference,ultimate_tensile_strength,interval,,650000000.0,850000000.0,Pa,specified_range,"{""product_form"": ""sheet"", ""temperature_K"": 293.15}",EN 10028-7,outokumpu-supra,Outokumpu,Supra range datasheet,Snapshot 39e9860f4900,"Page 6, Supra 316plus, product form C*, row Table 5, Rm",650–850,MPa,3
obs-e045cae3b7f9e959ae53,stainless-supra-316plus,stainless-supra-316plus-reference,elongation_at_break,lower_bound,0.35000000000000003,,,1,minimum,"{""product_form"": ""sheet"", ""temperature_K"": 293.15}",EN 10028-7,outokumpu-supra,Outokumpu,Supra range datasheet,Snapshot 39e9860f4900,"Page 6, Supra 316plus, product form C*, row Table 5, A80 (80 mm gauge length)",35,%,2
obs-e7f5695f25a4da09318a,stainless-supra-316plus,,density,point,7900.0,,,kg/m^3,typical,{},Outokumpu values (Table 7 footnote),outokumpu-supra,Outokumpu,Supra range datasheet,Snapshot 39e9860f4900,"Page 8, Supra 316plus, row Table 7, Density",7.9,kg/dm³,2
obs-800fc479dfd61e7d94a7,stainless-supra-316plus,,youngs_modulus,point,200000000000.0,,,Pa,typical,"{""temperature_K"": 293.15}",Outokumpu values (Table 7 footnote),outokumpu-supra,Outokumpu,Supra range datasheet,Snapshot 39e9860f4900,"Page 8, Supra 316plus, row Table 7, Modulus of elasticity at 20 °C",200,GPa,3
obs-105157beaa9780af5ab4,stainless-supra-316plus,,thermal_conductivity,point,15.0,,,W/(m*K),typical,"{""temperature_K"": 293.15}",Outokumpu values (Table 7 footnote),outokumpu-supra,Outokumpu,Supra range datasheet,Snapshot 39e9860f4900,"Page 8, Supra 316plus, row Table 7, Thermal conductivity at 20 °C",15,W/(m·K),2
obs-f44d4138324c5884c180,stainless-supra-316plus,,specific_heat,point,500.0,,,J/(kg*K),typical,"{""temperature_K"": 293.15}",Outokumpu values (Table 7 footnote),outokumpu-supra,Outokumpu,Supra range datasheet,Snapshot 39e9860f4900,"Page 8, Supra 316plus, row Table 7, Thermal capacity at 20 °C",500,J/(kg·K),3
obs-6111d48f77a0436f1e94,stainless-supra-316-4436,stainless-supra-316-4436-reference,tensile_yield_strength,lower_bound,240000000.0,,,Pa,minimum,"{""product_form"": ""sheet"", ""temperature_K"": 293.15}",EN 10088-2,outokumpu-supra,Outokumpu,Supra range datasheet,Snapshot 39e9860f4900,"Page 6, Supra 316/4436, product form C, row Table 5, Rp0.2",240,MPa,3
obs-a2e968fa7f48cf6ab461,stainless-supra-316-4436,stainless-supra-316-4436-reference,ultimate_tensile_strength,interval,,550000000.0,700000000.0,Pa,specified_range,"{""product_form"": ""sheet"", ""temperature_K"": 293.15}",EN 10088-2,outokumpu-supra,Outokumpu,Supra range datasheet,Snapshot 39e9860f4900,"Page 6, Supra 316/4436, product form C, row Table 5, Rm",550–700,MPa,3
obs-ed8a0ddbec24f7e4ee04,stainless-supra-316-4436,stainless-supra-316-4436-reference,elongation_at_break,lower_bound,0.4,,,1,minimum,"{""product_form"": ""sheet"", ""temperature_K"": 293.15}",EN 10088-2,outokumpu-supra,Outokumpu,Supra range datasheet,Snapshot 39e9860f4900,"Page 6, Supra 316/4436, product form C, row Table 5, A80 (80 mm gauge length)",40,%,2
obs-f411322c099b72f23e8b,stainless-supra-316-4436,,density,point,8000.0,,,kg/m^3,typical,{},EN 10088-1,outokumpu-supra,Outokumpu,Supra range datasheet,Snapshot 39e9860f4900,"Page 8, Supra 316/4436, row Table 7, Density",8.0,kg/dm³,2
obs-28c9a472a9ca20c8332d,stainless-supra-316-4436,,youngs_modulus,point,200000000000.0,,,Pa,typical,"{""temperature_K"": 293.15}",EN 10088-1,outokumpu-supra,Outokumpu,Supra range datasheet,Snapshot 39e9860f4900,"Page 8, Supra 316/4436, row Table 7, Modulus of elasticity at 20 °C",200,GPa,3
obs-7975527240b3e33f64a0,stainless-supra-316-4436,,thermal_conductivity,point,15.0,,,W/(m*K),typical,"{""temperature_K"": 293.15}",EN 10088-1,outokumpu-supra,Outokumpu,Supra range datasheet,Snapshot 39e9860f4900,"Page 8, Supra 316/4436, row Table 7, Thermal conductivity at 20 °C",15,W/(m·K),2
obs-9b3c0987a4a63a089078,stainless-supra-316-4436,,specific_heat,point,500.0,,,J/(kg*K),typical,"{""temperature_K"": 293.15}",EN 10088-1,outokumpu-supra,Outokumpu,Supra range datasheet,Snapshot 39e9860f4900,"Page 8, Supra 316/4436, row Table 7, Thermal capacity at 20 °C",500,J/(kg·K),3
obs-483cc4e0aaabfc5a3098,stainless-supra-316l-4432,stainless-supra-316l-4432-reference,tensile_yield_strength,lower_bound,240000000.0,,,Pa,minimum,"{""product_form"": ""sheet"", ""temperature_K"": 293.15}",EN 10088-2,outokumpu-supra,Outokumpu,Supra range datasheet,Snapshot 39e9860f4900,"Page 6, Supra 316L/4432, product form C, row Table 5, Rp0.2",240,MPa,3
obs-cb9fae3692cfa411397f,stainless-supra-316l-4432,stainless-supra-316l-4432-reference,ultimate_tensile_strength,interval,,550000000.0,700000000.0,Pa,specified_range,"{""product_form"": ""sheet"", ""temperature_K"": 293.15}",EN 10088-2,outokumpu-supra,Outokumpu,Supra range datasheet,Snapshot 39e9860f4900,"Page 6, Supra 316L/4432, product form C, row Table 5, Rm",550–700,MPa,3
obs-f8a8d32176f345b0ebda,stainless-supra-316l-4432,stainless-supra-316l-4432-reference,elongation_at_break,lower_bound,0.4,,,1,minimum,"{""product_form"": ""sheet"", ""temperature_K"": 293.15}",EN 10088-2,outokumpu-supra,Outokumpu,Supra range datasheet,Snapshot 39e9860f4900,"Page 6, Supra 316L/4432, product form C, row Table 5, A80 (80 mm gauge length)",40,%,2
obs-7663489849cf8f1848ae,stainless-supra-316l-4432,,density,point,8000.0,,,kg/m^3,typical,{},EN 10088-1,outokumpu-supra,Outokumpu,Supra range datasheet,Snapshot 39e9860f4900,"Page 8, Supra 316L/4432, row Table 7, Density",8.0,kg/dm³,2
obs-f20fc244eff25f4e52b2,stainless-supra-316l-4432,,youngs_modulus,point,200000000000.0,,,Pa,typical,"{""temperature_K"": 293.15}",EN 10088-1,outokumpu-supra,Outokumpu,Supra range datasheet,Snapshot 39e9860f4900,"Page 8, Supra 316L/4432, row Table 7, Modulus of elasticity at 20 °C",200,GPa,3
obs-eb87fb79482d981e7893,stainless-supra-316l-4432,,thermal_conductivity,point,15.0,,,W/(m*K),typical,"{""temperature_K"": 293.15}",EN 10088-1,outokumpu-supra,Outokumpu,Supra range datasheet,Snapshot 39e9860f4900,"Page 8, Supra 316L/4432, row Table 7, Thermal conductivity at 20 °C",15,W/(m·K),2
obs-cfdcb13b43aad839425b,stainless-supra-316l-4432,,specific_heat,point,500.0,,,J/(kg*K),typical,"{""temperature_K"": 293.15}",EN 10088-1,outokumpu-supra,Outokumpu,Supra range datasheet,Snapshot 39e9860f4900,"Page 8, Supra 316L/4432, row Table 7, Thermal capacity at 20 °C",500,J/(kg·K),3
obs-ce7c0ef4c647827cffd6,stainless-supra-316l-4435,stainless-supra-316l-4435-reference,tensile_yield_strength,lower_bound,240000000.0,,,Pa,minimum,"{""product_form"": ""sheet"", ""temperature_K"": 293.15}",EN 10088-2,outokumpu-supra,Outokumpu,Supra range datasheet,Snapshot 39e9860f4900,"Page 6, Supra 316L/4435, product form C, row Table 5, Rp0.2",240,MPa,3
obs-b66ba88d8f2fbc91cf04,stainless-supra-316l-4435,stainless-supra-316l-4435-reference,ultimate_tensile_strength,interval,,550000000.0,700000000.0,Pa,specified_range,"{""product_form"": ""sheet"", ""temperature_K"": 293.15}",EN 10088-2,outokumpu-supra,Outokumpu,Supra range datasheet,Snapshot 39e9860f4900,"Page 6, Supra 316L/4435, product form C, row Table 5, Rm",550–700,MPa,3
obs-5fd4d054c45efc92e617,stainless-supra-316l-4435,stainless-supra-316l-4435-reference,elongation_at_break,lower_bound,0.4,,,1,minimum,"{""product_form"": ""sheet"", ""temperature_K"": 293.15}",EN 10088-2,outokumpu-supra,Outokumpu,Supra range datasheet,Snapshot 39e9860f4900,"Page 6, Supra 316L/4435, product form C, row Table 5, A80 (80 mm gauge length)",40,%,2
obs-4187dfb18f8632c9ba88,stainless-supra-316l-4435,,density,point,8000.0,,,kg/m^3,typical,{},EN 10088-1,outokumpu-supra,Outokumpu,Supra range datasheet,Snapshot 39e9860f4900,"Page 8, Supra 316L/4435, row Table 7, Density",8.0,kg/dm³,2
obs-0c90795177f4189410c5,stainless-supra-316l-4435,,youngs_modulus,point,200000000000.0,,,Pa,typical,"{""temperature_K"": 293.15}",EN 10088-1,outokumpu-supra,Outokumpu,Supra range datasheet,Snapshot 39e9860f4900,"Page 8, Supra 316L/4435, row Table 7, Modulus of elasticity at 20 °C",200,GPa,3
obs-cea7aee8a6f3ba3ccf70,stainless-supra-316l-4435,,thermal_conductivity,point,15.0,,,W/(m*K),typical,"{""temperature_K"": 293.15}",EN 10088-1,outokumpu-supra,Outokumpu,Supra range datasheet,Snapshot 39e9860f4900,"Page 8, Supra 316L/4435, row Table 7, Thermal conductivity at 20 °C",15,W/(m·K),2
obs-a1c2bc9a57009c6eba44,stainless-supra-316l-4435,,specific_heat,point,500.0,,,J/(kg*K),typical,"{""temperature_K"": 293.15}",EN 10088-1,outokumpu-supra,Outokumpu,Supra range datasheet,Snapshot 39e9860f4900,"Page 8, Supra 316L/4435, row Table 7, Thermal capacity at 20 °C",500,J/(kg·K),3
obs-be077cdc2b4ca3a7fed3,stainless-supra-316ti-4571,stainless-supra-316ti-4571-reference,tensile_yield_strength,lower_bound,240000000.0,,,Pa,minimum,"{""product_form"": ""sheet"", ""temperature_K"": 293.15}",EN 10088-2,outokumpu-supra,Outokumpu,Supra range datasheet,Snapshot 39e9860f4900,"Page 6, Supra 316Ti/4571, product form C, row Table 5, Rp0.2",240,MPa,3
obs-7c79a7bba1b28d6a5d79,stainless-supra-316ti-4571,stainless-supra-316ti-4571-reference,ultimate_tensile_strength,interval,,540000000.0,690000000.0,Pa,specified_range,"{""product_form"": ""sheet"", ""temperature_K"": 293.15}",EN 10088-2,outokumpu-supra,Outokumpu,Supra range datasheet,Snapshot 39e9860f4900,"Page 6, Supra 316Ti/4571, product form C, row Table 5, Rm",540–690,MPa,3
obs-0c09e45c310195039742,stainless-supra-316ti-4571,stainless-supra-316ti-4571-reference,elongation_at_break,lower_bound,0.4,,,1,minimum,"{""product_form"": ""sheet"", ""temperature_K"": 293.15}",EN 10088-2,outokumpu-supra,Outokumpu,Supra range datasheet,Snapshot 39e9860f4900,"Page 6, Supra 316Ti/4571, product form C, row Table 5, A80 (80 mm gauge length)",40,%,2
obs-79739b6d1fcca3a2c2c3,stainless-supra-316ti-4571,,density,point,8000.0,,,kg/m^3,typical,{},EN 10088-1,outokumpu-supra,Outokumpu,Supra range datasheet,Snapshot 39e9860f4900,"Page 8, Supra 316Ti/4571, row Table 7, Density",8.0,kg/dm³,2
obs-6bc654ef62ff12fbd44a,stainless-supra-316ti-4571,,youngs_modulus,point,200000000000.0,,,Pa,typical,"{""temperature_K"": 293.15}",EN 10088-1,outokumpu-supra,Outokumpu,Supra range datasheet,Snapshot 39e9860f4900,"Page 8, Supra 316Ti/4571, row Table 7, Modulus of elasticity at 20 °C",200,GPa,3
obs-0966c47e5b4e617b5b58,stainless-supra-316ti-4571,,thermal_conductivity,point,15.0,,,W/(m*K),typical,"{""temperature_K"": 293.15}",EN 10088-1,outokumpu-supra,Outokumpu,Supra range datasheet,Snapshot 39e9860f4900,"Page 8, Supra 316Ti/4571, row Table 7, Thermal conductivity at 20 °C",15,W/(m·K),2
obs-1b51764915e21dfe040f,stainless-supra-316ti-4571,,specific_heat,point,500.0,,,J/(kg*K),typical,"{""temperature_K"": 293.15}",EN 10088-1,outokumpu-supra,Outokumpu,Supra range datasheet,Snapshot 39e9860f4900,"Page 8, Supra 316Ti/4571, row Table 7, Thermal capacity at 20 °C",500,J/(kg·K),3
obs-62834de591dd3abfeab6,stainless-supra-444-4521,stainless-supra-444-4521-reference,tensile_yield_strength,lower_bound,320000000.0,,,Pa,minimum,"{""product_form"": ""sheet"", ""temperature_K"": 293.15}",EN 10088-2,outokumpu-supra,Outokumpu,Supra range datasheet,Snapshot 39e9860f4900,"Page 6, Supra 444/4521, product form C, row Table 5, Rp0.2",320,MPa,3
obs-2495d99fe5596b02f1ba,stainless-supra-444-4521,stainless-supra-444-4521-reference,ultimate_tensile_strength,interval,,420000000.0,640000000.0,Pa,specified_range,"{""product_form"": ""sheet"", ""temperature_K"": 293.15}",EN 10088-2,outokumpu-supra,Outokumpu,Supra range datasheet,Snapshot 39e9860f4900,"Page 6, Supra 444/4521, product form C, row Table 5, Rm",420–640,MPa,3
obs-331ba57d37d6127439d6,stainless-supra-444-4521,stainless-supra-444-4521-reference,elongation_at_break,lower_bound,0.2,,,1,minimum,"{""product_form"": ""sheet"", ""temperature_K"": 293.15}",EN 10088-2,outokumpu-supra,Outokumpu,Supra range datasheet,Snapshot 39e9860f4900,"Page 6, Supra 444/4521, product form C, row Table 5, A80 (80 mm gauge length)",20,%,2
obs-2ca7ba5c17de5570d226,stainless-supra-444-4521,,density,point,7700.0,,,kg/m^3,typical,{},EN 10088-1,outokumpu-supra,Outokumpu,Supra range datasheet,Snapshot 39e9860f4900,"Page 8, Supra 444/4521, row Table 7, Density",7.7,kg/dm³,2
obs-b6b62d45b65c9f45ed82,stainless-supra-444-4521,,youngs_modulus,point,220000000000.0,,,Pa,typical,"{""temperature_K"": 293.15}",EN 10088-1,outokumpu-supra,Outokumpu,Supra range datasheet,Snapshot 39e9860f4900,"Page 8, Supra 444/4521, row Table 7, Modulus of elasticity at 20 °C",220,GPa,3
obs-9c5582a3c2eeac37e786,stainless-supra-444-4521,,thermal_conductivity,point,23.0,,,W/(m*K),typical,"{""temperature_K"": 293.15}",EN 10088-1,outokumpu-supra,Outokumpu,Supra range datasheet,Snapshot 39e9860f4900,"Page 8, Supra 444/4521, row Table 7, Thermal conductivity at 20 °C",23,W/(m·K),2
obs-86f460c27b3786c43822,stainless-supra-444-4521,,specific_heat,point,430.0,,,J/(kg*K),typical,"{""temperature_K"": 293.15}",EN 10088-1,outokumpu-supra,Outokumpu,Supra range datasheet,Snapshot 39e9860f4900,"Page 8, Supra 444/4521, row Table 7, Thermal capacity at 20 °C",430,J/(kg·K),3
obs-9823e4a767f62f399ea1,stainless-forta-dx-2205,,density,point,7800.0,,,kg/m^3,typical,{},EN 10088-1,outokumpu-forta,Outokumpu,Forta Duplex range datasheet,Snapshot 3283f08f406a,"Page 12, Forta DX 2205, row Table 9, Density",7.8,kg/dm³,2
obs-05788c78a6b360476b7a,stainless-forta-dx-2205,,youngs_modulus,point,200000000000.0,,,Pa,typical,"{""temperature_K"": 293.15}",EN 10088-1,outokumpu-forta,Outokumpu,Forta Duplex range datasheet,Snapshot 3283f08f406a,"Page 12, Forta DX 2205, row Table 9, Modulus of elasticity at 20 °C",200,GPa,3
obs-8405746aa77695faf100,stainless-forta-dx-2205,,thermal_conductivity,point,15.0,,,W/(m*K),typical,"{""temperature_K"": 293.15}",EN 10088-1,outokumpu-forta,Outokumpu,Forta Duplex range datasheet,Snapshot 3283f08f406a,"Page 12, Forta DX 2205, row Table 9, Thermal conductivity at 20 °C",15,W/(m·K),2
obs-7d0eb3d90ce2a03a4f0d,stainless-forta-dx-2205,,specific_heat,point,500.0,,,J/(kg*K),typical,"{""temperature_K"": 293.15}",EN 10088-1,outokumpu-forta,Outokumpu,Forta Duplex range datasheet,Snapshot 3283f08f406a,"Page 12, Forta DX 2205, row Table 9, Thermal capacity at 20 °C",500,J/(kg·K),3
obs-d8556a56fc7d354eb964,stainless-forta-dx-2205,stainless-forta-dx-2205-reference,tensile_yield_strength,lower_bound,500000000.0,,,Pa,minimum,"{""product_form"": ""coil""}",EN 10088-2,outokumpu-forta,Outokumpu,Forta Duplex range datasheet,Snapshot 3283f08f406a,"Page 9, Forta DX 2205, Cold rolled coil (C), row Table 5, Rp0.2",500,MPa,3
obs-1360b8dfd38a05d5f4c3,stainless-forta-dx-2205,stainless-forta-dx-2205-reference,ultimate_tensile_strength,interval,,700000000.0,950000000.0,Pa,specified_range,"{""product_form"": ""coil""}",EN 10088-2,outokumpu-forta,Outokumpu,Forta Duplex range datasheet,Snapshot 3283f08f406a,"Page 9, Forta DX 2205, Cold rolled coil (C), row Table 5, Rm",700–950,MPa,3
obs-8f4c877d3bd7d1dc0ad6,stainless-forta-dx-2205,stainless-forta-dx-2205-reference,elongation_at_break,lower_bound,0.2,,,1,minimum,"{""product_form"": ""coil""}",EN 10088-2,outokumpu-forta,Outokumpu,Forta Duplex range datasheet,Snapshot 3283f08f406a,"Page 9, Forta DX 2205, Cold rolled coil (C), row Table 5, A80, gauge length 80 mm",20,%,2
obs-07b6f91afc20e6168230,stainless-forta-ldx-2101,,density,point,7700.0,,,kg/m^3,typical,{},EN 10088-1,outokumpu-forta,Outokumpu,Forta Duplex range datasheet,Snapshot 3283f08f406a,"Page 12, Forta LDX 2101, row Table 9, Density",7.7,kg/dm³,2
obs-0f9e6038da3c7a24208e,stainless-forta-ldx-2101,,youngs_modulus,point,205000000000.0,,,Pa,typical,"{""temperature_K"": 293.15}",EN 10088-1,outokumpu-forta,Outokumpu,Forta Duplex range datasheet,Snapshot 3283f08f406a,"Page 12, Forta LDX 2101, row Table 9, Modulus of elasticity at 20 °C",205,GPa,3
obs-66ee4463df05283c990d,stainless-forta-ldx-2101,,thermal_conductivity,point,15.0,,,W/(m*K),typical,"{""temperature_K"": 293.15}",EN 10088-1,outokumpu-forta,Outokumpu,Forta Duplex range datasheet,Snapshot 3283f08f406a,"Page 12, Forta LDX 2101, row Table 9, Thermal conductivity at 20 °C",15,W/(m·K),2
obs-e689373e204a428f23d0,stainless-forta-ldx-2101,,specific_heat,point,500.0,,,J/(kg*K),typical,"{""temperature_K"": 293.15}",EN 10088-1,outokumpu-forta,Outokumpu,Forta Duplex range datasheet,Snapshot 3283f08f406a,"Page 12, Forta LDX 2101, row Table 9, Thermal capacity at 20 °C",500,J/(kg·K),3
obs-18581d7cfabe8bf9f226,stainless-forta-ldx-2101,stainless-forta-ldx-2101-reference,tensile_yield_strength,lower_bound,530000000.0,,,Pa,minimum,"{""product_form"": ""coil""}",EN 10088-2,outokumpu-forta,Outokumpu,Forta Duplex range datasheet,Snapshot 3283f08f406a,"Page 9, Forta LDX 2101, Cold rolled coil (C), row Table 5, Rp0.2",530,MPa,3
obs-7c49e560079cf24fda1b,stainless-forta-ldx-2101,stainless-forta-ldx-2101-reference,ultimate_tensile_strength,interval,,700000000.0,900000000.0,Pa,specified_range,"{""product_form"": ""coil""}",EN 10088-2,outokumpu-forta,Outokumpu,Forta Duplex range datasheet,Snapshot 3283f08f406a,"Page 9, Forta LDX 2101, Cold rolled coil (C), row Table 5, Rm",700–900,MPa,3
obs-80cc924cf73c2de38e1b,stainless-forta-ldx-2101,stainless-forta-ldx-2101-reference,elongation_at_break,lower_bound,0.2,,,1,minimum,"{""product_form"": ""coil""}",EN 10088-2,outokumpu-forta,Outokumpu,Forta Duplex range datasheet,Snapshot 3283f08f406a,"Page 9, Forta LDX 2101, Cold rolled coil (C), row Table 5, A80, gauge length 80 mm",20,%,2
obs-a22349fcc101661ef815,stainless-forta-dx-2304,,density,point,7800.0,,,kg/m^3,typical,{},EN 10088-1,outokumpu-forta,Outokumpu,Forta Duplex range datasheet,Snapshot 3283f08f406a,"Page 12, Forta DX 2304, row Table 9, Density",7.8,kg/dm³,2
obs-5eea0946f0ac64477ace,stainless-forta-dx-2304,,youngs_modulus,point,200000000000.0,,,Pa,typical,"{""temperature_K"": 293.15}",EN 10088-1,outokumpu-forta,Outokumpu,Forta Duplex range datasheet,Snapshot 3283f08f406a,"Page 12, Forta DX 2304, row Table 9, Modulus of elasticity at 20 °C",200,GPa,3
obs-7923b0bc0445df178f37,stainless-forta-dx-2304,,thermal_conductivity,point,15.0,,,W/(m*K),typical,"{""temperature_K"": 293.15}",EN 10088-1,outokumpu-forta,Outokumpu,Forta Duplex range datasheet,Snapshot 3283f08f406a,"Page 12, Forta DX 2304, row Table 9, Thermal conductivity at 20 °C",15,W/(m·K),2
obs-224cbd53d42c2e1bc20b,stainless-forta-dx-2304,,specific_heat,point,500.0,,,J/(kg*K),typical,"{""temperature_K"": 293.15}",EN 10088-1,outokumpu-forta,Outokumpu,Forta Duplex range datasheet,Snapshot 3283f08f406a,"Page 12, Forta DX 2304, row Table 9, Thermal capacity at 20 °C",500,J/(kg·K),3
obs-b209c3969e2d5a962081,stainless-forta-dx-2304,stainless-forta-dx-2304-reference,tensile_yield_strength,lower_bound,450000000.0,,,Pa,minimum,"{""product_form"": ""coil""}",EN 10088-2,outokumpu-forta,Outokumpu,Forta Duplex range datasheet,Snapshot 3283f08f406a,"Page 9, Forta DX 2304, Cold rolled coil (C), row Table 5, Rp0.2",450,MPa,3
obs-679adc20d63860e46201,stainless-forta-dx-2304,stainless-forta-dx-2304-reference,ultimate_tensile_strength,interval,,650000000.0,850000000.0,Pa,specified_range,"{""product_form"": ""coil""}",EN 10088-2,outokumpu-forta,Outokumpu,Forta Duplex range datasheet,Snapshot 3283f08f406a,"Page 9, Forta DX 2304, Cold rolled coil (C), row Table 5, Rm",650–850,MPa,3
obs-c80c469f34fecdf58ddd,stainless-forta-dx-2304,stainless-forta-dx-2304-reference,elongation_at_break,lower_bound,0.2,,,1,minimum,"{""product_form"": ""coil""}",EN 10088-2,outokumpu-forta,Outokumpu,Forta Duplex range datasheet,Snapshot 3283f08f406a,"Page 9, Forta DX 2304, Cold rolled coil (C), row Table 5, A80, gauge length 80 mm",20,%,2
obs-84491af69cf326402eaa,stainless-forta-edx-2304,,density,point,7800.0,,,kg/m^3,typical,{},EN 10088-1,outokumpu-forta,Outokumpu,Forta Duplex range datasheet,Snapshot 3283f08f406a,"Page 12, Forta EDX 2304, row Table 9, Density",7.8,kg/dm³,2
obs-138ab186fd05dd496269,stainless-forta-edx-2304,,youngs_modulus,point,200000000000.0,,,Pa,typical,"{""temperature_K"": 293.15}",EN 10088-1,outokumpu-forta,Outokumpu,Forta Duplex range datasheet,Snapshot 3283f08f406a,"Page 12, Forta EDX 2304, row Table 9, Modulus of elasticity at 20 °C",200,GPa,3
obs-32734e34feefc9df7616,stainless-forta-edx-2304,,thermal_conductivity,point,15.0,,,W/(m*K),typical,"{""temperature_K"": 293.15}",EN 10088-1,outokumpu-forta,Outokumpu,Forta Duplex range datasheet,Snapshot 3283f08f406a,"Page 12, Forta EDX 2304, row Table 9, Thermal conductivity at 20 °C",15,W/(m·K),2
obs-0a12b1b93eb558007727,stainless-forta-edx-2304,,specific_heat,point,500.0,,,J/(kg*K),typical,"{""temperature_K"": 293.15}",EN 10088-1,outokumpu-forta,Outokumpu,Forta Duplex range datasheet,Snapshot 3283f08f406a,"Page 12, Forta EDX 2304, row Table 9, Thermal capacity at 20 °C",500,J/(kg·K),3
obs-95ee13dad923c15edde0,stainless-forta-edx-2304,stainless-forta-edx-2304-reference,tensile_yield_strength,lower_bound,500000000.0,,,Pa,minimum,"{""product_form"": ""coil""}",Outokumpu MDS-D35 (footnote 2),outokumpu-forta,Outokumpu,Forta Duplex range datasheet,Snapshot 3283f08f406a,"Page 9, Forta EDX 2304, Cold rolled coil (C) 2), row Table 5, Rp0.2",500,MPa,3
obs-5671abba24cdc76c8488,stainless-forta-edx-2304,stainless-forta-edx-2304-reference,ultimate_tensile_strength,lower_bound,690000000.0,,,Pa,minimum,"{""product_form"": ""coil""}",Outokumpu MDS-D35 (footnote 2),outokumpu-forta,Outokumpu,Forta Duplex range datasheet,Snapshot 3283f08f406a,"Page 9, Forta EDX 2304, Cold rolled coil (C) 2), row Table 5, Rm",690,MPa,3
obs-0f5a8c961ed1487ca950,stainless-forta-edx-2304,stainless-forta-edx-2304-reference,elongation_at_break,lower_bound,0.25,,,1,minimum,"{""product_form"": ""coil""}",Outokumpu MDS-D35 (footnote 2),outokumpu-forta,Outokumpu,Forta Duplex range datasheet,Snapshot 3283f08f406a,"Page 9, Forta EDX 2304, Cold rolled coil (C) 2), row Table 5, A5, gauge length 5.65√S0",25,%,2
obs-e85a39e1e1cbb5d9e5dc,stainless-forta-ldx-2404,,density,point,7700.0,,,kg/m^3,typical,{},EN 10088-1,outokumpu-forta,Outokumpu,Forta Duplex range datasheet,Snapshot 3283f08f406a,"Page 12, Forta LDX 2404, row Table 9, Density",7.7,kg/dm³,2
obs-92eb212f2e111f2883ac,stainless-forta-ldx-2404,,youngs_modulus,point,205000000000.0,,,Pa,typical,"{""temperature_K"": 293.15}",EN 10088-1,outokumpu-forta,Outokumpu,Forta Duplex range datasheet,Snapshot 3283f08f406a,"Page 12, Forta LDX 2404, row Table 9, Modulus of elasticity at 20 °C",205,GPa,3
obs-05eae20253ec063f2f3e,stainless-forta-ldx-2404,,thermal_conductivity,point,15.0,,,W/(m*K),typical,"{""temperature_K"": 293.15}",EN 10088-1,outokumpu-forta,Outokumpu,Forta Duplex range datasheet,Snapshot 3283f08f406a,"Page 12, Forta LDX 2404, row Table 9, Thermal conductivity at 20 °C",15,W/(m·K),2
obs-9cb7be706a75d31d9c87,stainless-forta-ldx-2404,,specific_heat,point,500.0,,,J/(kg*K),typical,"{""temperature_K"": 293.15}",EN 10088-1,outokumpu-forta,Outokumpu,Forta Duplex range datasheet,Snapshot 3283f08f406a,"Page 12, Forta LDX 2404, row Table 9, Thermal capacity at 20 °C",500,J/(kg·K),3
obs-49aff23c4b4c6b12a752,stainless-forta-ldx-2404,stainless-forta-ldx-2404-reference,tensile_yield_strength,lower_bound,550000000.0,,,Pa,minimum,"{""product_form"": ""coil""}",EN 10088-2,outokumpu-forta,Outokumpu,Forta Duplex range datasheet,Snapshot 3283f08f406a,"Page 9, Forta LDX 2404, Cold rolled coil (C), row Table 5, Rp0.2",550,MPa,3
obs-d535470b93a0b9097cee,stainless-forta-ldx-2404,stainless-forta-ldx-2404-reference,ultimate_tensile_strength,interval,,750000000.0,900000000.0,Pa,specified_range,"{""product_form"": ""coil""}",EN 10088-2,outokumpu-forta,Outokumpu,Forta Duplex range datasheet,Snapshot 3283f08f406a,"Page 9, Forta LDX 2404, Cold rolled coil (C), row Table 5, Rm",750–900,MPa,3
obs-d3af6664ca06fbe03410,stainless-forta-ldx-2404,stainless-forta-ldx-2404-reference,elongation_at_break,lower_bound,0.2,,,1,minimum,"{""product_form"": ""coil""}",EN 10088-2,outokumpu-forta,Outokumpu,Forta Duplex range datasheet,Snapshot 3283f08f406a,"Page 9, Forta LDX 2404, Cold rolled coil (C), row Table 5, A80, gauge length 80 mm",20,%,2
obs-79feb542bb8cc82a8082,stainless-forta-sdx-100,,density,point,7800.0,,,kg/m^3,typical,{},EN 10088-1,outokumpu-forta,Outokumpu,Forta Duplex range datasheet,Snapshot 3283f08f406a,"Page 12, Forta SDX 100, row Table 9, Density",7.8,kg/dm³,2
obs-5a09e230b18e830f4bcb,stainless-forta-sdx-100,,youngs_modulus,point,200000000000.0,,,Pa,typical,"{""temperature_K"": 293.15}",EN 10088-1,outokumpu-forta,Outokumpu,Forta Duplex range datasheet,Snapshot 3283f08f406a,"Page 12, Forta SDX 100, row Table 9, Modulus of elasticity at 20 °C",200,GPa,3
obs-1177c429c369b2361a08,stainless-forta-sdx-100,,thermal_conductivity,point,15.0,,,W/(m*K),typical,"{""temperature_K"": 293.15}",EN 10088-1,outokumpu-forta,Outokumpu,Forta Duplex range datasheet,Snapshot 3283f08f406a,"Page 12, Forta SDX 100, row Table 9, Thermal conductivity at 20 °C",15,W/(m·K),2
obs-32034130901d04c3a754,stainless-forta-sdx-100,,specific_heat,point,500.0,,,J/(kg*K),typical,"{""temperature_K"": 293.15}",EN 10088-1,outokumpu-forta,Outokumpu,Forta Duplex range datasheet,Snapshot 3283f08f406a,"Page 12, Forta SDX 100, row Table 9, Thermal capacity at 20 °C",500,J/(kg·K),3
obs-979b1264946f05f2eb25,stainless-forta-sdx-100,stainless-forta-sdx-100-reference,tensile_yield_strength,lower_bound,550000000.0,,,Pa,minimum,"{""product_form"": ""coil""}",EN 10088-2,outokumpu-forta,Outokumpu,Forta Duplex range datasheet,Snapshot 3283f08f406a,"Page 9, Forta SDX 100, Cold rolled coil (C), row Table 5, Rp0.2",550,MPa,3
obs-667d233e6ecab44b54b2,stainless-forta-sdx-100,stainless-forta-sdx-100-reference,ultimate_tensile_strength,interval,,750000000.0,1000000000.0,Pa,specified_range,"{""product_form"": ""coil""}",EN 10088-2,outokumpu-forta,Outokumpu,Forta Duplex range datasheet,Snapshot 3283f08f406a,"Page 9, Forta SDX 100, Cold rolled coil (C), row Table 5, Rm",750–1000,MPa,3
obs-3d42df60646fa7948876,stainless-forta-sdx-100,stainless-forta-sdx-100-reference,elongation_at_break,lower_bound,0.2,,,1,minimum,"{""product_form"": ""coil""}",EN 10088-2,outokumpu-forta,Outokumpu,Forta Duplex range datasheet,Snapshot 3283f08f406a,"Page 9, Forta SDX 100, Cold rolled coil (C), row Table 5, A80, gauge length 80 mm",20,%,2
obs-d0b984b63edbed4ebff8,stainless-forta-sdx-2507,,density,point,7800.0,,,kg/m^3,typical,{},EN 10088-1,outokumpu-forta,Outokumpu,Forta Duplex range datasheet,Snapshot 3283f08f406a,"Page 12, Forta SDX 2507, row Table 9, Density",7.8,kg/dm³,2
obs-877fc7b2ee3448dc261f,stainless-forta-sdx-2507,,youngs_modulus,point,200000000000.0,,,Pa,typical,"{""temperature_K"": 293.15}",EN 10088-1,outokumpu-forta,Outokumpu,Forta Duplex range datasheet,Snapshot 3283f08f406a,"Page 12, Forta SDX 2507, row Table 9, Modulus of elasticity at 20 °C",200,GPa,3
obs-f52bedf995379b888a35,stainless-forta-sdx-2507,,thermal_conductivity,point,15.0,,,W/(m*K),typical,"{""temperature_K"": 293.15}",EN 10088-1,outokumpu-forta,Outokumpu,Forta Duplex range datasheet,Snapshot 3283f08f406a,"Page 12, Forta SDX 2507, row Table 9, Thermal conductivity at 20 °C",15,W/(m·K),2
obs-23dceb2d5be66c6a4a30,stainless-forta-sdx-2507,,specific_heat,point,500.0,,,J/(kg*K),typical,"{""temperature_K"": 293.15}",EN 10088-1,outokumpu-forta,Outokumpu,Forta Duplex range datasheet,Snapshot 3283f08f406a,"Page 12, Forta SDX 2507, row Table 9, Thermal capacity at 20 °C",500,J/(kg·K),3
obs-38dccab3b4c4ccb618f1,stainless-forta-sdx-2507,stainless-forta-sdx-2507-reference,tensile_yield_strength,lower_bound,550000000.0,,,Pa,minimum,"{""product_form"": ""coil""}",EN 10088-2,outokumpu-forta,Outokumpu,Forta Duplex range datasheet,Snapshot 3283f08f406a,"Page 9, Forta SDX 2507, Cold rolled coil (C), row Table 5, Rp0.2",550,MPa,3
obs-e58ea36018d9f6ccf664,stainless-forta-sdx-2507,stainless-forta-sdx-2507-reference,ultimate_tensile_strength,interval,,750000000.0,1000000000.0,Pa,specified_range,"{""product_form"": ""coil""}",EN 10088-2,outokumpu-forta,Outokumpu,Forta Duplex range datasheet,Snapshot 3283f08f406a,"Page 9, Forta SDX 2507, Cold rolled coil (C), row Table 5, Rm",750–1000,MPa,3
obs-1795ffd3522096338bc5,stainless-forta-sdx-2507,stainless-forta-sdx-2507-reference,elongation_at_break,lower_bound,0.2,,,1,minimum,"{""product_form"": ""coil""}",EN 10088-2,outokumpu-forta,Outokumpu,Forta Duplex range datasheet,Snapshot 3283f08f406a,"Page 9, Forta SDX 2507, Cold rolled coil (C), row Table 5, A80, gauge length 80 mm",20,%,2
obs-873565359fcbfd841f9e,stainless-therma-253-ma,,density,point,7800.0,,,kg/m^3,typical,"{""temperature_K"": 293.15}",Outokumpu values and European standards (Table 14),outokumpu-therma,Outokumpu,Therma range datasheet,Snapshot 146c7dd9817a,"Page 11, Therma 253 MA, row Table 14, Density at 20 °C",7.8,kg/dm³,2
obs-e4b9ba561de8fc550b9f,stainless-therma-253-ma,,youngs_modulus,point,200000000000.0,,,Pa,typical,"{""temperature_K"": 293.15}",Outokumpu values and European standards (Table 14),outokumpu-therma,Outokumpu,Therma range datasheet,Snapshot 146c7dd9817a,"Page 11, Therma 253 MA, row Table 14, Modulus of elasticity at 20 °C",200,GPa,3
obs-030881e3c0fdca83a53d,stainless-therma-253-ma,,youngs_modulus,point,155000000000.0,,,Pa,typical,"{""temperature_K"": 873.15}",Outokumpu values and European standards (Table 14),outokumpu-therma,Outokumpu,Therma range datasheet,Snapshot 146c7dd9817a,"Page 11, Therma 253 MA, row Table 14, Modulus of elasticity at 600 °C",155,GPa,3
obs-ec51bd833c4eab7d2106,stainless-therma-253-ma,,youngs_modulus,point,120000000000.0,,,Pa,typical,"{""temperature_K"": 1273.15}",Outokumpu values and European standards (Table 14),outokumpu-therma,Outokumpu,Therma range datasheet,Snapshot 146c7dd9817a,"Page 11, Therma 253 MA, row Table 14, Modulus of elasticity at 1000 °C",120,GPa,3
obs-3c12e235c00fd929cea2,stainless-therma-253-ma,,thermal_conductivity,point,15.0,,,W/(m*K),typical,"{""temperature_K"": 293.15}",Outokumpu values and European standards (Table 14),outokumpu-therma,Outokumpu,Therma range datasheet,Snapshot 146c7dd9817a,"Page 11, Therma 253 MA, row Table 14, Thermal conductivity at 20 °C",15,W/(m·K),2
obs-8f7c110c7784f0376f44,stainless-therma-253-ma,,thermal_conductivity,point,21.0,,,W/(m*K),typical,"{""temperature_K"": 773.15}",Outokumpu values and European standards (Table 14),outokumpu-therma,Outokumpu,Therma range datasheet,Snapshot 146c7dd9817a,"Page 11, Therma 253 MA, row Table 14, Thermal conductivity at 500 °C",21,W/(m·K),2
obs-6d42f0e26d30ce5bdb93,stainless-therma-253-ma,,thermal_conductivity,point,26.0,,,W/(m*K),typical,"{""temperature_K"": 1073.15}",Outokumpu values and European standards (Table 14),outokumpu-therma,Outokumpu,Therma range datasheet,Snapshot 146c7dd9817a,"Page 11, Therma 253 MA, row Table 14, Thermal conductivity at 800 °C",26,W/(m·K),2
obs-feeec1be8955b0c918b8,stainless-therma-253-ma,,specific_heat,point,500.0,,,J/(kg*K),typical,"{""temperature_K"": 293.15}",Outokumpu values and European standards (Table 14),outokumpu-therma,Outokumpu,Therma range datasheet,Snapshot 146c7dd9817a,"Page 11, Therma 253 MA, row Table 14, Thermal capacity at 20 °C",500,J/(kg·K),3
obs-557c6e16e60c6c078be6,stainless-therma-253-ma,,tensile_yield_strength,lower_bound,280000000.0,,,Pa,minimum,"{""temperature_K"": 323.15}",Outokumpu values based on EN 10028-7 (footnote 1),outokumpu-therma,Outokumpu,Therma range datasheet,Snapshot 146c7dd9817a,"Page 8, Therma 253 MA, 50 °C, row Table 5, Rp0.2",280,MPa,3
obs-32dc49c7b96794f6939a,stainless-therma-253-ma,,tensile_yield_strength,lower_bound,230000000.0,,,Pa,minimum,"{""temperature_K"": 373.15}",Outokumpu values based on EN 10028-7 (footnote 1),outokumpu-therma,Outokumpu,Therma range datasheet,Snapshot 146c7dd9817a,"Page 8, Therma 253 MA, 100 °C, row Table 5, Rp0.2",230,MPa,3
obs-474c6d2d70956ea33d36,stainless-therma-253-ma,,tensile_yield_strength,lower_bound,198000000.0,,,Pa,minimum,"{""temperature_K"": 423.15}",Outokumpu values based on EN 10028-7 (footnote 1),outokumpu-therma,Outokumpu,Therma range datasheet,Snapshot 146c7dd9817a,"Page 8, Therma 253 MA, 150 °C, row Table 5, Rp0.2",198,MPa,3
obs-097d87343df0f4e6a343,stainless-therma-253-ma,,tensile_yield_strength,lower_bound,185000000.0,,,Pa,minimum,"{""temperature_K"": 473.15}",Outokumpu values based on EN 10028-7 (footnote 1),outokumpu-therma,Outokumpu,Therma range datasheet,Snapshot 146c7dd9817a,"Page 8, Therma 253 MA, 200 °C, row Table 5, Rp0.2",185,MPa,3
obs-d4cd3ac59b81d16d49cc,stainless-therma-253-ma,,tensile_yield_strength,lower_bound,176000000.0,,,Pa,minimum,"{""temperature_K"": 523.15}",Outokumpu values based on EN 10028-7 (footnote 1),outokumpu-therma,Outokumpu,Therma range datasheet,Snapshot 146c7dd9817a,"Page 8, Therma 253 MA, 250 °C, row Table 5, Rp0.2",176,MPa,3
obs-639024015fb51dfc3b00,stainless-therma-253-ma,,tensile_yield_strength,lower_bound,170000000.0,,,Pa,minimum,"{""temperature_K"": 573.15}",Outokumpu values based on EN 10028-7 (footnote 1),outokumpu-therma,Outokumpu,Therma range datasheet,Snapshot 146c7dd9817a,"Page 8, Therma 253 MA, 300 °C, row Table 5, Rp0.2",170,MPa,3
obs-818515493604a2100f8f,stainless-therma-253-ma,,tensile_yield_strength,lower_bound,165000000.0,,,Pa,minimum,"{""temperature_K"": 623.15}",Outokumpu values based on EN 10028-7 (footnote 1),outokumpu-therma,Outokumpu,Therma range datasheet,Snapshot 146c7dd9817a,"Page 8, Therma 253 MA, 350 °C, row Table 5, Rp0.2",165,MPa,3
obs-6e14616f838e1780b357,stainless-therma-253-ma,,tensile_yield_strength,lower_bound,160000000.0,,,Pa,minimum,"{""temperature_K"": 673.15}",Outokumpu values based on EN 10028-7 (footnote 1),outokumpu-therma,Outokumpu,Therma range datasheet,Snapshot 146c7dd9817a,"Page 8, Therma 253 MA, 400 °C, row Table 5, Rp0.2",160,MPa,3
obs-15125402fbe9e858ca24,stainless-therma-253-ma,,tensile_yield_strength,lower_bound,155000000.0,,,Pa,minimum,"{""temperature_K"": 723.15}",Outokumpu values based on EN 10028-7 (footnote 1),outokumpu-therma,Outokumpu,Therma range datasheet,Snapshot 146c7dd9817a,"Page 8, Therma 253 MA, 450 °C, row Table 5, Rp0.2",155,MPa,3
obs-4e50a550e26ac43a9da4,stainless-therma-253-ma,,ultimate_tensile_strength,lower_bound,630000000.0,,,Pa,minimum,"{""temperature_K"": 323.15}",Outokumpu values based on EN 10028-7 (footnote 1),outokumpu-therma,Outokumpu,Therma range datasheet,Snapshot 146c7dd9817a,"Page 8, Therma 253 MA, 50 °C, row Table 7, Rm",630,MPa,3
obs-88853cce02c57bed1dfb,stainless-therma-253-ma,,ultimate_tensile_strength,lower_bound,585000000.0,,,Pa,minimum,"{""temperature_K"": 373.15}",Outokumpu values based on EN 10028-7 (footnote 1),outokumpu-therma,Outokumpu,Therma range datasheet,Snapshot 146c7dd9817a,"Page 8, Therma 253 MA, 100 °C, row Table 7, Rm",585,MPa,3
obs-6e1a474b8152e580b8ea,stainless-therma-253-ma,,ultimate_tensile_strength,lower_bound,560000000.0,,,Pa,minimum,"{""temperature_K"": 423.15}",Outokumpu values based on EN 10028-7 (footnote 1),outokumpu-therma,Outokumpu,Therma range datasheet,Snapshot 146c7dd9817a,"Page 8, Therma 253 MA, 150 °C, row Table 7, Rm",560,MPa,3
obs-54492618b4aa0ce59d58,stainless-therma-253-ma,,ultimate_tensile_strength,lower_bound,545000000.0,,,Pa,minimum,"{""temperature_K"": 473.15}",Outokumpu values based on EN 10028-7 (footnote 1),outokumpu-therma,Outokumpu,Therma range datasheet,Snapshot 146c7dd9817a,"Page 8, Therma 253 MA, 200 °C, row Table 7, Rm",545,MPa,3
obs-dc56ab6ab65c57f7c7d9,stainless-therma-253-ma,,ultimate_tensile_strength,lower_bound,538000000.0,,,Pa,minimum,"{""temperature_K"": 523.15}",Outokumpu values based on EN 10028-7 (footnote 1),outokumpu-therma,Outokumpu,Therma range datasheet,Snapshot 146c7dd9817a,"Page 8, Therma 253 MA, 250 °C, row Table 7, Rm",538,MPa,3
obs-22aa04cdacc39d2a1a1a,stainless-therma-253-ma,,ultimate_tensile_strength,lower_bound,535000000.0,,,Pa,minimum,"{""temperature_K"": 573.15}",Outokumpu values based on EN 10028-7 (footnote 1),outokumpu-therma,Outokumpu,Therma range datasheet,Snapshot 146c7dd9817a,"Page 8, Therma 253 MA, 300 °C, row Table 7, Rm",535,MPa,3
obs-ed8860e2f832abc68f9b,stainless-therma-253-ma,,ultimate_tensile_strength,lower_bound,533000000.0,,,Pa,minimum,"{""temperature_K"": 623.15}",Outokumpu values based on EN 10028-7 (footnote 1),outokumpu-therma,Outokumpu,Therma range datasheet,Snapshot 146c7dd9817a,"Page 8, Therma 253 MA, 350 °C, row Table 7, Rm",533,MPa,3
obs-cba5b8fd53ed0e0cb7f9,stainless-therma-253-ma,,ultimate_tensile_strength,lower_bound,530000000.0,,,Pa,minimum,"{""temperature_K"": 673.15}",Outokumpu values based on EN 10028-7 (footnote 1),outokumpu-therma,Outokumpu,Therma range datasheet,Snapshot 146c7dd9817a,"Page 8, Therma 253 MA, 400 °C, row Table 7, Rm",530,MPa,3
obs-8e26cc6c161034cca7a9,stainless-therma-253-ma,,ultimate_tensile_strength,lower_bound,515000000.0,,,Pa,minimum,"{""temperature_K"": 723.15}",Outokumpu values based on EN 10028-7 (footnote 1),outokumpu-therma,Outokumpu,Therma range datasheet,Snapshot 146c7dd9817a,"Page 8, Therma 253 MA, 450 °C, row Table 7, Rm",515,MPa,3
obs-65526e436b172a263e98,stainless-therma-310s-4845,,density,point,7800.0,,,kg/m^3,typical,"{""temperature_K"": 293.15}",Outokumpu values and European standards (Table 14),outokumpu-therma,Outokumpu,Therma range datasheet,Snapshot 146c7dd9817a,"Page 11, Therma 310S/4845, row Table 14, Density at 20 °C",7.8,kg/dm³,2
obs-598fbde0163076b0cce7,stainless-therma-310s-4845,,youngs_modulus,point,196000000000.0,,,Pa,typical,"{""temperature_K"": 293.15}",Outokumpu values and European standards (Table 14),outokumpu-therma,Outokumpu,Therma range datasheet,Snapshot 146c7dd9817a,"Page 11, Therma 310S/4845, row Table 14, Modulus of elasticity at 20 °C",196,GPa,3
obs-fb010367bc37ad52eae4,stainless-therma-310s-4845,,youngs_modulus,point,150000000000.0,,,Pa,typical,"{""temperature_K"": 873.15}",Outokumpu values and European standards (Table 14),outokumpu-therma,Outokumpu,Therma range datasheet,Snapshot 146c7dd9817a,"Page 11, Therma 310S/4845, row Table 14, Modulus of elasticity at 600 °C",150,GPa,3
obs-e86812280b9e8d93d496,stainless-therma-310s-4845,,youngs_modulus,point,120000000000.0,,,Pa,typical,"{""temperature_K"": 1273.15}",Outokumpu values and European standards (Table 14),outokumpu-therma,Outokumpu,Therma range datasheet,Snapshot 146c7dd9817a,"Page 11, Therma 310S/4845, row Table 14, Modulus of elasticity at 1000 °C",120,GPa,3
obs-6f82cf83caf9c7b9bb0d,stainless-therma-310s-4845,,thermal_conductivity,point,15.0,,,W/(m*K),typical,"{""temperature_K"": 293.15}",Outokumpu values and European standards (Table 14),outokumpu-therma,Outokumpu,Therma range datasheet,Snapshot 146c7dd9817a,"Page 11, Therma 310S/4845, row Table 14, Thermal conductivity at 20 °C",15,W/(m·K),2
obs-90e5ad8c9b6dcd81d66f,stainless-therma-310s-4845,,thermal_conductivity,point,19.0,,,W/(m*K),typical,"{""temperature_K"": 773.15}",Outokumpu values and European standards (Table 14),outokumpu-therma,Outokumpu,Therma range datasheet,Snapshot 146c7dd9817a,"Page 11, Therma 310S/4845, row Table 14, Thermal conductivity at 500 °C",19,W/(m·K),2
obs-270cef7f094f8309ea51,stainless-therma-310s-4845,,thermal_conductivity,point,24.0,,,W/(m*K),typical,"{""temperature_K"": 1073.15}",Outokumpu values and European standards (Table 14),outokumpu-therma,Outokumpu,Therma range datasheet,Snapshot 146c7dd9817a,"Page 11, Therma 310S/4845, row Table 14, Thermal conductivity at 800 °C",24,W/(m·K),2
obs-0643e7f638b4f10ad371,stainless-therma-310s-4845,,specific_heat,point,472.0,,,J/(kg*K),typical,"{""temperature_K"": 293.15}",Outokumpu values and European standards (Table 14),outokumpu-therma,Outokumpu,Therma range datasheet,Snapshot 146c7dd9817a,"Page 11, Therma 310S/4845, row Table 14, Thermal capacity at 20 °C",472,J/(kg·K),3
obs-376cf31ae3a3a7532cfd,stainless-therma-310s-4845,,tensile_yield_strength,lower_bound,140000000.0,,,Pa,minimum,"{""temperature_K"": 373.15}",Outokumpu values based on EN 10028-7 (footnote 1),outokumpu-therma,Outokumpu,Therma range datasheet,Snapshot 146c7dd9817a,"Page 8, Therma 310S/4845, 100 °C, row Table 5, Rp0.2",140,MPa,3
obs-e7027dd603ed20da6be9,stainless-therma-310s-4845,,tensile_yield_strength,lower_bound,128000000.0,,,Pa,minimum,"{""temperature_K"": 423.15}",Outokumpu values based on EN 10028-7 (footnote 1),outokumpu-therma,Outokumpu,Therma range datasheet,Snapshot 146c7dd9817a,"Page 8, Therma 310S/4845, 150 °C, row Table 5, Rp0.2",128,MPa,3
obs-911cfe145e04ac8f4b31,stainless-therma-310s-4845,,tensile_yield_strength,lower_bound,116000000.0,,,Pa,minimum,"{""temperature_K"": 473.15}",Outokumpu values based on EN 10028-7 (footnote 1),outokumpu-therma,Outokumpu,Therma range datasheet,Snapshot 146c7dd9817a,"Page 8, Therma 310S/4845, 200 °C, row Table 5, Rp0.2",116,MPa,3
obs-e69ef63fc535611347be,stainless-therma-310s-4845,,tensile_yield_strength,lower_bound,108000000.0,,,Pa,minimum,"{""temperature_K"": 523.15}",Outokumpu values based on EN 10028-7 (footnote 1),outokumpu-therma,Outokumpu,Therma range datasheet,Snapshot 146c7dd9817a,"Page 8, Therma 310S/4845, 250 °C, row Table 5, Rp0.2",108,MPa,3
obs-161c0e141469cd101a88,stainless-therma-310s-4845,,tensile_yield_strength,lower_bound,100000000.0,,,Pa,minimum,"{""temperature_K"": 573.15}",Outokumpu values based on EN 10028-7 (footnote 1),outokumpu-therma,Outokumpu,Therma range datasheet,Snapshot 146c7dd9817a,"Page 8, Therma 310S/4845, 300 °C, row Table 5, Rp0.2",100,MPa,3
obs-06f0b7d9062f9b542646,stainless-therma-310s-4845,,tensile_yield_strength,lower_bound,94000000.0,,,Pa,minimum,"{""temperature_K"": 623.15}",Outokumpu values based on EN 10028-7 (footnote 1),outokumpu-therma,Outokumpu,Therma range datasheet,Snapshot 146c7dd9817a,"Page 8, Therma 310S/4845, 350 °C, row Table 5, Rp0.2",94,MPa,2
obs-505391d5004bcf5202a5,stainless-therma-310s-4845,,tensile_yield_strength,lower_bound,91000000.0,,,Pa,minimum,"{""temperature_K"": 673.15}",Outokumpu values based on EN 10028-7 (footnote 1),outokumpu-therma,Outokumpu,Therma range datasheet,Snapshot 146c7dd9817a,"Page 8, Therma 310S/4845, 400 °C, row Table 5, Rp0.2",91,MPa,2
obs-ca00fd5b69640e292c0a,stainless-therma-310s-4845,,tensile_yield_strength,lower_bound,86000000.0,,,Pa,minimum,"{""temperature_K"": 723.15}",Outokumpu values based on EN 10028-7 (footnote 1),outokumpu-therma,Outokumpu,Therma range datasheet,Snapshot 146c7dd9817a,"Page 8, Therma 310S/4845, 450 °C, row Table 5, Rp0.2",86,MPa,2
obs-50ad3a3a5e3894295cf6,stainless-therma-310s-4845,,ultimate_tensile_strength,lower_bound,470000000.0,,,Pa,minimum,"{""temperature_K"": 373.15}",Outokumpu values based on EN 10028-7 (footnote 1),outokumpu-therma,Outokumpu,Therma range datasheet,Snapshot 146c7dd9817a,"Page 8, Therma 310S/4845, 100 °C, row Table 7, Rm",470,MPa,3
obs-371463dfbbeb72a10a0e,stainless-therma-310s-4845,,ultimate_tensile_strength,lower_bound,450000000.0,,,Pa,minimum,"{""temperature_K"": 423.15}",Outokumpu values based on EN 10028-7 (footnote 1),outokumpu-therma,Outokumpu,Therma range datasheet,Snapshot 146c7dd9817a,"Page 8, Therma 310S/4845, 150 °C, row Table 7, Rm",450,MPa,3
obs-2ad975cd0b28e98290cf,stainless-therma-310s-4845,,ultimate_tensile_strength,lower_bound,430000000.0,,,Pa,minimum,"{""temperature_K"": 473.15}",Outokumpu values based on EN 10028-7 (footnote 1),outokumpu-therma,Outokumpu,Therma range datasheet,Snapshot 146c7dd9817a,"Page 8, Therma 310S/4845, 200 °C, row Table 7, Rm",430,MPa,3
obs-b88987eee622002ab625,stainless-therma-310s-4845,,ultimate_tensile_strength,lower_bound,420000000.0,,,Pa,minimum,"{""temperature_K"": 523.15}",Outokumpu values based on EN 10028-7 (footnote 1),outokumpu-therma,Outokumpu,Therma range datasheet,Snapshot 146c7dd9817a,"Page 8, Therma 310S/4845, 250 °C, row Table 7, Rm",420,MPa,3
obs-591093b31dea34c6796c,stainless-therma-310s-4845,,ultimate_tensile_strength,lower_bound,410000000.0,,,Pa,minimum,"{""temperature_K"": 573.15}",Outokumpu values based on EN 10028-7 (footnote 1),outokumpu-therma,Outokumpu,Therma range datasheet,Snapshot 146c7dd9817a,"Page 8, Therma 310S/4845, 300 °C, row Table 7, Rm",410,MPa,3
obs-5946c6aef85a482b3d27,stainless-therma-310s-4845,,ultimate_tensile_strength,lower_bound,405000000.0,,,Pa,minimum,"{""temperature_K"": 623.15}",Outokumpu values based on EN 10028-7 (footnote 1),outokumpu-therma,Outokumpu,Therma range datasheet,Snapshot 146c7dd9817a,"Page 8, Therma 310S/4845, 350 °C, row Table 7, Rm",405,MPa,3
obs-3377d7140f04a0bc31a4,stainless-therma-310s-4845,,ultimate_tensile_strength,lower_bound,400000000.0,,,Pa,minimum,"{""temperature_K"": 673.15}",Outokumpu values based on EN 10028-7 (footnote 1),outokumpu-therma,Outokumpu,Therma range datasheet,Snapshot 146c7dd9817a,"Page 8, Therma 310S/4845, 400 °C, row Table 7, Rm",400,MPa,3
obs-114732faf2ea68437582,stainless-therma-310s-4845,,ultimate_tensile_strength,lower_bound,385000000.0,,,Pa,minimum,"{""temperature_K"": 723.15}",Outokumpu values based on EN 10028-7 (footnote 1),outokumpu-therma,Outokumpu,Therma range datasheet,Snapshot 146c7dd9817a,"Page 8, Therma 310S/4845, 450 °C, row Table 7, Rm",385,MPa,3
obs-4d0abcc337b85d869382,stainless-therma-304h-4948,,density,point,7900.0,,,kg/m^3,typical,"{""temperature_K"": 293.15}",Outokumpu values and European standards (Table 14),outokumpu-therma,Outokumpu,Therma range datasheet,Snapshot 146c7dd9817a,"Page 11, Therma 304H/4948, row Table 14, Density at 20 °C",7.9,kg/dm³,2
obs-53e52b2d1437d9a9e72a,stainless-therma-304h-4948,,youngs_modulus,point,200000000000.0,,,Pa,typical,"{""temperature_K"": 293.15}",Outokumpu values and European standards (Table 14),outokumpu-therma,Outokumpu,Therma range datasheet,Snapshot 146c7dd9817a,"Page 11, Therma 304H/4948, row Table 14, Modulus of elasticity at 20 °C",200,GPa,3
obs-8ee395adce2a63cb707b,stainless-therma-304h-4948,,youngs_modulus,point,155000000000.0,,,Pa,typical,"{""temperature_K"": 873.15}",Outokumpu values and European standards (Table 14),outokumpu-therma,Outokumpu,Therma range datasheet,Snapshot 146c7dd9817a,"Page 11, Therma 304H/4948, row Table 14, Modulus of elasticity at 600 °C",155,GPa,3
obs-84b0583516aa889d96ba,stainless-therma-304h-4948,,youngs_modulus,point,125000000000.0,,,Pa,typical,"{""temperature_K"": 1273.15}",Outokumpu values and European standards (Table 14),outokumpu-therma,Outokumpu,Therma range datasheet,Snapshot 146c7dd9817a,"Page 11, Therma 304H/4948, row Table 14, Modulus of elasticity at 1000 °C",125,GPa,3
obs-1e324279dd438b8c262e,stainless-therma-304h-4948,,thermal_conductivity,point,17.0,,,W/(m*K),typical,"{""temperature_K"": 293.15}",Outokumpu values and European standards (Table 14),outokumpu-therma,Outokumpu,Therma range datasheet,Snapshot 146c7dd9817a,"Page 11, Therma 304H/4948, row Table 14, Thermal conductivity at 20 °C",17,W/(m·K),2
obs-c1b6efb2daba23494bd8,stainless-therma-304h-4948,,thermal_conductivity,point,21.0,,,W/(m*K),typical,"{""temperature_K"": 773.15}",Outokumpu values and European standards (Table 14),outokumpu-therma,Outokumpu,Therma range datasheet,Snapshot 146c7dd9817a,"Page 11, Therma 304H/4948, row Table 14, Thermal conductivity at 500 °C",21,W/(m·K),2
obs-dad156637f437027aa0e,stainless-therma-304h-4948,,specific_heat,point,450.0,,,J/(kg*K),typical,"{""temperature_K"": 293.15}",Outokumpu values and European standards (Table 14),outokumpu-therma,Outokumpu,Therma range datasheet,Snapshot 146c7dd9817a,"Page 11, Therma 304H/4948, row Table 14, Thermal capacity at 20 °C",450,J/(kg·K),3
obs-b5a29e742814d000d85d,stainless-therma-304h-4948,,tensile_yield_strength,lower_bound,178000000.0,,,Pa,minimum,"{""temperature_K"": 323.15}",Outokumpu values based on EN 10028-7 (footnote 1),outokumpu-therma,Outokumpu,Therma range datasheet,Snapshot 146c7dd9817a,"Page 8, Therma 304H/4948, 50 °C, row Table 5, Rp0.2",178,MPa,3
obs-08a81ab24eb30c9d54dc,stainless-therma-304h-4948,,tensile_yield_strength,lower_bound,157000000.0,,,Pa,minimum,"{""temperature_K"": 373.15}",Outokumpu values based on EN 10028-7 (footnote 1),outokumpu-therma,Outokumpu,Therma range datasheet,Snapshot 146c7dd9817a,"Page 8, Therma 304H/4948, 100 °C, row Table 5, Rp0.2",157,MPa,3
obs-6a69918983334bea02b6,stainless-therma-304h-4948,,tensile_yield_strength,lower_bound,142000000.0,,,Pa,minimum,"{""temperature_K"": 423.15}",Outokumpu values based on EN 10028-7 (footnote 1),outokumpu-therma,Outokumpu,Therma range datasheet,Snapshot 146c7dd9817a,"Page 8, Therma 304H/4948, 150 °C, row Table 5, Rp0.2",142,MPa,3
obs-1f9fd584ca6d4fa3fa4e,stainless-therma-304h-4948,,tensile_yield_strength,lower_bound,127000000.0,,,Pa,minimum,"{""temperature_K"": 473.15}",Outokumpu values based on EN 10028-7 (footnote 1),outokumpu-therma,Outokumpu,Therma range datasheet,Snapshot 146c7dd9817a,"Page 8, Therma 304H/4948, 200 °C, row Table 5, Rp0.2",127,MPa,3
obs-4e3971bd0d781342aa85,stainless-therma-304h-4948,,tensile_yield_strength,lower_bound,117000000.0,,,Pa,minimum,"{""temperature_K"": 523.15}",Outokumpu values based on EN 10028-7 (footnote 1),outokumpu-therma,Outokumpu,Therma range datasheet,Snapshot 146c7dd9817a,"Page 8, Therma 304H/4948, 250 °C, row Table 5, Rp0.2",117,MPa,3
obs-150980fe4418b1acfacd,stainless-therma-304h-4948,,tensile_yield_strength,lower_bound,108000000.0,,,Pa,minimum,"{""temperature_K"": 573.15}",Outokumpu values based on EN 10028-7 (footnote 1),outokumpu-therma,Outokumpu,Therma range datasheet,Snapshot 146c7dd9817a,"Page 8, Therma 304H/4948, 300 °C, row Table 5, Rp0.2",108,MPa,3
obs-b30bc6601702bf219143,stainless-therma-304h-4948,,tensile_yield_strength,lower_bound,103000000.0,,,Pa,minimum,"{""temperature_K"": 623.15}",Outokumpu values based on EN 10028-7 (footnote 1),outokumpu-therma,Outokumpu,Therma range datasheet,Snapshot 146c7dd9817a,"Page 8, Therma 304H/4948, 350 °C, row Table 5, Rp0.2",103,MPa,3
obs-3cfbe61d287a4b12332c,stainless-therma-304h-4948,,tensile_yield_strength,lower_bound,98000000.0,,,Pa,minimum,"{""temperature_K"": 673.15}",Outokumpu values based on EN 10028-7 (footnote 1),outokumpu-therma,Outokumpu,Therma range datasheet,Snapshot 146c7dd9817a,"Page 8, Therma 304H/4948, 400 °C, row Table 5, Rp0.2",98,MPa,2
obs-49a6d454e7dc0b3e140b,stainless-therma-304h-4948,,tensile_yield_strength,lower_bound,93000000.0,,,Pa,minimum,"{""temperature_K"": 723.15}",Outokumpu values based on EN 10028-7 (footnote 1),outokumpu-therma,Outokumpu,Therma range datasheet,Snapshot 146c7dd9817a,"Page 8, Therma 304H/4948, 450 °C, row Table 5, Rp0.2",93,MPa,2
obs-c787e7be260cd8a32120,stainless-therma-304h-4948,,ultimate_tensile_strength,lower_bound,484000000.0,,,Pa,minimum,"{""temperature_K"": 323.15}",Outokumpu values based on EN 10028-7 (footnote 1),outokumpu-therma,Outokumpu,Therma range datasheet,Snapshot 146c7dd9817a,"Page 8, Therma 304H/4948, 50 °C, row Table 7, Rm",484,MPa,3
obs-c0e6b05287b05e676dfb,stainless-therma-304h-4948,,ultimate_tensile_strength,lower_bound,440000000.0,,,Pa,minimum,"{""temperature_K"": 373.15}",Outokumpu values based on EN 10028-7 (footnote 1),outokumpu-therma,Outokumpu,Therma range datasheet,Snapshot 146c7dd9817a,"Page 8, Therma 304H/4948, 100 °C, row Table 7, Rm",440,MPa,3
obs-dfe56d3c31f851eca176,stainless-therma-304h-4948,,ultimate_tensile_strength,lower_bound,410000000.0,,,Pa,minimum,"{""temperature_K"": 423.15}",Outokumpu values based on EN 10028-7 (footnote 1),outokumpu-therma,Outokumpu,Therma range datasheet,Snapshot 146c7dd9817a,"Page 8, Therma 304H/4948, 150 °C, row Table 7, Rm",410,MPa,3
obs-9676a87040daad54e737,stainless-therma-304h-4948,,ultimate_tensile_strength,lower_bound,390000000.0,,,Pa,minimum,"{""temperature_K"": 473.15}",Outokumpu values based on EN 10028-7 (footnote 1),outokumpu-therma,Outokumpu,Therma range datasheet,Snapshot 146c7dd9817a,"Page 8, Therma 304H/4948, 200 °C, row Table 7, Rm",390,MPa,3
obs-125cabf089a11565c97b,stainless-therma-304h-4948,,ultimate_tensile_strength,lower_bound,385000000.0,,,Pa,minimum,"{""temperature_K"": 523.15}",Outokumpu values based on EN 10028-7 (footnote 1),outokumpu-therma,Outokumpu,Therma range datasheet,Snapshot 146c7dd9817a,"Page 8, Therma 304H/4948, 250 °C, row Table 7, Rm",385,MPa,3
obs-ab2c70e3b5d91cc9fd4f,stainless-therma-304h-4948,,ultimate_tensile_strength,lower_bound,375000000.0,,,Pa,minimum,"{""temperature_K"": 573.15}",Outokumpu values based on EN 10028-7 (footnote 1),outokumpu-therma,Outokumpu,Therma range datasheet,Snapshot 146c7dd9817a,"Page 8, Therma 304H/4948, 300 °C, row Table 7, Rm",375,MPa,3
obs-aaca01f9107d6b856abd,stainless-therma-304h-4948,,ultimate_tensile_strength,lower_bound,375000000.0,,,Pa,minimum,"{""temperature_K"": 623.15}",Outokumpu values based on EN 10028-7 (footnote 1),outokumpu-therma,Outokumpu,Therma range datasheet,Snapshot 146c7dd9817a,"Page 8, Therma 304H/4948, 350 °C, row Table 7, Rm",375,MPa,3
obs-31f41e54c4831b865722,stainless-therma-304h-4948,,ultimate_tensile_strength,lower_bound,375000000.0,,,Pa,minimum,"{""temperature_K"": 673.15}",Outokumpu values based on EN 10028-7 (footnote 1),outokumpu-therma,Outokumpu,Therma range datasheet,Snapshot 146c7dd9817a,"Page 8, Therma 304H/4948, 400 °C, row Table 7, Rm",375,MPa,3
obs-cbeed920fb6239048de8,stainless-therma-304h-4948,,ultimate_tensile_strength,lower_bound,370000000.0,,,Pa,minimum,"{""temperature_K"": 723.15}",Outokumpu values based on EN 10028-7 (footnote 1),outokumpu-therma,Outokumpu,Therma range datasheet,Snapshot 146c7dd9817a,"Page 8, Therma 304H/4948, 450 °C, row Table 7, Rm",370,MPa,3
obs-5dd2eddcbab80c94e5ae,stainless-therma-321h-4878,,density,point,7900.0,,,kg/m^3,typical,"{""temperature_K"": 293.15}",Outokumpu values and European standards (Table 14),outokumpu-therma,Outokumpu,Therma range datasheet,Snapshot 146c7dd9817a,"Page 11, Therma 321H/4878, row Table 14, Density at 20 °C",7.9,kg/dm³,2
obs-a474c2f2e35270690454,stainless-therma-321h-4878,,youngs_modulus,point,196000000000.0,,,Pa,typical,"{""temperature_K"": 293.15}",Outokumpu values and European standards (Table 14),outokumpu-therma,Outokumpu,Therma range datasheet,Snapshot 146c7dd9817a,"Page 11, Therma 321H/4878, row Table 14, Modulus of elasticity at 20 °C",196,GPa,3
obs-f1007a28338eca099da1,stainless-therma-321h-4878,,youngs_modulus,point,150000000000.0,,,Pa,typical,"{""temperature_K"": 873.15}",Outokumpu values and European standards (Table 14),outokumpu-therma,Outokumpu,Therma range datasheet,Snapshot 146c7dd9817a,"Page 11, Therma 321H/4878, row Table 14, Modulus of elasticity at 600 °C",150,GPa,3
obs-87b0b0ef1a6bb853aade,stainless-therma-321h-4878,,thermal_conductivity,point,15.0,,,W/(m*K),typical,"{""temperature_K"": 293.15}",Outokumpu values and European standards (Table 14),outokumpu-therma,Outokumpu,Therma range datasheet,Snapshot 146c7dd9817a,"Page 11, Therma 321H/4878, row Table 14, Thermal conductivity at 20 °C",15,W/(m·K),2
obs-7e96da16cc9bc820320d,stainless-therma-321h-4878,,thermal_conductivity,point,21.0,,,W/(m*K),typical,"{""temperature_K"": 773.15}",Outokumpu values and European standards (Table 14),outokumpu-therma,Outokumpu,Therma range datasheet,Snapshot 146c7dd9817a,"Page 11, Therma 321H/4878, row Table 14, Thermal conductivity at 500 °C",21,W/(m·K),2
obs-077e6b0a93b6689be368,stainless-therma-321h-4878,,thermal_conductivity,point,26.0,,,W/(m*K),typical,"{""temperature_K"": 1073.15}",Outokumpu values and European standards (Table 14),outokumpu-therma,Outokumpu,Therma range datasheet,Snapshot 146c7dd9817a,"Page 11, Therma 321H/4878, row Table 14, Thermal conductivity at 800 °C",26,W/(m·K),2
obs-d9e337c8287a5850e062,stainless-therma-321h-4878,,specific_heat,point,472.0,,,J/(kg*K),typical,"{""temperature_K"": 293.15}",Outokumpu values and European standards (Table 14),outokumpu-therma,Outokumpu,Therma range datasheet,Snapshot 146c7dd9817a,"Page 11, Therma 321H/4878, row Table 14, Thermal capacity at 20 °C",472,J/(kg·K),3
obs-0a089bbbc08d73acfbbf,stainless-therma-321h-4878,,tensile_yield_strength,lower_bound,162000000.0,,,Pa,minimum,"{""temperature_K"": 373.15}",Outokumpu values based on EN 10028-7 (footnote 1),outokumpu-therma,Outokumpu,Therma range datasheet,Snapshot 146c7dd9817a,"Page 8, Therma 321H/4878, 100 °C, row Table 5, Rp0.2",162,MPa,3
obs-9bf1f531a4863b93f9a2,stainless-therma-321h-4878,,tensile_yield_strength,lower_bound,152000000.0,,,Pa,minimum,"{""temperature_K"": 423.15}",Outokumpu values based on EN 10028-7 (footnote 1),outokumpu-therma,Outokumpu,Therma range datasheet,Snapshot 146c7dd9817a,"Page 8, Therma 321H/4878, 150 °C, row Table 5, Rp0.2",152,MPa,3
obs-109e93e479c4125d36ae,stainless-therma-321h-4878,,tensile_yield_strength,lower_bound,142000000.0,,,Pa,minimum,"{""temperature_K"": 473.15}",Outokumpu values based on EN 10028-7 (footnote 1),outokumpu-therma,Outokumpu,Therma range datasheet,Snapshot 146c7dd9817a,"Page 8, Therma 321H/4878, 200 °C, row Table 5, Rp0.2",142,MPa,3
obs-225992d2482fdcb8a30a,stainless-therma-321h-4878,,tensile_yield_strength,lower_bound,137000000.0,,,Pa,minimum,"{""temperature_K"": 523.15}",Outokumpu values based on EN 10028-7 (footnote 1),outokumpu-therma,Outokumpu,Therma range datasheet,Snapshot 146c7dd9817a,"Page 8, Therma 321H/4878, 250 °C, row Table 5, Rp0.2",137,MPa,3
obs-61c75b39627faf9d1868,stainless-therma-321h-4878,,tensile_yield_strength,lower_bound,132000000.0,,,Pa,minimum,"{""temperature_K"": 573.15}",Outokumpu values based on EN 10028-7 (footnote 1),outokumpu-therma,Outokumpu,Therma range datasheet,Snapshot 146c7dd9817a,"Page 8, Therma 321H/4878, 300 °C, row Table 5, Rp0.2",132,MPa,3
obs-66aee9834fa0cd7e0c49,stainless-therma-321h-4878,,tensile_yield_strength,lower_bound,127000000.0,,,Pa,minimum,"{""temperature_K"": 623.15}",Outokumpu values based on EN 10028-7 (footnote 1),outokumpu-therma,Outokumpu,Therma range datasheet,Snapshot 146c7dd9817a,"Page 8, Therma 321H/4878, 350 °C, row Table 5, Rp0.2",127,MPa,3
obs-a2de8d0e68edcd5e0f35,stainless-therma-321h-4878,,tensile_yield_strength,lower_bound,123000000.0,,,Pa,minimum,"{""temperature_K"": 673.15}",Outokumpu values based on EN 10028-7 (footnote 1),outokumpu-therma,Outokumpu,Therma range datasheet,Snapshot 146c7dd9817a,"Page 8, Therma 321H/4878, 400 °C, row Table 5, Rp0.2",123,MPa,3
obs-7528aa27b8777c00c29a,stainless-therma-321h-4878,,tensile_yield_strength,lower_bound,118000000.0,,,Pa,minimum,"{""temperature_K"": 723.15}",Outokumpu values based on EN 10028-7 (footnote 1),outokumpu-therma,Outokumpu,Therma range datasheet,Snapshot 146c7dd9817a,"Page 8, Therma 321H/4878, 450 °C, row Table 5, Rp0.2",118,MPa,3
obs-b5ccb2be1f9fb62505eb,stainless-therma-321h-4878,,ultimate_tensile_strength,lower_bound,410000000.0,,,Pa,minimum,"{""temperature_K"": 373.15}",Outokumpu values based on EN 10028-7 (footnote 1),outokumpu-therma,Outokumpu,Therma range datasheet,Snapshot 146c7dd9817a,"Page 8, Therma 321H/4878, 100 °C, row Table 7, Rm",410,MPa,3
obs-a94df44a202bf597d19e,stainless-therma-321h-4878,,ultimate_tensile_strength,lower_bound,390000000.0,,,Pa,minimum,"{""temperature_K"": 423.15}",Outokumpu values based on EN 10028-7 (footnote 1),outokumpu-therma,Outokumpu,Therma range datasheet,Snapshot 146c7dd9817a,"Page 8, Therma 321H/4878, 150 °C, row Table 7, Rm",390,MPa,3
obs-2209b392cdd337ac17c7,stainless-therma-321h-4878,,ultimate_tensile_strength,lower_bound,370000000.0,,,Pa,minimum,"{""temperature_K"": 473.15}",Outokumpu values based on EN 10028-7 (footnote 1),outokumpu-therma,Outokumpu,Therma range datasheet,Snapshot 146c7dd9817a,"Page 8, Therma 321H/4878, 200 °C, row Table 7, Rm",370,MPa,3
obs-e520305188df789885dd,stainless-therma-321h-4878,,ultimate_tensile_strength,lower_bound,360000000.0,,,Pa,minimum,"{""temperature_K"": 523.15}",Outokumpu values based on EN 10028-7 (footnote 1),outokumpu-therma,Outokumpu,Therma range datasheet,Snapshot 146c7dd9817a,"Page 8, Therma 321H/4878, 250 °C, row Table 7, Rm",360,MPa,3
obs-1ce2b3f6f81c200c48cb,stainless-therma-321h-4878,,ultimate_tensile_strength,lower_bound,350000000.0,,,Pa,minimum,"{""temperature_K"": 573.15}",Outokumpu values based on EN 10028-7 (footnote 1),outokumpu-therma,Outokumpu,Therma range datasheet,Snapshot 146c7dd9817a,"Page 8, Therma 321H/4878, 300 °C, row Table 7, Rm",350,MPa,3
obs-a38da59222c7ba2958aa,stainless-therma-321h-4878,,ultimate_tensile_strength,lower_bound,345000000.0,,,Pa,minimum,"{""temperature_K"": 623.15}",Outokumpu values based on EN 10028-7 (footnote 1),outokumpu-therma,Outokumpu,Therma range datasheet,Snapshot 146c7dd9817a,"Page 8, Therma 321H/4878, 350 °C, row Table 7, Rm",345,MPa,3
obs-eab424013cbc3be19c64,stainless-therma-321h-4878,,ultimate_tensile_strength,lower_bound,340000000.0,,,Pa,minimum,"{""temperature_K"": 673.15}",Outokumpu values based on EN 10028-7 (footnote 1),outokumpu-therma,Outokumpu,Therma range datasheet,Snapshot 146c7dd9817a,"Page 8, Therma 321H/4878, 400 °C, row Table 7, Rm",340,MPa,3
obs-475868e1db61a25aac0e,stainless-therma-321h-4878,,ultimate_tensile_strength,lower_bound,335000000.0,,,Pa,minimum,"{""temperature_K"": 723.15}",Outokumpu values based on EN 10028-7 (footnote 1),outokumpu-therma,Outokumpu,Therma range datasheet,Snapshot 146c7dd9817a,"Page 8, Therma 321H/4878, 450 °C, row Table 7, Rm",335,MPa,3
obs-e27e7e94b86a8a4def2c,stainless-therma-347h,,density,point,7900.0,,,kg/m^3,typical,"{""temperature_K"": 293.15}",Outokumpu values and European standards (Table 14),outokumpu-therma,Outokumpu,Therma range datasheet,Snapshot 146c7dd9817a,"Page 11, Therma 347H, row Table 14, Density at 20 °C",7.9,kg/dm³,2
obs-e24a23f65bc61f687846,stainless-therma-347h,,youngs_modulus,point,200000000000.0,,,Pa,typical,"{""temperature_K"": 293.15}",Outokumpu values and European standards (Table 14),outokumpu-therma,Outokumpu,Therma range datasheet,Snapshot 146c7dd9817a,"Page 11, Therma 347H, row Table 14, Modulus of elasticity at 20 °C",200,GPa,3
obs-b855cf5021fcb78dde02,stainless-therma-347h,,youngs_modulus,point,155000000000.0,,,Pa,typical,"{""temperature_K"": 873.15}",Outokumpu values and European standards (Table 14),outokumpu-therma,Outokumpu,Therma range datasheet,Snapshot 146c7dd9817a,"Page 11, Therma 347H, row Table 14, Modulus of elasticity at 600 °C",155,GPa,3
obs-3ceb92aab21b4ec7dcef,stainless-therma-347h,,thermal_conductivity,point,15.0,,,W/(m*K),typical,"{""temperature_K"": 293.15}",Outokumpu values and European standards (Table 14),outokumpu-therma,Outokumpu,Therma range datasheet,Snapshot 146c7dd9817a,"Page 11, Therma 347H, row Table 14, Thermal conductivity at 20 °C",15,W/(m·K),2
obs-9b3879383126b1307f6e,stainless-therma-347h,,thermal_conductivity,point,21.0,,,W/(m*K),typical,"{""temperature_K"": 773.15}",Outokumpu values and European standards (Table 14),outokumpu-therma,Outokumpu,Therma range datasheet,Snapshot 146c7dd9817a,"Page 11, Therma 347H, row Table 14, Thermal conductivity at 500 °C",21,W/(m·K),2
obs-c74231efdfe04397e105,stainless-therma-347h,,specific_heat,point,500.0,,,J/(kg*K),typical,"{""temperature_K"": 293.15}",Outokumpu values and European standards (Table 14),outokumpu-therma,Outokumpu,Therma range datasheet,Snapshot 146c7dd9817a,"Page 11, Therma 347H, row Table 14, Thermal capacity at 20 °C",500,J/(kg·K),3
obs-30d2232c426864c45cb9,stainless-therma-347h,,tensile_yield_strength,lower_bound,191000000.0,,,Pa,minimum,"{""temperature_K"": 323.15}",Outokumpu values based on EN 10028-7 (footnote 1),outokumpu-therma,Outokumpu,Therma range datasheet,Snapshot 146c7dd9817a,"Page 8, Therma 347H, 50 °C, row Table 5, Rp0.2",191,MPa,3
obs-efc73c5af88ea118367a,stainless-therma-347h,,tensile_yield_strength,lower_bound,177000000.0,,,Pa,minimum,"{""temperature_K"": 373.15}",Outokumpu values based on EN 10028-7 (footnote 1),outokumpu-therma,Outokumpu,Therma range datasheet,Snapshot 146c7dd9817a,"Page 8, Therma 347H, 100 °C, row Table 5, Rp0.2",177,MPa,3
obs-4ed1421de3da4181a3ec,stainless-therma-347h,,tensile_yield_strength,lower_bound,167000000.0,,,Pa,minimum,"{""temperature_K"": 423.15}",Outokumpu values based on EN 10028-7 (footnote 1),outokumpu-therma,Outokumpu,Therma range datasheet,Snapshot 146c7dd9817a,"Page 8, Therma 347H, 150 °C, row Table 5, Rp0.2",167,MPa,3
obs-fce725d2464de9c56cfe,stainless-therma-347h,,tensile_yield_strength,lower_bound,157000000.0,,,Pa,minimum,"{""temperature_K"": 473.15}",Outokumpu values based on EN 10028-7 (footnote 1),outokumpu-therma,Outokumpu,Therma range datasheet,Snapshot 146c7dd9817a,"Page 8, Therma 347H, 200 °C, row Table 5, Rp0.2",157,MPa,3
obs-a4a4aeaa50c087120160,stainless-therma-347h,,tensile_yield_strength,lower_bound,147000000.0,,,Pa,minimum,"{""temperature_K"": 523.15}",Outokumpu values based on EN 10028-7 (footnote 1),outokumpu-therma,Outokumpu,Therma range datasheet,Snapshot 146c7dd9817a,"Page 8, Therma 347H, 250 °C, row Table 5, Rp0.2",147,MPa,3
obs-fc5b98d2a648ecf26229,stainless-therma-347h,,tensile_yield_strength,lower_bound,136000000.0,,,Pa,minimum,"{""temperature_K"": 573.15}",Outokumpu values based on EN 10028-7 (footnote 1),outokumpu-therma,Outokumpu,Therma range datasheet,Snapshot 146c7dd9817a,"Page 8, Therma 347H, 300 °C, row Table 5, Rp0.2",136,MPa,3
obs-811ce2ab70f436207c4e,stainless-therma-347h,,tensile_yield_strength,lower_bound,130000000.0,,,Pa,minimum,"{""temperature_K"": 623.15}",Outokumpu values based on EN 10028-7 (footnote 1),outokumpu-therma,Outokumpu,Therma range datasheet,Snapshot 146c7dd9817a,"Page 8, Therma 347H, 350 °C, row Table 5, Rp0.2",130,MPa,3
obs-52084765d3450510260b,stainless-therma-347h,,tensile_yield_strength,lower_bound,125000000.0,,,Pa,minimum,"{""temperature_K"": 673.15}",Outokumpu values based on EN 10028-7 (footnote 1),outokumpu-therma,Outokumpu,Therma range datasheet,Snapshot 146c7dd9817a,"Page 8, Therma 347H, 400 °C, row Table 5, Rp0.2",125,MPa,3
obs-6780ecd507a82cd2a678,stainless-therma-347h,,tensile_yield_strength,lower_bound,121000000.0,,,Pa,minimum,"{""temperature_K"": 723.15}",Outokumpu values based on EN 10028-7 (footnote 1),outokumpu-therma,Outokumpu,Therma range datasheet,Snapshot 146c7dd9817a,"Page 8, Therma 347H, 450 °C, row Table 5, Rp0.2",121,MPa,3
obs-3b35d5748e4b7501ecd8,stainless-therma-347h,,ultimate_tensile_strength,lower_bound,476000000.0,,,Pa,minimum,"{""temperature_K"": 323.15}",Outokumpu values based on EN 10028-7 (footnote 1),outokumpu-therma,Outokumpu,Therma range datasheet,Snapshot 146c7dd9817a,"Page 8, Therma 347H, 50 °C, row Table 7, Rm",476,MPa,3
obs-f53a71b4425513a309d4,stainless-therma-347h,,ultimate_tensile_strength,lower_bound,435000000.0,,,Pa,minimum,"{""temperature_K"": 373.15}",Outokumpu values based on EN 10028-7 (footnote 1),outokumpu-therma,Outokumpu,Therma range datasheet,Snapshot 146c7dd9817a,"Page 8, Therma 347H, 100 °C, row Table 7, Rm",435,MPa,3
obs-3ef66e0e6500f51bad15,stainless-therma-347h,,ultimate_tensile_strength,lower_bound,400000000.0,,,Pa,minimum,"{""temperature_K"": 423.15}",Outokumpu values based on EN 10028-7 (footnote 1),outokumpu-therma,Outokumpu,Therma range datasheet,Snapshot 146c7dd9817a,"Page 8, Therma 347H, 150 °C, row Table 7, Rm",400,MPa,3
obs-4ca8e5a4d5e76076d2ef,stainless-therma-347h,,ultimate_tensile_strength,lower_bound,370000000.0,,,Pa,minimum,"{""temperature_K"": 473.15}",Outokumpu values based on EN 10028-7 (footnote 1),outokumpu-therma,Outokumpu,Therma range datasheet,Snapshot 146c7dd9817a,"Page 8, Therma 347H, 200 °C, row Table 7, Rm",370,MPa,3
obs-84d674d2e681dd592d9a,stainless-therma-347h,,ultimate_tensile_strength,lower_bound,350000000.0,,,Pa,minimum,"{""temperature_K"": 523.15}",Outokumpu values based on EN 10028-7 (footnote 1),outokumpu-therma,Outokumpu,Therma range datasheet,Snapshot 146c7dd9817a,"Page 8, Therma 347H, 250 °C, row Table 7, Rm",350,MPa,3
obs-61febb1e096df5976ced,stainless-therma-347h,,ultimate_tensile_strength,lower_bound,340000000.0,,,Pa,minimum,"{""temperature_K"": 573.15}",Outokumpu values based on EN 10028-7 (footnote 1),outokumpu-therma,Outokumpu,Therma range datasheet,Snapshot 146c7dd9817a,"Page 8, Therma 347H, 300 °C, row Table 7, Rm",340,MPa,3
obs-8c0c06a6c378b6ed1027,stainless-therma-347h,,ultimate_tensile_strength,lower_bound,335000000.0,,,Pa,minimum,"{""temperature_K"": 623.15}",Outokumpu values based on EN 10028-7 (footnote 1),outokumpu-therma,Outokumpu,Therma range datasheet,Snapshot 146c7dd9817a,"Page 8, Therma 347H, 350 °C, row Table 7, Rm",335,MPa,3
obs-57ef3ef553824901e166,stainless-therma-347h,,ultimate_tensile_strength,lower_bound,330000000.0,,,Pa,minimum,"{""temperature_K"": 673.15}",Outokumpu values based on EN 10028-7 (footnote 1),outokumpu-therma,Outokumpu,Therma range datasheet,Snapshot 146c7dd9817a,"Page 8, Therma 347H, 400 °C, row Table 7, Rm",330,MPa,3
obs-291b4a8781792c3935a8,stainless-therma-347h,,ultimate_tensile_strength,lower_bound,320000000.0,,,Pa,minimum,"{""temperature_K"": 723.15}",Outokumpu values based on EN 10028-7 (footnote 1),outokumpu-therma,Outokumpu,Therma range datasheet,Snapshot 146c7dd9817a,"Page 8, Therma 347H, 450 °C, row Table 7, Rm",320,MPa,3
obs-284dd2bd29ba3db57740,stainless-therma-4828,,density,point,7800.0,,,kg/m^3,typical,"{""temperature_K"": 293.15}",Outokumpu values and European standards (Table 14),outokumpu-therma,Outokumpu,Therma range datasheet,Snapshot 146c7dd9817a,"Page 11, Therma 4828, row Table 14, Density at 20 °C",7.8,kg/dm³,2
obs-1bdd7b705c53077d8c9b,stainless-therma-4828,,youngs_modulus,point,196000000000.0,,,Pa,typical,"{""temperature_K"": 293.15}",Outokumpu values and European standards (Table 14),outokumpu-therma,Outokumpu,Therma range datasheet,Snapshot 146c7dd9817a,"Page 11, Therma 4828, row Table 14, Modulus of elasticity at 20 °C",196,GPa,3
obs-b7a82773d0dc7a7badd3,stainless-therma-4828,,youngs_modulus,point,150000000000.0,,,Pa,typical,"{""temperature_K"": 873.15}",Outokumpu values and European standards (Table 14),outokumpu-therma,Outokumpu,Therma range datasheet,Snapshot 146c7dd9817a,"Page 11, Therma 4828, row Table 14, Modulus of elasticity at 600 °C",150,GPa,3
obs-e6bedc6ecf434ae8d05d,stainless-therma-4828,,youngs_modulus,point,120000000000.0,,,Pa,typical,"{""temperature_K"": 1273.15}",Outokumpu values and European standards (Table 14),outokumpu-therma,Outokumpu,Therma range datasheet,Snapshot 146c7dd9817a,"Page 11, Therma 4828, row Table 14, Modulus of elasticity at 1000 °C",120,GPa,3
obs-c2d23388f73da4067abd,stainless-therma-4828,,thermal_conductivity,point,15.0,,,W/(m*K),typical,"{""temperature_K"": 293.15}",Outokumpu values and European standards (Table 14),outokumpu-therma,Outokumpu,Therma range datasheet,Snapshot 146c7dd9817a,"Page 11, Therma 4828, row Table 14, Thermal conductivity at 20 °C",15,W/(m·K),2
obs-b895ffca6947d2fc2d21,stainless-therma-4828,,thermal_conductivity,point,21.0,,,W/(m*K),typical,"{""temperature_K"": 773.15}",Outokumpu values and European standards (Table 14),outokumpu-therma,Outokumpu,Therma range datasheet,Snapshot 146c7dd9817a,"Page 11, Therma 4828, row Table 14, Thermal conductivity at 500 °C",21,W/(m·K),2
obs-ebfe21734d22b09c132a,stainless-therma-4828,,thermal_conductivity,point,25.0,,,W/(m*K),typical,"{""temperature_K"": 1073.15}",Outokumpu values and European standards (Table 14),outokumpu-therma,Outokumpu,Therma range datasheet,Snapshot 146c7dd9817a,"Page 11, Therma 4828, row Table 14, Thermal conductivity at 800 °C",25,W/(m·K),2
obs-34cb41b38a8189da8b95,stainless-therma-4828,,specific_heat,point,472.0,,,J/(kg*K),typical,"{""temperature_K"": 293.15}",Outokumpu values and European standards (Table 14),outokumpu-therma,Outokumpu,Therma range datasheet,Snapshot 146c7dd9817a,"Page 11, Therma 4828, row Table 14, Thermal capacity at 20 °C",472,J/(kg·K),3
obs-fc01d397725bb2f302a9,stainless-therma-4828,,tensile_yield_strength,lower_bound,140000000.0,,,Pa,minimum,"{""temperature_K"": 373.15}",Outokumpu values based on EN 10028-7 (footnote 1),outokumpu-therma,Outokumpu,Therma range datasheet,Snapshot 146c7dd9817a,"Page 8, Therma 4828, 100 °C, row Table 5, Rp0.2",140,MPa,3
obs-9d6df63febdf74199ab5,stainless-therma-4828,,tensile_yield_strength,lower_bound,128000000.0,,,Pa,minimum,"{""temperature_K"": 423.15}",Outokumpu values based on EN 10028-7 (footnote 1),outokumpu-therma,Outokumpu,Therma range datasheet,Snapshot 146c7dd9817a,"Page 8, Therma 4828, 150 °C, row Table 5, Rp0.2",128,MPa,3
obs-f58e488776a4a2c8c142,stainless-therma-4828,,tensile_yield_strength,lower_bound,116000000.0,,,Pa,minimum,"{""temperature_K"": 473.15}",Outokumpu values based on EN 10028-7 (footnote 1),outokumpu-therma,Outokumpu,Therma range datasheet,Snapshot 146c7dd9817a,"Page 8, Therma 4828, 200 °C, row Table 5, Rp0.2",116,MPa,3
obs-488f4df4f344ac9f826f,stainless-therma-4828,,tensile_yield_strength,lower_bound,108000000.0,,,Pa,minimum,"{""temperature_K"": 523.15}",Outokumpu values based on EN 10028-7 (footnote 1),outokumpu-therma,Outokumpu,Therma range datasheet,Snapshot 146c7dd9817a,"Page 8, Therma 4828, 250 °C, row Table 5, Rp0.2",108,MPa,3
obs-d4953130ff9c7af294fd,stainless-therma-4828,,tensile_yield_strength,lower_bound,100000000.0,,,Pa,minimum,"{""temperature_K"": 573.15}",Outokumpu values based on EN 10028-7 (footnote 1),outokumpu-therma,Outokumpu,Therma range datasheet,Snapshot 146c7dd9817a,"Page 8, Therma 4828, 300 °C, row Table 5, Rp0.2",100,MPa,3
obs-0898ee08b17d3a9456e5,stainless-therma-4828,,tensile_yield_strength,lower_bound,94000000.0,,,Pa,minimum,"{""temperature_K"": 623.15}",Outokumpu values based on EN 10028-7 (footnote 1),outokumpu-therma,Outokumpu,Therma range datasheet,Snapshot 146c7dd9817a,"Page 8, Therma 4828, 350 °C, row Table 5, Rp0.2",94,MPa,2
obs-e2edaec785b1162545d8,stainless-therma-4828,,tensile_yield_strength,lower_bound,91000000.0,,,Pa,minimum,"{""temperature_K"": 673.15}",Outokumpu values based on EN 10028-7 (footnote 1),outokumpu-therma,Outokumpu,Therma range datasheet,Snapshot 146c7dd9817a,"Page 8, Therma 4828, 400 °C, row Table 5, Rp0.2",91,MPa,2
obs-7b9fb4ef797bafd80eda,stainless-therma-4828,,tensile_yield_strength,lower_bound,86000000.0,,,Pa,minimum,"{""temperature_K"": 723.15}",Outokumpu values based on EN 10028-7 (footnote 1),outokumpu-therma,Outokumpu,Therma range datasheet,Snapshot 146c7dd9817a,"Page 8, Therma 4828, 450 °C, row Table 5, Rp0.2",86,MPa,2
obs-52aaf6c64dcbc86cfe43,stainless-therma-4828,,ultimate_tensile_strength,lower_bound,470000000.0,,,Pa,minimum,"{""temperature_K"": 373.15}",Outokumpu values based on EN 10028-7 (footnote 1),outokumpu-therma,Outokumpu,Therma range datasheet,Snapshot 146c7dd9817a,"Page 8, Therma 4828, 100 °C, row Table 7, Rm",470,MPa,3
obs-7ccea175f22b4d9c9c6c,stainless-therma-4828,,ultimate_tensile_strength,lower_bound,450000000.0,,,Pa,minimum,"{""temperature_K"": 423.15}",Outokumpu values based on EN 10028-7 (footnote 1),outokumpu-therma,Outokumpu,Therma range datasheet,Snapshot 146c7dd9817a,"Page 8, Therma 4828, 150 °C, row Table 7, Rm",450,MPa,3
obs-ca2885aa9f20f7bd9a43,stainless-therma-4828,,ultimate_tensile_strength,lower_bound,430000000.0,,,Pa,minimum,"{""temperature_K"": 473.15}",Outokumpu values based on EN 10028-7 (footnote 1),outokumpu-therma,Outokumpu,Therma range datasheet,Snapshot 146c7dd9817a,"Page 8, Therma 4828, 200 °C, row Table 7, Rm",430,MPa,3
obs-67c355e87e85f0605ccb,stainless-therma-4828,,ultimate_tensile_strength,lower_bound,420000000.0,,,Pa,minimum,"{""temperature_K"": 523.15}",Outokumpu values based on EN 10028-7 (footnote 1),outokumpu-therma,Outokumpu,Therma range datasheet,Snapshot 146c7dd9817a,"Page 8, Therma 4828, 250 °C, row Table 7, Rm",420,MPa,3
obs-d9e44d55c657e5416d88,stainless-therma-4828,,ultimate_tensile_strength,lower_bound,410000000.0,,,Pa,minimum,"{""temperature_K"": 573.15}",Outokumpu values based on EN 10028-7 (footnote 1),outokumpu-therma,Outokumpu,Therma range datasheet,Snapshot 146c7dd9817a,"Page 8, Therma 4828, 300 °C, row Table 7, Rm",410,MPa,3
obs-6f90c478839384e6a3cd,stainless-therma-4828,,ultimate_tensile_strength,lower_bound,405000000.0,,,Pa,minimum,"{""temperature_K"": 623.15}",Outokumpu values based on EN 10028-7 (footnote 1),outokumpu-therma,Outokumpu,Therma range datasheet,Snapshot 146c7dd9817a,"Page 8, Therma 4828, 350 °C, row Table 7, Rm",405,MPa,3
obs-1006270f25c33dd50daf,stainless-therma-4828,,ultimate_tensile_strength,lower_bound,400000000.0,,,Pa,minimum,"{""temperature_K"": 673.15}",Outokumpu values based on EN 10028-7 (footnote 1),outokumpu-therma,Outokumpu,Therma range datasheet,Snapshot 146c7dd9817a,"Page 8, Therma 4828, 400 °C, row Table 7, Rm",400,MPa,3
obs-69f45472cc39b935bdaf,stainless-therma-4828,,ultimate_tensile_strength,lower_bound,385000000.0,,,Pa,minimum,"{""temperature_K"": 723.15}",Outokumpu values based on EN 10028-7 (footnote 1),outokumpu-therma,Outokumpu,Therma range datasheet,Snapshot 146c7dd9817a,"Page 8, Therma 4828, 450 °C, row Table 7, Rm",385,MPa,3
obs-61b364a238477ff16921,stainless-therma-309s-4833,,density,point,7800.0,,,kg/m^3,typical,"{""temperature_K"": 293.15}",Outokumpu values and European standards (Table 14),outokumpu-therma,Outokumpu,Therma range datasheet,Snapshot 146c7dd9817a,"Page 11, Therma 309S/4833, row Table 14, Density at 20 °C",7.8,kg/dm³,2
obs-2c57c9af6ebecb1496f5,stainless-therma-309s-4833,,youngs_modulus,point,196000000000.0,,,Pa,typical,"{""temperature_K"": 293.15}",Outokumpu values and European standards (Table 14),outokumpu-therma,Outokumpu,Therma range datasheet,Snapshot 146c7dd9817a,"Page 11, Therma 309S/4833, row Table 14, Modulus of elasticity at 20 °C",196,GPa,3
obs-e36c99d6a1aae4e3fe0f,stainless-therma-309s-4833,,youngs_modulus,point,150000000000.0,,,Pa,typical,"{""temperature_K"": 873.15}",Outokumpu values and European standards (Table 14),outokumpu-therma,Outokumpu,Therma range datasheet,Snapshot 146c7dd9817a,"Page 11, Therma 309S/4833, row Table 14, Modulus of elasticity at 600 °C",150,GPa,3
obs-2880d6c68336990c5fff,stainless-therma-309s-4833,,youngs_modulus,point,120000000000.0,,,Pa,typical,"{""temperature_K"": 1273.15}",Outokumpu values and European standards (Table 14),outokumpu-therma,Outokumpu,Therma range datasheet,Snapshot 146c7dd9817a,"Page 11, Therma 309S/4833, row Table 14, Modulus of elasticity at 1000 °C",120,GPa,3
obs-2f7270a7971655a4904d,stainless-therma-309s-4833,,thermal_conductivity,point,15.0,,,W/(m*K),typical,"{""temperature_K"": 293.15}",Outokumpu values and European standards (Table 14),outokumpu-therma,Outokumpu,Therma range datasheet,Snapshot 146c7dd9817a,"Page 11, Therma 309S/4833, row Table 14, Thermal conductivity at 20 °C",15,W/(m·K),2
obs-228b04426b4a1630910c,stainless-therma-309s-4833,,thermal_conductivity,point,19.0,,,W/(m*K),typical,"{""temperature_K"": 773.15}",Outokumpu values and European standards (Table 14),outokumpu-therma,Outokumpu,Therma range datasheet,Snapshot 146c7dd9817a,"Page 11, Therma 309S/4833, row Table 14, Thermal conductivity at 500 °C",19,W/(m·K),2
obs-8dd626c49befcbc7d436,stainless-therma-309s-4833,,thermal_conductivity,point,25.0,,,W/(m*K),typical,"{""temperature_K"": 1073.15}",Outokumpu values and European standards (Table 14),outokumpu-therma,Outokumpu,Therma range datasheet,Snapshot 146c7dd9817a,"Page 11, Therma 309S/4833, row Table 14, Thermal conductivity at 800 °C",25,W/(m·K),2
obs-a88fac0562dfc46dccf1,stainless-therma-309s-4833,,specific_heat,point,472.0,,,J/(kg*K),typical,"{""temperature_K"": 293.15}",Outokumpu values and European standards (Table 14),outokumpu-therma,Outokumpu,Therma range datasheet,Snapshot 146c7dd9817a,"Page 11, Therma 309S/4833, row Table 14, Thermal capacity at 20 °C",472,J/(kg·K),3
obs-529a82e0f23520e75192,stainless-therma-309s-4833,,tensile_yield_strength,lower_bound,140000000.0,,,Pa,minimum,"{""temperature_K"": 373.15}",Outokumpu values based on EN 10028-7 (footnote 1),outokumpu-therma,Outokumpu,Therma range datasheet,Snapshot 146c7dd9817a,"Page 8, Therma 309S/4833, 100 °C, row Table 5, Rp0.2",140,MPa,3
obs-28ed56963a16de4833e6,stainless-therma-309s-4833,,tensile_yield_strength,lower_bound,128000000.0,,,Pa,minimum,"{""temperature_K"": 423.15}",Outokumpu values based on EN 10028-7 (footnote 1),outokumpu-therma,Outokumpu,Therma range datasheet,Snapshot 146c7dd9817a,"Page 8, Therma 309S/4833, 150 °C, row Table 5, Rp0.2",128,MPa,3
obs-faf3ececafaafaa79961,stainless-therma-309s-4833,,tensile_yield_strength,lower_bound,116000000.0,,,Pa,minimum,"{""temperature_K"": 473.15}",Outokumpu values based on EN 10028-7 (footnote 1),outokumpu-therma,Outokumpu,Therma range datasheet,Snapshot 146c7dd9817a,"Page 8, Therma 309S/4833, 200 °C, row Table 5, Rp0.2",116,MPa,3
obs-225dbc676c7b0b9818a4,stainless-therma-309s-4833,,tensile_yield_strength,lower_bound,108000000.0,,,Pa,minimum,"{""temperature_K"": 523.15}",Outokumpu values based on EN 10028-7 (footnote 1),outokumpu-therma,Outokumpu,Therma range datasheet,Snapshot 146c7dd9817a,"Page 8, Therma 309S/4833, 250 °C, row Table 5, Rp0.2",108,MPa,3
obs-9215e1c2f79951872661,stainless-therma-309s-4833,,tensile_yield_strength,lower_bound,100000000.0,,,Pa,minimum,"{""temperature_K"": 573.15}",Outokumpu values based on EN 10028-7 (footnote 1),outokumpu-therma,Outokumpu,Therma range datasheet,Snapshot 146c7dd9817a,"Page 8, Therma 309S/4833, 300 °C, row Table 5, Rp0.2",100,MPa,3
obs-3a566ea4b7932f00c6da,stainless-therma-309s-4833,,tensile_yield_strength,lower_bound,94000000.0,,,Pa,minimum,"{""temperature_K"": 623.15}",Outokumpu values based on EN 10028-7 (footnote 1),outokumpu-therma,Outokumpu,Therma range datasheet,Snapshot 146c7dd9817a,"Page 8, Therma 309S/4833, 350 °C, row Table 5, Rp0.2",94,MPa,2
obs-a92ca45e560f9359ce1d,stainless-therma-309s-4833,,tensile_yield_strength,lower_bound,91000000.0,,,Pa,minimum,"{""temperature_K"": 673.15}",Outokumpu values based on EN 10028-7 (footnote 1),outokumpu-therma,Outokumpu,Therma range datasheet,Snapshot 146c7dd9817a,"Page 8, Therma 309S/4833, 400 °C, row Table 5, Rp0.2",91,MPa,2
obs-6450edee19d9226ccd95,stainless-therma-309s-4833,,tensile_yield_strength,lower_bound,86000000.0,,,Pa,minimum,"{""temperature_K"": 723.15}",Outokumpu values based on EN 10028-7 (footnote 1),outokumpu-therma,Outokumpu,Therma range datasheet,Snapshot 146c7dd9817a,"Page 8, Therma 309S/4833, 450 °C, row Table 5, Rp0.2",86,MPa,2
obs-c6628ca75bfbbc55aa5e,stainless-therma-309s-4833,,ultimate_tensile_strength,lower_bound,470000000.0,,,Pa,minimum,"{""temperature_K"": 373.15}",Outokumpu values based on EN 10028-7 (footnote 1),outokumpu-therma,Outokumpu,Therma range datasheet,Snapshot 146c7dd9817a,"Page 8, Therma 309S/4833, 100 °C, row Table 7, Rm",470,MPa,3
obs-d6321732e80896dc56c6,stainless-therma-309s-4833,,ultimate_tensile_strength,lower_bound,450000000.0,,,Pa,minimum,"{""temperature_K"": 423.15}",Outokumpu values based on EN 10028-7 (footnote 1),outokumpu-therma,Outokumpu,Therma range datasheet,Snapshot 146c7dd9817a,"Page 8, Therma 309S/4833, 150 °C, row Table 7, Rm",450,MPa,3
obs-b21e016db47b252bd250,stainless-therma-309s-4833,,ultimate_tensile_strength,lower_bound,430000000.0,,,Pa,minimum,"{""temperature_K"": 473.15}",Outokumpu values based on EN 10028-7 (footnote 1),outokumpu-therma,Outokumpu,Therma range datasheet,Snapshot 146c7dd9817a,"Page 8, Therma 309S/4833, 200 °C, row Table 7, Rm",430,MPa,3
obs-f65f58639e3104f0a759,stainless-therma-309s-4833,,ultimate_tensile_strength,lower_bound,420000000.0,,,Pa,minimum,"{""temperature_K"": 523.15}",Outokumpu values based on EN 10028-7 (footnote 1),outokumpu-therma,Outokumpu,Therma range datasheet,Snapshot 146c7dd9817a,"Page 8, Therma 309S/4833, 250 °C, row Table 7, Rm",420,MPa,3
obs-ce0478dbb5aed2805dfd,stainless-therma-309s-4833,,ultimate_tensile_strength,lower_bound,410000000.0,,,Pa,minimum,"{""temperature_K"": 573.15}",Outokumpu values based on EN 10028-7 (footnote 1),outokumpu-therma,Outokumpu,Therma range datasheet,Snapshot 146c7dd9817a,"Page 8, Therma 309S/4833, 300 °C, row Table 7, Rm",410,MPa,3
obs-f504a5bcb130c5e82708,stainless-therma-309s-4833,,ultimate_tensile_strength,lower_bound,405000000.0,,,Pa,minimum,"{""temperature_K"": 623.15}",Outokumpu values based on EN 10028-7 (footnote 1),outokumpu-therma,Outokumpu,Therma range datasheet,Snapshot 146c7dd9817a,"Page 8, Therma 309S/4833, 350 °C, row Table 7, Rm",405,MPa,3
obs-addae2135e115c80ed60,stainless-therma-309s-4833,,ultimate_tensile_strength,lower_bound,400000000.0,,,Pa,minimum,"{""temperature_K"": 673.15}",Outokumpu values based on EN 10028-7 (footnote 1),outokumpu-therma,Outokumpu,Therma range datasheet,Snapshot 146c7dd9817a,"Page 8, Therma 309S/4833, 400 °C, row Table 7, Rm",400,MPa,3
obs-7ac5bc56b9de6d042c93,stainless-therma-309s-4833,,ultimate_tensile_strength,lower_bound,385000000.0,,,Pa,minimum,"{""temperature_K"": 723.15}",Outokumpu values based on EN 10028-7 (footnote 1),outokumpu-therma,Outokumpu,Therma range datasheet,Snapshot 146c7dd9817a,"Page 8, Therma 309S/4833, 450 °C, row Table 7, Rm",385,MPa,3
obs-62184eb2707eb9f70e5e,stainless-therma-314-4841,,density,point,7800.0,,,kg/m^3,typical,"{""temperature_K"": 293.15}",Outokumpu values and European standards (Table 14),outokumpu-therma,Outokumpu,Therma range datasheet,Snapshot 146c7dd9817a,"Page 11, Therma 314/4841, row Table 14, Density at 20 °C",7.8,kg/dm³,2
obs-9dab9bd29bf783c6d209,stainless-therma-314-4841,,youngs_modulus,point,196000000000.0,,,Pa,typical,"{""temperature_K"": 293.15}",Outokumpu values and European standards (Table 14),outokumpu-therma,Outokumpu,Therma range datasheet,Snapshot 146c7dd9817a,"Page 11, Therma 314/4841, row Table 14, Modulus of elasticity at 20 °C",196,GPa,3
obs-88c14500c629db356d85,stainless-therma-314-4841,,youngs_modulus,point,150000000000.0,,,Pa,typical,"{""temperature_K"": 873.15}",Outokumpu values and European standards (Table 14),outokumpu-therma,Outokumpu,Therma range datasheet,Snapshot 146c7dd9817a,"Page 11, Therma 314/4841, row Table 14, Modulus of elasticity at 600 °C",150,GPa,3
obs-09d6605f3ad98bf05a21,stainless-therma-314-4841,,youngs_modulus,point,120000000000.0,,,Pa,typical,"{""temperature_K"": 1273.15}",Outokumpu values and European standards (Table 14),outokumpu-therma,Outokumpu,Therma range datasheet,Snapshot 146c7dd9817a,"Page 11, Therma 314/4841, row Table 14, Modulus of elasticity at 1000 °C",120,GPa,3
obs-46c01bb2781c493beb1c,stainless-therma-314-4841,,thermal_conductivity,point,15.0,,,W/(m*K),typical,"{""temperature_K"": 293.15}",Outokumpu values and European standards (Table 14),outokumpu-therma,Outokumpu,Therma range datasheet,Snapshot 146c7dd9817a,"Page 11, Therma 314/4841, row Table 14, Thermal conductivity at 20 °C",15,W/(m·K),2
obs-f8c88d1bfe3fd87c5f42,stainless-therma-314-4841,,thermal_conductivity,point,19.0,,,W/(m*K),typical,"{""temperature_K"": 773.15}",Outokumpu values and European standards (Table 14),outokumpu-therma,Outokumpu,Therma range datasheet,Snapshot 146c7dd9817a,"Page 11, Therma 314/4841, row Table 14, Thermal conductivity at 500 °C",19,W/(m·K),2
obs-735ad6b3ec17002e21f2,stainless-therma-314-4841,,thermal_conductivity,point,25.0,,,W/(m*K),typical,"{""temperature_K"": 1073.15}",Outokumpu values and European standards (Table 14),outokumpu-therma,Outokumpu,Therma range datasheet,Snapshot 146c7dd9817a,"Page 11, Therma 314/4841, row Table 14, Thermal conductivity at 800 °C",25,W/(m·K),2
obs-bb5cda1cbac93c88d819,stainless-therma-314-4841,,specific_heat,point,472.0,,,J/(kg*K),typical,"{""temperature_K"": 293.15}",Outokumpu values and European standards (Table 14),outokumpu-therma,Outokumpu,Therma range datasheet,Snapshot 146c7dd9817a,"Page 11, Therma 314/4841, row Table 14, Thermal capacity at 20 °C",472,J/(kg·K),3
obs-e526dadef15edcc9dd87,stainless-therma-314-4841,,tensile_yield_strength,lower_bound,140000000.0,,,Pa,minimum,"{""temperature_K"": 373.15}",Outokumpu values based on EN 10028-7 (footnote 1),outokumpu-therma,Outokumpu,Therma range datasheet,Snapshot 146c7dd9817a,"Page 8, Therma 314/4841, 100 °C, row Table 5, Rp0.2",140,MPa,3
obs-fc49d3ae49a3e5d0a9f8,stainless-therma-314-4841,,tensile_yield_strength,lower_bound,128000000.0,,,Pa,minimum,"{""temperature_K"": 423.15}",Outokumpu values based on EN 10028-7 (footnote 1),outokumpu-therma,Outokumpu,Therma range datasheet,Snapshot 146c7dd9817a,"Page 8, Therma 314/4841, 150 °C, row Table 5, Rp0.2",128,MPa,3
obs-4b24be4201285b330af6,stainless-therma-314-4841,,tensile_yield_strength,lower_bound,116000000.0,,,Pa,minimum,"{""temperature_K"": 473.15}",Outokumpu values based on EN 10028-7 (footnote 1),outokumpu-therma,Outokumpu,Therma range datasheet,Snapshot 146c7dd9817a,"Page 8, Therma 314/4841, 200 °C, row Table 5, Rp0.2",116,MPa,3
obs-2b93fd7dd86407d54b30,stainless-therma-314-4841,,tensile_yield_strength,lower_bound,108000000.0,,,Pa,minimum,"{""temperature_K"": 523.15}",Outokumpu values based on EN 10028-7 (footnote 1),outokumpu-therma,Outokumpu,Therma range datasheet,Snapshot 146c7dd9817a,"Page 8, Therma 314/4841, 250 °C, row Table 5, Rp0.2",108,MPa,3
obs-0bf90a427ac18ee056df,stainless-therma-314-4841,,tensile_yield_strength,lower_bound,100000000.0,,,Pa,minimum,"{""temperature_K"": 573.15}",Outokumpu values based on EN 10028-7 (footnote 1),outokumpu-therma,Outokumpu,Therma range datasheet,Snapshot 146c7dd9817a,"Page 8, Therma 314/4841, 300 °C, row Table 5, Rp0.2",100,MPa,3
obs-359184ab55d3e448343e,stainless-therma-314-4841,,tensile_yield_strength,lower_bound,94000000.0,,,Pa,minimum,"{""temperature_K"": 623.15}",Outokumpu values based on EN 10028-7 (footnote 1),outokumpu-therma,Outokumpu,Therma range datasheet,Snapshot 146c7dd9817a,"Page 8, Therma 314/4841, 350 °C, row Table 5, Rp0.2",94,MPa,2
obs-a7e6f59134a3bab4ca74,stainless-therma-314-4841,,tensile_yield_strength,lower_bound,91000000.0,,,Pa,minimum,"{""temperature_K"": 673.15}",Outokumpu values based on EN 10028-7 (footnote 1),outokumpu-therma,Outokumpu,Therma range datasheet,Snapshot 146c7dd9817a,"Page 8, Therma 314/4841, 400 °C, row Table 5, Rp0.2",91,MPa,2
obs-5f455cb2ad99c3692883,stainless-therma-314-4841,,tensile_yield_strength,lower_bound,86000000.0,,,Pa,minimum,"{""temperature_K"": 723.15}",Outokumpu values based on EN 10028-7 (footnote 1),outokumpu-therma,Outokumpu,Therma range datasheet,Snapshot 146c7dd9817a,"Page 8, Therma 314/4841, 450 °C, row Table 5, Rp0.2",86,MPa,2
obs-855a3f5d4ddf7966b575,stainless-therma-314-4841,,ultimate_tensile_strength,lower_bound,470000000.0,,,Pa,minimum,"{""temperature_K"": 373.15}",Outokumpu values based on EN 10028-7 (footnote 1),outokumpu-therma,Outokumpu,Therma range datasheet,Snapshot 146c7dd9817a,"Page 8, Therma 314/4841, 100 °C, row Table 7, Rm",470,MPa,3
obs-b108c8ac5095448cfc7f,stainless-therma-314-4841,,ultimate_tensile_strength,lower_bound,450000000.0,,,Pa,minimum,"{""temperature_K"": 423.15}",Outokumpu values based on EN 10028-7 (footnote 1),outokumpu-therma,Outokumpu,Therma range datasheet,Snapshot 146c7dd9817a,"Page 8, Therma 314/4841, 150 °C, row Table 7, Rm",450,MPa,3
obs-d4bc26f5603c5d6902c1,stainless-therma-314-4841,,ultimate_tensile_strength,lower_bound,430000000.0,,,Pa,minimum,"{""temperature_K"": 473.15}",Outokumpu values based on EN 10028-7 (footnote 1),outokumpu-therma,Outokumpu,Therma range datasheet,Snapshot 146c7dd9817a,"Page 8, Therma 314/4841, 200 °C, row Table 7, Rm",430,MPa,3
obs-6110d016332a07b16dd1,stainless-therma-314-4841,,ultimate_tensile_strength,lower_bound,420000000.0,,,Pa,minimum,"{""temperature_K"": 523.15}",Outokumpu values based on EN 10028-7 (footnote 1),outokumpu-therma,Outokumpu,Therma range datasheet,Snapshot 146c7dd9817a,"Page 8, Therma 314/4841, 250 °C, row Table 7, Rm",420,MPa,3
obs-149f42a8858c5b2fc1fb,stainless-therma-314-4841,,ultimate_tensile_strength,lower_bound,410000000.0,,,Pa,minimum,"{""temperature_K"": 573.15}",Outokumpu values based on EN 10028-7 (footnote 1),outokumpu-therma,Outokumpu,Therma range datasheet,Snapshot 146c7dd9817a,"Page 8, Therma 314/4841, 300 °C, row Table 7, Rm",410,MPa,3
obs-9ef95b988fad96083bd8,stainless-therma-314-4841,,ultimate_tensile_strength,lower_bound,405000000.0,,,Pa,minimum,"{""temperature_K"": 623.15}",Outokumpu values based on EN 10028-7 (footnote 1),outokumpu-therma,Outokumpu,Therma range datasheet,Snapshot 146c7dd9817a,"Page 8, Therma 314/4841, 350 °C, row Table 7, Rm",405,MPa,3
obs-7e83a09c30e6874f9f4e,stainless-therma-314-4841,,ultimate_tensile_strength,lower_bound,400000000.0,,,Pa,minimum,"{""temperature_K"": 673.15}",Outokumpu values based on EN 10028-7 (footnote 1),outokumpu-therma,Outokumpu,Therma range datasheet,Snapshot 146c7dd9817a,"Page 8, Therma 314/4841, 400 °C, row Table 7, Rm",400,MPa,3
obs-dc273b9ca46f9ecae565,stainless-therma-314-4841,,ultimate_tensile_strength,lower_bound,385000000.0,,,Pa,minimum,"{""temperature_K"": 723.15}",Outokumpu values based on EN 10028-7 (footnote 1),outokumpu-therma,Outokumpu,Therma range datasheet,Snapshot 146c7dd9817a,"Page 8, Therma 314/4841, 450 °C, row Table 7, Rm",385,MPa,3
obs-9c87e0867428a32fc0ae,stainless-therma-4713,,density,point,7700.0,,,kg/m^3,typical,"{""temperature_K"": 293.15}",Outokumpu values and European standards (Table 14),outokumpu-therma,Outokumpu,Therma range datasheet,Snapshot 146c7dd9817a,"Page 11, Therma 4713, row Table 14, Density at 20 °C",7.7,kg/dm³,2
obs-be572805453708044fe4,stainless-therma-4713,,youngs_modulus,point,220000000000.0,,,Pa,typical,"{""temperature_K"": 293.15}",Outokumpu values and European standards (Table 14),outokumpu-therma,Outokumpu,Therma range datasheet,Snapshot 146c7dd9817a,"Page 11, Therma 4713, row Table 14, Modulus of elasticity at 20 °C",220,GPa,3
obs-bd4739a2829cd06c1be4,stainless-therma-4713,,thermal_conductivity,point,23.0,,,W/(m*K),typical,"{""temperature_K"": 293.15}",Outokumpu values and European standards (Table 14),outokumpu-therma,Outokumpu,Therma range datasheet,Snapshot 146c7dd9817a,"Page 11, Therma 4713, row Table 14, Thermal conductivity at 20 °C",23,W/(m·K),2
obs-41025acc8bfcb496c7d4,stainless-therma-4713,,thermal_conductivity,point,25.0,,,W/(m*K),typical,"{""temperature_K"": 773.15}",Outokumpu values and European standards (Table 14),outokumpu-therma,Outokumpu,Therma range datasheet,Snapshot 146c7dd9817a,"Page 11, Therma 4713, row Table 14, Thermal conductivity at 500 °C",25,W/(m·K),2
obs-0d5760c62eebb150f4db,stainless-therma-4713,,specific_heat,point,450.0,,,J/(kg*K),typical,"{""temperature_K"": 293.15}",Outokumpu values and European standards (Table 14),outokumpu-therma,Outokumpu,Therma range datasheet,Snapshot 146c7dd9817a,"Page 11, Therma 4713, row Table 14, Thermal capacity at 20 °C",450,J/(kg·K),3
obs-e1a25274018bf6390668,stainless-therma-4724,,density,point,7700.0,,,kg/m^3,typical,"{""temperature_K"": 293.15}",Outokumpu values and European standards (Table 14),outokumpu-therma,Outokumpu,Therma range datasheet,Snapshot 146c7dd9817a,"Page 11, Therma 4724, row Table 14, Density at 20 °C",7.7,kg/dm³,2
obs-e41399b1ce41825e9a57,stainless-therma-4724,,youngs_modulus,point,220000000000.0,,,Pa,typical,"{""temperature_K"": 293.15}",Outokumpu values and European standards (Table 14),outokumpu-therma,Outokumpu,Therma range datasheet,Snapshot 146c7dd9817a,"Page 11, Therma 4724, row Table 14, Modulus of elasticity at 20 °C",220,GPa,3
obs-c59593178c7f5ebf455c,stainless-therma-4724,,thermal_conductivity,point,21.0,,,W/(m*K),typical,"{""temperature_K"": 293.15}",Outokumpu values and European standards (Table 14),outokumpu-therma,Outokumpu,Therma range datasheet,Snapshot 146c7dd9817a,"Page 11, Therma 4724, row Table 14, Thermal conductivity at 20 °C",21,W/(m·K),2
obs-0a05b6e7c8c86e804a0c,stainless-therma-4724,,thermal_conductivity,point,23.0,,,W/(m*K),typical,"{""temperature_K"": 773.15}",Outokumpu values and European standards (Table 14),outokumpu-therma,Outokumpu,Therma range datasheet,Snapshot 146c7dd9817a,"Page 11, Therma 4724, row Table 14, Thermal conductivity at 500 °C",23,W/(m·K),2
obs-a4b3914aab1e13fec266,stainless-therma-4724,,specific_heat,point,500.0,,,J/(kg*K),typical,"{""temperature_K"": 293.15}",Outokumpu values and European standards (Table 14),outokumpu-therma,Outokumpu,Therma range datasheet,Snapshot 146c7dd9817a,"Page 11, Therma 4724, row Table 14, Thermal capacity at 20 °C",500,J/(kg·K),3
obs-c9af8ac20cc47763bfaa,stainless-ultra-904l,,density,point,8000.0,,,kg/m^3,typical,{},EN 10088-1 (Table 13),outokumpu-ultra,Outokumpu,Ultra range datasheet,Snapshot 062d6a8d97e1,"Page 14, Ultra 904L, row Table 13, Density",8.0,kg/dm³,2
obs-a31bd8d7ee44a256260b,stainless-ultra-904l,,youngs_modulus,point,195000000000.0,,,Pa,typical,"{""temperature_K"": 293.15}",EN 10088-1 (Table 13),outokumpu-ultra,Outokumpu,Ultra range datasheet,Snapshot 062d6a8d97e1,"Page 14, Ultra 904L, row Table 13, Modulus of elasticity at 20 °C",195,GPa,3
obs-fb1df3b5a9781d6a8d94,stainless-ultra-904l,,thermal_conductivity,point,12.0,,,W/(m*K),typical,"{""temperature_K"": 293.15}",EN 10088-1 (Table 13),outokumpu-ultra,Outokumpu,Ultra range datasheet,Snapshot 062d6a8d97e1,"Page 14, Ultra 904L, row Table 13, Thermal conductivity at 20 °C",12,W/(m·K),2
obs-014ea28ad58a12e23428,stainless-ultra-904l,,specific_heat,point,450.0,,,J/(kg*K),typical,"{""temperature_K"": 293.15}",EN 10088-1 (Table 13),outokumpu-ultra,Outokumpu,Ultra range datasheet,Snapshot 062d6a8d97e1,"Page 14, Ultra 904L, row Table 13, Thermal capacity at 20 °C",450,J/(kg·K),3
obs-c884779f923b0a2aeecd,stainless-ultra-904l,stainless-ultra-904l-reference,tensile_yield_strength,lower_bound,240000000.0,,,Pa,minimum,"{""temperature_K"": 293.15}",EN 10088-2,outokumpu-ultra,Outokumpu,Ultra range datasheet,Snapshot 062d6a8d97e1,"Page 12, Ultra 904L, Cold rolled, row Table 10, Rp0.2",240,MPa,3
obs-172dc0aaebae35036735,stainless-ultra-904l,stainless-ultra-904l-reference,ultimate_tensile_strength,interval,,530000000.0,730000000.0,Pa,specified_range,"{""temperature_K"": 293.15}",EN 10088-2,outokumpu-ultra,Outokumpu,Ultra range datasheet,Snapshot 062d6a8d97e1,"Page 12, Ultra 904L, Cold rolled, row Table 10, Rm",530–730,MPa,3
obs-160441f407af8a059992,stainless-ultra-904l,stainless-ultra-904l-reference,elongation_at_break,lower_bound,0.35000000000000003,,,1,minimum,"{""temperature_K"": 293.15}",EN 10088-2,outokumpu-ultra,Outokumpu,Ultra range datasheet,Snapshot 062d6a8d97e1,"Page 12, Ultra 904L, Cold rolled, row Table 10, A",35,%,2
obs-fcf56bcd7659aadffa37,stainless-ultra-254-smo,,density,point,8000.0,,,kg/m^3,typical,{},EN 10088-1 (Table 13),outokumpu-ultra,Outokumpu,Ultra range datasheet,Snapshot 062d6a8d97e1,"Page 14, Ultra 254 SMO, row Table 13, Density",8.0,kg/dm³,2
obs-50445d15ba9cf5dac856,stainless-ultra-254-smo,,youngs_modulus,point,195000000000.0,,,Pa,typical,"{""temperature_K"": 293.15}",EN 10088-1 (Table 13),outokumpu-ultra,Outokumpu,Ultra range datasheet,Snapshot 062d6a8d97e1,"Page 14, Ultra 254 SMO, row Table 13, Modulus of elasticity at 20 °C",195,GPa,3
obs-8e6e0c36469a525d8179,stainless-ultra-254-smo,,thermal_conductivity,point,14.0,,,W/(m*K),typical,"{""temperature_K"": 293.15}",EN 10088-1 (Table 13),outokumpu-ultra,Outokumpu,Ultra range datasheet,Snapshot 062d6a8d97e1,"Page 14, Ultra 254 SMO, row Table 13, Thermal conductivity at 20 °C",14,W/(m·K),2
obs-fc57641bcc18a68f8ab5,stainless-ultra-254-smo,,specific_heat,point,500.0,,,J/(kg*K),typical,"{""temperature_K"": 293.15}",EN 10088-1 (Table 13),outokumpu-ultra,Outokumpu,Ultra range datasheet,Snapshot 062d6a8d97e1,"Page 14, Ultra 254 SMO, row Table 13, Thermal capacity at 20 °C",500,J/(kg·K),3
obs-b75812179cafd5b5b87b,stainless-ultra-254-smo,stainless-ultra-254-smo-reference,tensile_yield_strength,lower_bound,320000000.0,,,Pa,minimum,"{""temperature_K"": 293.15}",EN 10088-2,outokumpu-ultra,Outokumpu,Ultra range datasheet,Snapshot 062d6a8d97e1,"Page 12, Ultra 254 SMO, Cold rolled, row Table 10, Rp0.2",320,MPa,3
obs-be081ef898bb0190428e,stainless-ultra-254-smo,stainless-ultra-254-smo-reference,ultimate_tensile_strength,interval,,650000000.0,850000000.0,Pa,specified_range,"{""temperature_K"": 293.15}",EN 10088-2,outokumpu-ultra,Outokumpu,Ultra range datasheet,Snapshot 062d6a8d97e1,"Page 12, Ultra 254 SMO, Cold rolled, row Table 10, Rm",650–850,MPa,3
obs-3e31f68fbe65062ea499,stainless-ultra-254-smo,stainless-ultra-254-smo-reference,elongation_at_break,lower_bound,0.35000000000000003,,,1,minimum,"{""temperature_K"": 293.15}",EN 10088-2,outokumpu-ultra,Outokumpu,Ultra range datasheet,Snapshot 062d6a8d97e1,"Page 12, Ultra 254 SMO, Cold rolled, row Table 10, A",35,%,2
obs-66f14660a922c0fa4a41,nickel-ultra-alloy-825,,density,point,8100.0,,,kg/m^3,typical,{},EN 10088-1 (Table 13),outokumpu-ultra,Outokumpu,Ultra range datasheet,Snapshot 062d6a8d97e1,"Page 14, Ultra Alloy 825, row Table 13, Density",8.1,kg/dm³,2
obs-63f778590aa898cfd1aa,nickel-ultra-alloy-825,,youngs_modulus,point,195000000000.0,,,Pa,typical,"{""temperature_K"": 293.15}",EN 10088-1 (Table 13),outokumpu-ultra,Outokumpu,Ultra range datasheet,Snapshot 062d6a8d97e1,"Page 14, Ultra Alloy 825, row Table 13, Modulus of elasticity at 20 °C",195,GPa,3
obs-d78fa87a9ad97e32e0a0,nickel-ultra-alloy-825,,thermal_conductivity,point,10.5,,,W/(m*K),typical,"{""temperature_K"": 293.15}",EN 10088-1 (Table 13),outokumpu-ultra,Outokumpu,Ultra range datasheet,Snapshot 062d6a8d97e1,"Page 14, Ultra Alloy 825, row Table 13, Thermal conductivity at 20 °C",10.5,W/(m·K),3
obs-13fe7ec6c77e8c9735c0,nickel-ultra-alloy-825,,specific_heat,point,440.0,,,J/(kg*K),typical,"{""temperature_K"": 293.15}",EN 10088-1 (Table 13),outokumpu-ultra,Outokumpu,Ultra range datasheet,Snapshot 062d6a8d97e1,"Page 14, Ultra Alloy 825, row Table 13, Thermal capacity at 20 °C",440,J/(kg·K),3
obs-6120e4089b15b89f358e,nickel-ultra-alloy-825,nickel-ultra-alloy-825-reference,tensile_yield_strength,lower_bound,240000000.0,,,Pa,minimum,"{""temperature_K"": 293.15}",ISO 6208 (Table 10 footnote 3),outokumpu-ultra,Outokumpu,Ultra range datasheet,Snapshot 062d6a8d97e1,"Page 12, Ultra Alloy 825, Cold rolled, row Table 10, Rp0.2",240,MPa,3
obs-8b453a52e1e6c63b061d,nickel-ultra-alloy-825,nickel-ultra-alloy-825-reference,ultimate_tensile_strength,lower_bound,590000000.0,,,Pa,minimum,"{""temperature_K"": 293.15}",ISO 6208 (Table 10 footnote 3),outokumpu-ultra,Outokumpu,Ultra range datasheet,Snapshot 062d6a8d97e1,"Page 12, Ultra Alloy 825, Cold rolled, row Table 10, Rm",590,MPa,3
obs-41c62758753b739581b6,nickel-ultra-alloy-825,nickel-ultra-alloy-825-reference,elongation_at_break,lower_bound,0.3,,,1,minimum,"{""temperature_K"": 293.15}",ISO 6208 (Table 10 footnote 3),outokumpu-ultra,Outokumpu,Ultra range datasheet,Snapshot 062d6a8d97e1,"Page 12, Ultra Alloy 825, Cold rolled, row Table 10, A",30,%,2
obs-0eb42542e6afc4e3f7e6,stainless-ultra-317l,,density,point,8000.0,,,kg/m^3,typical,{},EN 10088-1 (Table 13),outokumpu-ultra,Outokumpu,Ultra range datasheet,Snapshot 062d6a8d97e1,"Page 14, Ultra 317L, row Table 13, Density",8.0,kg/dm³,2
obs-7dc1917cd73dbfd05184,stainless-ultra-317l,,youngs_modulus,point,200000000000.0,,,Pa,typical,"{""temperature_K"": 293.15}",EN 10088-1 (Table 13),outokumpu-ultra,Outokumpu,Ultra range datasheet,Snapshot 062d6a8d97e1,"Page 14, Ultra 317L, row Table 13, Modulus of elasticity at 20 °C",200,GPa,3
obs-7297db04a6a34b866916,stainless-ultra-317l,,thermal_conductivity,point,14.0,,,W/(m*K),typical,"{""temperature_K"": 293.15}",EN 10088-1 (Table 13),outokumpu-ultra,Outokumpu,Ultra range datasheet,Snapshot 062d6a8d97e1,"Page 14, Ultra 317L, row Table 13, Thermal conductivity at 20 °C",14,W/(m·K),2
obs-c49f499dc2845a78e300,stainless-ultra-317l,,specific_heat,point,500.0,,,J/(kg*K),typical,"{""temperature_K"": 293.15}",EN 10088-1 (Table 13),outokumpu-ultra,Outokumpu,Ultra range datasheet,Snapshot 062d6a8d97e1,"Page 14, Ultra 317L, row Table 13, Thermal capacity at 20 °C",500,J/(kg·K),3
obs-266c19a107faf55b774a,stainless-ultra-317l,stainless-ultra-317l-reference,tensile_yield_strength,lower_bound,240000000.0,,,Pa,minimum,"{""temperature_K"": 293.15}",EN 10088-2,outokumpu-ultra,Outokumpu,Ultra range datasheet,Snapshot 062d6a8d97e1,"Page 12, Ultra 317L, Cold rolled, row Table 10, Rp0.2",240,MPa,3
obs-4f7195292872446f99b4,stainless-ultra-317l,stainless-ultra-317l-reference,elongation_at_break,lower_bound,0.35000000000000003,,,1,minimum,"{""temperature_K"": 293.15}",EN 10088-2,outokumpu-ultra,Outokumpu,Ultra range datasheet,Snapshot 062d6a8d97e1,"Page 12, Ultra 317L, Cold rolled, row Table 10, A",35,%,2
obs-2cf71fd430ce470554c7,stainless-ultra-725ln,,density,point,8000.0,,,kg/m^3,typical,{},EN 10088-1 (Table 13),outokumpu-ultra,Outokumpu,Ultra range datasheet,Snapshot 062d6a8d97e1,"Page 14, Ultra 725LN, row Table 13, Density",8.0,kg/dm³,2
obs-debdf403af18af57e7d2,stainless-ultra-725ln,,youngs_modulus,point,195000000000.0,,,Pa,typical,"{""temperature_K"": 293.15}",EN 10088-1 (Table 13),outokumpu-ultra,Outokumpu,Ultra range datasheet,Snapshot 062d6a8d97e1,"Page 14, Ultra 725LN, row Table 13, Modulus of elasticity at 20 °C",195,GPa,3
obs-076423deb745fc07d0a1,stainless-ultra-725ln,,thermal_conductivity,point,14.0,,,W/(m*K),typical,"{""temperature_K"": 293.15}",EN 10088-1 (Table 13),outokumpu-ultra,Outokumpu,Ultra range datasheet,Snapshot 062d6a8d97e1,"Page 14, Ultra 725LN, row Table 13, Thermal conductivity at 20 °C",14,W/(m·K),2
obs-6f42203b49abeb704aed,stainless-ultra-725ln,,specific_heat,point,500.0,,,J/(kg*K),typical,"{""temperature_K"": 293.15}",EN 10088-1 (Table 13),outokumpu-ultra,Outokumpu,Ultra range datasheet,Snapshot 062d6a8d97e1,"Page 14, Ultra 725LN, row Table 13, Thermal capacity at 20 °C",500,J/(kg·K),3
obs-7b780aa253e438aca9e7,stainless-ultra-6xn,,density,point,8100.0,,,kg/m^3,typical,{},EN 10088-1 (Table 13),outokumpu-ultra,Outokumpu,Ultra range datasheet,Snapshot 062d6a8d97e1,"Page 14, Ultra 6XN, row Table 13, Density",8.1,kg/dm³,2
obs-4ecf496bad41078c1d83,stainless-ultra-6xn,,youngs_modulus,point,195000000000.0,,,Pa,typical,"{""temperature_K"": 293.15}",EN 10088-1 (Table 13),outokumpu-ultra,Outokumpu,Ultra range datasheet,Snapshot 062d6a8d97e1,"Page 14, Ultra 6XN, row Table 13, Modulus of elasticity at 20 °C",195,GPa,3
obs-d9f489de56ae3ddb73e4,stainless-ultra-6xn,,thermal_conductivity,point,12.0,,,W/(m*K),typical,"{""temperature_K"": 293.15}",EN 10088-1 (Table 13),outokumpu-ultra,Outokumpu,Ultra range datasheet,Snapshot 062d6a8d97e1,"Page 14, Ultra 6XN, row Table 13, Thermal conductivity at 20 °C",12,W/(m·K),2
obs-e1cdf6dfc90f5f7ce57a,stainless-ultra-6xn,,specific_heat,point,450.0,,,J/(kg*K),typical,"{""temperature_K"": 293.15}",EN 10088-1 (Table 13),outokumpu-ultra,Outokumpu,Ultra range datasheet,Snapshot 062d6a8d97e1,"Page 14, Ultra 6XN, row Table 13, Thermal capacity at 20 °C",450,J/(kg·K),3
obs-f0d5d0be5e7e1fb5ff4b,stainless-ultra-6xn,stainless-ultra-6xn-reference,tensile_yield_strength,lower_bound,300000000.0,,,Pa,minimum,"{""temperature_K"": 293.15}",Outokumpu Table 10 (footnote 4: planned EN 10088-2 revision 2022/23),outokumpu-ultra,Outokumpu,Ultra range datasheet,Snapshot 062d6a8d97e1,"Page 12, Ultra 6XN, Cold rolled 4), row Table 10, Rp0.2",300,MPa,3
obs-17b788eda7af62cd3f85,stainless-ultra-6xn,stainless-ultra-6xn-reference,ultimate_tensile_strength,interval,,650000000.0,850000000.0,Pa,specified_range,"{""temperature_K"": 293.15}",Outokumpu Table 10 (footnote 4: planned EN 10088-2 revision 2022/23),outokumpu-ultra,Outokumpu,Ultra range datasheet,Snapshot 062d6a8d97e1,"Page 12, Ultra 6XN, Cold rolled 4), row Table 10, Rm",650–850,MPa,3
obs-febe28d4ab6320ea7ce8,stainless-ultra-6xn,stainless-ultra-6xn-reference,elongation_at_break,lower_bound,0.35000000000000003,,,1,minimum,"{""temperature_K"": 293.15}",Outokumpu Table 10 (footnote 4: planned EN 10088-2 revision 2022/23),outokumpu-ultra,Outokumpu,Ultra range datasheet,Snapshot 062d6a8d97e1,"Page 12, Ultra 6XN, Cold rolled 4), row Table 10, A",35,%,2
obs-fe83a45630b6e2441cd2,stainless-ultra-654-smo,,density,point,8000.0,,,kg/m^3,typical,{},EN 10088-1 (Table 13),outokumpu-ultra,Outokumpu,Ultra range datasheet,Snapshot 062d6a8d97e1,"Page 14, Ultra 654 SMO, row Table 13, Density",8.0,kg/dm³,2
obs-c17aade8600b54417c6a,stainless-ultra-654-smo,,youngs_modulus,point,190000000000.0,,,Pa,typical,"{""temperature_K"": 293.15}",EN 10088-1 (Table 13),outokumpu-ultra,Outokumpu,Ultra range datasheet,Snapshot 062d6a8d97e1,"Page 14, Ultra 654 SMO, row Table 13, Modulus of elasticity at 20 °C",190,GPa,3
obs-337533a263018329d3f8,stainless-ultra-654-smo,,thermal_conductivity,point,11.0,,,W/(m*K),typical,"{""temperature_K"": 293.15}",Outokumpu value (Table 13 footnote 2),outokumpu-ultra,Outokumpu,Ultra range datasheet,Snapshot 062d6a8d97e1,"Page 14, Ultra 654 SMO, row Table 13, Thermal conductivity at 20 °C",11,W/(m·K),2
obs-79a6911093d49b40a642,stainless-ultra-654-smo,,specific_heat,point,500.0,,,J/(kg*K),typical,"{""temperature_K"": 293.15}",EN 10088-1 (Table 13),outokumpu-ultra,Outokumpu,Ultra range datasheet,Snapshot 062d6a8d97e1,"Page 14, Ultra 654 SMO, row Table 13, Thermal capacity at 20 °C",500,J/(kg·K),3
obs-9d053ee8b4f355d2d971,stainless-ultra-654-smo,stainless-ultra-654-smo-reference,tensile_yield_strength,lower_bound,430000000.0,,,Pa,minimum,"{""temperature_K"": 293.15}",EN 10088-2,outokumpu-ultra,Outokumpu,Ultra range datasheet,Snapshot 062d6a8d97e1,"Page 12, Ultra 654 SMO, Cold rolled, row Table 10, Rp0.2",430,MPa,3
obs-3418c337105e88f1805f,stainless-ultra-654-smo,stainless-ultra-654-smo-reference,ultimate_tensile_strength,interval,,750000000.0,1000000000.0,Pa,specified_range,"{""temperature_K"": 293.15}",EN 10088-2,outokumpu-ultra,Outokumpu,Ultra range datasheet,Snapshot 062d6a8d97e1,"Page 12, Ultra 654 SMO, Cold rolled, row Table 10, Rm",750–1000,MPa,3
obs-51a5046127a93cdf069c,stainless-ultra-654-smo,stainless-ultra-654-smo-reference,elongation_at_break,lower_bound,0.4,,,1,minimum,"{""temperature_K"": 293.15}",EN 10088-2,outokumpu-ultra,Outokumpu,Ultra range datasheet,Snapshot 062d6a8d97e1,"Page 12, Ultra 654 SMO, Cold rolled, row Table 10, A",40,%,2
obs-1607b8ea1e29a22b6c3e,al-1060,,density,point,2698.7907092448045,,,kg/m^3,reference,{},Hydro alloy reference,hydro-1xxx,Hydro,Alloy 1xxx datasheet,Snapshot 29d1d35c4512,"Page 1, Alloy 1060, row Density above chemical composition",0.0975,lb/in³,3
obs-2b6bde38fb021388366c,al-1060,al-1060-o,ultimate_tensile_strength,interval,,60000000.0,95000000.0,Pa,specified_range,"{""product_form"": ""extrusion""}",Hydro extrusion property limits,hydro-1xxx,Hydro,Alloy 1xxx datasheet,Snapshot 29d1d35c4512,"Page 2, 1060-O, thickness all thicknesses, row Ultimate tensile strength",60–95,MPa,2
obs-e8cd5cfe6ee598f29f07,al-1060,al-1060-o,tensile_yield_strength,lower_bound,15000000.0,,,Pa,minimum,"{""product_form"": ""extrusion""}",Hydro extrusion property limits,hydro-1xxx,Hydro,Alloy 1xxx datasheet,Snapshot 29d1d35c4512,"Page 2, 1060-O, thickness all thicknesses, row Yield strength, 0.2% offset",15,MPa,2
obs-c7fd2732284871147954,al-1060,al-1060-o,elongation_at_break,lower_bound,0.25,,,1,minimum,"{""product_form"": ""extrusion"", ""thickness_m"": {""maximum"": null, ""minimum"": 0.0015748}}",Hydro extrusion property limits,hydro-1xxx,Hydro,Alloy 1xxx datasheet,Snapshot 29d1d35c4512,"Page 2, 1060-O, thickness all thicknesses, row Elongation, gauge length 2 in or 4 specimen diameters",25.0,%,3
obs-088dcec7ce179d0884c3,al-1060,al-1060-o,thermal_conductivity,point,234.0,,,W/(m*K),typical,"{""product_form"": ""extrusion"", ""temperature_K"": 298.15}",Hydro extrusion property limits,hydro-1xxx,Hydro,Alloy 1xxx datasheet,Snapshot 29d1d35c4512,"Page 2, 1060-O, thickness all thicknesses, row Typical thermal conductivity at 25 °C",234,W/(m·K),3
obs-6cf1364d7aec38926d2b,al-1060,al-1060-h112,ultimate_tensile_strength,lower_bound,60000000.0,,,Pa,minimum,"{""product_form"": ""extrusion""}",Hydro extrusion property limits,hydro-1xxx,Hydro,Alloy 1xxx datasheet,Snapshot 29d1d35c4512,"Page 2, 1060-H112, thickness all thicknesses, row Ultimate tensile strength",60,MPa,2
obs-636f9dc92e60ee5bdf5e,al-1060,al-1060-h112,tensile_yield_strength,lower_bound,15000000.0,,,Pa,minimum,"{""product_form"": ""extrusion""}",Hydro extrusion property limits,hydro-1xxx,Hydro,Alloy 1xxx datasheet,Snapshot 29d1d35c4512,"Page 2, 1060-H112, thickness all thicknesses, row Yield strength, 0.2% offset",15,MPa,2
obs-5c2cd1df4dfeeb0f5f59,al-1060,al-1060-h112,elongation_at_break,lower_bound,0.25,,,1,minimum,"{""product_form"": ""extrusion"", ""thickness_m"": {""maximum"": null, ""minimum"": 0.0015748}}",Hydro extrusion property limits,hydro-1xxx,Hydro,Alloy 1xxx datasheet,Snapshot 29d1d35c4512,"Page 2, 1060-H112, thickness all thicknesses, row Elongation, gauge length 2 in or 4 specimen diameters",25.0,%,3
obs-8caabd6938545e11b11b,al-1100,,density,point,2712.630661599906,,,kg/m^3,reference,{},Hydro alloy reference,hydro-1xxx,Hydro,Alloy 1xxx datasheet,Snapshot 29d1d35c4512,"Page 1, Alloy 1100, row Density above chemical composition",0.098,lb/in³,2
obs-928cba197ffabc06f753,al-1100,al-1100-o,ultimate_tensile_strength,interval,,75000000.0,105000000.0,Pa,specified_range,"{""product_form"": ""extrusion""}",Hydro extrusion property limits,hydro-1xxx,Hydro,Alloy 1xxx datasheet,Snapshot 29d1d35c4512,"Page 2, 1100-O, thickness all thicknesses, row Ultimate tensile strength",75–105,MPa,2
obs-7eee9258893b767ee027,al-1100,al-1100-o,tensile_yield_strength,lower_bound,20000000.0,,,Pa,minimum,"{""product_form"": ""extrusion""}",Hydro extrusion property limits,hydro-1xxx,Hydro,Alloy 1xxx datasheet,Snapshot 29d1d35c4512,"Page 2, 1100-O, thickness all thicknesses, row Yield strength, 0.2% offset",20,MPa,2
obs-79c8e4936f6b57c5c408,al-1100,al-1100-o,elongation_at_break,lower_bound,0.25,,,1,minimum,"{""product_form"": ""extrusion"", ""thickness_m"": {""maximum"": null, ""minimum"": 0.0015748}}",Hydro extrusion property limits,hydro-1xxx,Hydro,Alloy 1xxx datasheet,Snapshot 29d1d35c4512,"Page 2, 1100-O, thickness all thicknesses, row Elongation, gauge length 2 in or 4 specimen diameters",25.0,%,3
obs-c1299487f7e783b758ed,al-1100,al-1100-o,thermal_conductivity,point,222.0,,,W/(m*K),typical,"{""product_form"": ""extrusion"", ""temperature_K"": 298.15}",Hydro extrusion property limits,hydro-1xxx,Hydro,Alloy 1xxx datasheet,Snapshot 29d1d35c4512,"Page 2, 1100-O, thickness all thicknesses, row Typical thermal conductivity at 25 °C",222,W/(m·K),3
obs-00df2a22e7ab012fd157,al-1100,al-1100-h112,ultimate_tensile_strength,lower_bound,75000000.0,,,Pa,minimum,"{""product_form"": ""extrusion""}",Hydro extrusion property limits,hydro-1xxx,Hydro,Alloy 1xxx datasheet,Snapshot 29d1d35c4512,"Page 2, 1100-H112, thickness all thicknesses, row Ultimate tensile strength",75,MPa,2
obs-b30bea02dacfcae54be4,al-1100,al-1100-h112,tensile_yield_strength,lower_bound,20000000.0,,,Pa,minimum,"{""product_form"": ""extrusion""}",Hydro extrusion property limits,hydro-1xxx,Hydro,Alloy 1xxx datasheet,Snapshot 29d1d35c4512,"Page 2, 1100-H112, thickness all thicknesses, row Yield strength, 0.2% offset",20,MPa,2
obs-bd5a9fed0d157d12edf2,al-1100,al-1100-h112,elongation_at_break,lower_bound,0.25,,,1,minimum,"{""product_form"": ""extrusion"", ""thickness_m"": {""maximum"": null, ""minimum"": 0.0015748}}",Hydro extrusion property limits,hydro-1xxx,Hydro,Alloy 1xxx datasheet,Snapshot 29d1d35c4512,"Page 2, 1100-H112, thickness all thicknesses, row Elongation, gauge length 2 in or 4 specimen diameters",25.0,%,3
obs-6fd8c72b6132438d4d24,al-1350,,density,point,2698.7907092448045,,,kg/m^3,reference,{},Hydro alloy reference,hydro-1xxx,Hydro,Alloy 1xxx datasheet,Snapshot 29d1d35c4512,"Page 1, Alloy 1350, row Density above chemical composition",0.0975,lb/in³,3
obs-c66ec2bbb3fff9b42fc8,al-1350,al-1350-h111,ultimate_tensile_strength,lower_bound,60000000.0,,,Pa,minimum,"{""product_form"": ""extrusion""}",Hydro extrusion property limits,hydro-1xxx,Hydro,Alloy 1xxx datasheet,Snapshot 29d1d35c4512,"Page 2, 1350-H111, thickness all thicknesses, row Ultimate tensile strength",60,MPa,2
obs-10e2a53917477b88d737,al-1350,al-1350-h111,tensile_yield_strength,lower_bound,25000000.0,,,Pa,minimum,"{""product_form"": ""extrusion""}",Hydro extrusion property limits,hydro-1xxx,Hydro,Alloy 1xxx datasheet,Snapshot 29d1d35c4512,"Page 2, 1350-H111, thickness all thicknesses, row Yield strength, 0.2% offset",25,MPa,2
obs-91af8de77c4871dc1f47,al-1350,al-1350-h111,thermal_conductivity,point,234.0,,,W/(m*K),typical,"{""product_form"": ""extrusion"", ""temperature_K"": 298.15}",Hydro extrusion property limits,hydro-1xxx,Hydro,Alloy 1xxx datasheet,Snapshot 29d1d35c4512,"Page 2, 1350-H111, thickness all thicknesses, row Typical thermal conductivity at 25 °C",234,W/(m·K),3
obs-26438d0158b7885e0bf2,al-6005,,density,point,2684.950756889703,,,kg/m^3,reference,{},Hydro alloy reference,hydro-6005-6105,Hydro,Alloy 6005/6105 datasheet,Snapshot 8cd88d53aa4b,"Page 1, Alloy 6005, row Density above chemical composition",0.097,lb/in³,2
obs-a56b93e03ea88c491041,al-6005,al-6005-t1,ultimate_tensile_strength,lower_bound,170000000.0,,,Pa,minimum,"{""product_form"": ""extrusion"", ""thickness_m"": {""maximum"": 0.0127, ""minimum"": null}}",Hydro extrusion property limits,hydro-6005-6105,Hydro,Alloy 6005/6105 datasheet,Snapshot 8cd88d53aa4b,"Page 2, 6005-T1, thickness unbounded to .500 in, row Ultimate tensile strength",170,MPa,3
obs-654ba4220204c865be84,al-6005,al-6005-t1,tensile_yield_strength,lower_bound,105000000.0,,,Pa,minimum,"{""product_form"": ""extrusion"", ""thickness_m"": {""maximum"": 0.0127, ""minimum"": null}}",Hydro extrusion property limits,hydro-6005-6105,Hydro,Alloy 6005/6105 datasheet,Snapshot 8cd88d53aa4b,"Page 2, 6005-T1, thickness unbounded to .500 in, row Yield strength, 0.2% offset",105,MPa,3
obs-7de19268c0fe5fd1da7d,al-6005,al-6005-t1,elongation_at_break,lower_bound,0.16,,,1,minimum,"{""product_form"": ""extrusion"", ""thickness_m"": {""maximum"": 0.0127, ""minimum"": 0.0015748}}",Hydro extrusion property limits,hydro-6005-6105,Hydro,Alloy 6005/6105 datasheet,Snapshot 8cd88d53aa4b,"Page 2, 6005-T1, thickness unbounded to .500 in, row Elongation, gauge length 2 in or 4 specimen diameters",16,%,2
obs-62eac411dc72ea547389,al-6005,al-6005-t1,thermal_conductivity,point,180.0,,,W/(m*K),typical,"{""product_form"": ""extrusion"", ""temperature_K"": 298.15, ""thickness_m"": {""maximum"": 0.0127, ""minimum"": null}}",Hydro extrusion property limits,hydro-6005-6105,Hydro,Alloy 6005/6105 datasheet,Snapshot 8cd88d53aa4b,"Page 2, 6005-T1, thickness unbounded to .500 in, row Typical thermal conductivity at 25 °C",180,W/(m·K),3
obs-e95e692fd4d32944477b,al-6005,al-6005-t5,ultimate_tensile_strength,lower_bound,260000000.0,,,Pa,minimum,"{""product_form"": ""extrusion"", ""thickness_m"": {""maximum"": 0.0031496, ""minimum"": null}}",Hydro extrusion property limits,hydro-6005-6105,Hydro,Alloy 6005/6105 datasheet,Snapshot 8cd88d53aa4b,"Page 2, 6005-T5, thickness unbounded to 0.124 in, row Ultimate tensile strength",260,MPa,3
obs-09c790cbffd09777092b,al-6005,al-6005-t5,tensile_yield_strength,lower_bound,240000000.0,,,Pa,minimum,"{""product_form"": ""extrusion"", ""thickness_m"": {""maximum"": 0.0031496, ""minimum"": null}}",Hydro extrusion property limits,hydro-6005-6105,Hydro,Alloy 6005/6105 datasheet,Snapshot 8cd88d53aa4b,"Page 2, 6005-T5, thickness unbounded to 0.124 in, row Yield strength, 0.2% offset",240,MPa,3
obs-5a94f541a6e96618777c,al-6005,al-6005-t5,elongation_at_break,lower_bound,0.08,,,1,minimum,"{""product_form"": ""extrusion"", ""thickness_m"": {""maximum"": 0.0031496, ""minimum"": 0.0015748}}",Hydro extrusion property limits,hydro-6005-6105,Hydro,Alloy 6005/6105 datasheet,Snapshot 8cd88d53aa4b,"Page 2, 6005-T5, thickness unbounded to 0.124 in, row Elongation, gauge length 2 in or 4 specimen diameters",8,%,1
obs-daadf6900a85d4a8c3a5,al-6005,al-6005-t5,thermal_conductivity,point,188.0,,,W/(m*K),typical,"{""product_form"": ""extrusion"", ""temperature_K"": 298.15, ""thickness_m"": {""maximum"": 0.0031496, ""minimum"": null}}",Hydro extrusion property limits,hydro-6005-6105,Hydro,Alloy 6005/6105 datasheet,Snapshot 8cd88d53aa4b,"Page 2, 6005-T5, thickness unbounded to 0.124 in, row Typical thermal conductivity at 25 °C",188,W/(m·K),3
obs-46ffa9ea560283736cf8,al-6005,al-6005-t5,ultimate_tensile_strength,lower_bound,260000000.0,,,Pa,minimum,"{""product_form"": ""extrusion"", ""thickness_m"": {""maximum"": 0.0254, ""minimum"": 0.003175}}",Hydro extrusion property limits,hydro-6005-6105,Hydro,Alloy 6005/6105 datasheet,Snapshot 8cd88d53aa4b,"Page 2, 6005-T5, thickness 0.125 to 1.000 in, row Ultimate tensile strength",260,MPa,3
obs-f862e383968f26e480cc,al-6005,al-6005-t5,tensile_yield_strength,lower_bound,240000000.0,,,Pa,minimum,"{""product_form"": ""extrusion"", ""thickness_m"": {""maximum"": 0.0254, ""minimum"": 0.003175}}",Hydro extrusion property limits,hydro-6005-6105,Hydro,Alloy 6005/6105 datasheet,Snapshot 8cd88d53aa4b,"Page 2, 6005-T5, thickness 0.125 to 1.000 in, row Yield strength, 0.2% offset",240,MPa,3
obs-bca87a1689ffd3337666,al-6005,al-6005-t5,elongation_at_break,lower_bound,0.1,,,1,minimum,"{""product_form"": ""extrusion"", ""thickness_m"": {""maximum"": 0.0254, ""minimum"": 0.003175}}",Hydro extrusion property limits,hydro-6005-6105,Hydro,Alloy 6005/6105 datasheet,Snapshot 8cd88d53aa4b,"Page 2, 6005-T5, thickness 0.125 to 1.000 in, row Elongation, gauge length 2 in or 4 specimen diameters",10,%,2
obs-2e6f24c4a703db4dfd20,al-6005,al-6005-t5,thermal_conductivity,point,188.0,,,W/(m*K),typical,"{""product_form"": ""extrusion"", ""temperature_K"": 298.15, ""thickness_m"": {""maximum"": 0.0254, ""minimum"": 0.003175}}",Hydro extrusion property limits,hydro-6005-6105,Hydro,Alloy 6005/6105 datasheet,Snapshot 8cd88d53aa4b,"Page 2, 6005-T5, thickness 0.125 to 1.000 in, row Typical thermal conductivity at 25 °C",188,W/(m·K),3
obs-0da93f0f621f200bed49,al-6105,,density,point,2684.950756889703,,,kg/m^3,reference,{},Hydro alloy reference,hydro-6005-6105,Hydro,Alloy 6005/6105 datasheet,Snapshot 8cd88d53aa4b,"Page 1, Alloy 6105, row Density above chemical composition",0.097,lb/in³,2
obs-c69265d61e9f66afc673,al-6105,al-6105-t1,ultimate_tensile_strength,lower_bound,170000000.0,,,Pa,minimum,"{""product_form"": ""extrusion"", ""thickness_m"": {""maximum"": 0.0127, ""minimum"": null}}",Hydro extrusion property limits,hydro-6005-6105,Hydro,Alloy 6005/6105 datasheet,Snapshot 8cd88d53aa4b,"Page 2, 6105-T1, thickness unbounded to .500 in, row Ultimate tensile strength",170,MPa,3
obs-120eb07fd550e20e966c,al-6105,al-6105-t1,tensile_yield_strength,lower_bound,105000000.0,,,Pa,minimum,"{""product_form"": ""extrusion"", ""thickness_m"": {""maximum"": 0.0127, ""minimum"": null}}",Hydro extrusion property limits,hydro-6005-6105,Hydro,Alloy 6005/6105 datasheet,Snapshot 8cd88d53aa4b,"Page 2, 6105-T1, thickness unbounded to .500 in, row Yield strength, 0.2% offset",105,MPa,3
obs-b4012d929e93ae615e15,al-6105,al-6105-t1,elongation_at_break,lower_bound,0.16,,,1,minimum,"{""product_form"": ""extrusion"", ""thickness_m"": {""maximum"": 0.0127, ""minimum"": 0.0015748}}",Hydro extrusion property limits,hydro-6005-6105,Hydro,Alloy 6005/6105 datasheet,Snapshot 8cd88d53aa4b,"Page 2, 6105-T1, thickness unbounded to .500 in, row Elongation, gauge length 2 in or 4 specimen diameters",16,%,2
obs-d25994b87b48497bb450,al-6105,al-6105-t1,thermal_conductivity,point,176.0,,,W/(m*K),typical,"{""product_form"": ""extrusion"", ""temperature_K"": 298.15, ""thickness_m"": {""maximum"": 0.0127, ""minimum"": null}}",Hydro extrusion property limits,hydro-6005-6105,Hydro,Alloy 6005/6105 datasheet,Snapshot 8cd88d53aa4b,"Page 2, 6105-T1, thickness unbounded to .500 in, row Typical thermal conductivity at 25 °C",176,W/(m·K),3
obs-28fe4ff9a6bc8fdf0f04,al-6105,al-6105-t5,ultimate_tensile_strength,lower_bound,260000000.0,,,Pa,minimum,"{""product_form"": ""extrusion"", ""thickness_m"": {""maximum"": 0.0031496, ""minimum"": null}}",Hydro extrusion property limits,hydro-6005-6105,Hydro,Alloy 6005/6105 datasheet,Snapshot 8cd88d53aa4b,"Page 2, 6105-T5, thickness unbounded to 0.124 in, row Ultimate tensile strength",260,MPa,3
obs-899cd174d22ea4fd9fd7,al-6105,al-6105-t5,tensile_yield_strength,lower_bound,240000000.0,,,Pa,minimum,"{""product_form"": ""extrusion"", ""thickness_m"": {""maximum"": 0.0031496, ""minimum"": null}}",Hydro extrusion property limits,hydro-6005-6105,Hydro,Alloy 6005/6105 datasheet,Snapshot 8cd88d53aa4b,"Page 2, 6105-T5, thickness unbounded to 0.124 in, row Yield strength, 0.2% offset",240,MPa,3
obs-f432586973d1e8162a3b,al-6105,al-6105-t5,elongation_at_break,lower_bound,0.08,,,1,minimum,"{""product_form"": ""extrusion"", ""thickness_m"": {""maximum"": 0.0031496, ""minimum"": 0.0015748}}",Hydro extrusion property limits,hydro-6005-6105,Hydro,Alloy 6005/6105 datasheet,Snapshot 8cd88d53aa4b,"Page 2, 6105-T5, thickness unbounded to 0.124 in, row Elongation, gauge length 2 in or 4 specimen diameters",8,%,1
obs-c62d04928d06bfde93ba,al-6105,al-6105-t5,thermal_conductivity,point,193.0,,,W/(m*K),typical,"{""product_form"": ""extrusion"", ""temperature_K"": 298.15, ""thickness_m"": {""maximum"": 0.0031496, ""minimum"": null}}",Hydro extrusion property limits,hydro-6005-6105,Hydro,Alloy 6005/6105 datasheet,Snapshot 8cd88d53aa4b,"Page 2, 6105-T5, thickness unbounded to 0.124 in, row Typical thermal conductivity at 25 °C",193,W/(m·K),3
obs-dcc80237d775fa9f5d41,al-6105,al-6105-t5,ultimate_tensile_strength,lower_bound,260000000.0,,,Pa,minimum,"{""product_form"": ""extrusion"", ""thickness_m"": {""maximum"": 0.0254, ""minimum"": 0.003175}}",Hydro extrusion property limits,hydro-6005-6105,Hydro,Alloy 6005/6105 datasheet,Snapshot 8cd88d53aa4b,"Page 2, 6105-T5, thickness 0.125 to 1.000 in, row Ultimate tensile strength",260,MPa,3
obs-9d7a6626a68abe0d3448,al-6105,al-6105-t5,tensile_yield_strength,lower_bound,240000000.0,,,Pa,minimum,"{""product_form"": ""extrusion"", ""thickness_m"": {""maximum"": 0.0254, ""minimum"": 0.003175}}",Hydro extrusion property limits,hydro-6005-6105,Hydro,Alloy 6005/6105 datasheet,Snapshot 8cd88d53aa4b,"Page 2, 6105-T5, thickness 0.125 to 1.000 in, row Yield strength, 0.2% offset",240,MPa,3
obs-0040d6fcf8e3bde7fbb4,al-6105,al-6105-t5,elongation_at_break,lower_bound,0.1,,,1,minimum,"{""product_form"": ""extrusion"", ""thickness_m"": {""maximum"": 0.0254, ""minimum"": 0.003175}}",Hydro extrusion property limits,hydro-6005-6105,Hydro,Alloy 6005/6105 datasheet,Snapshot 8cd88d53aa4b,"Page 2, 6105-T5, thickness 0.125 to 1.000 in, row Elongation, gauge length 2 in or 4 specimen diameters",10,%,2
obs-6b2392381cd26f1834a2,al-6105,al-6105-t5,thermal_conductivity,point,193.0,,,W/(m*K),typical,"{""product_form"": ""extrusion"", ""temperature_K"": 298.15, ""thickness_m"": {""maximum"": 0.0254, ""minimum"": 0.003175}}",Hydro extrusion property limits,hydro-6005-6105,Hydro,Alloy 6005/6105 datasheet,Snapshot 8cd88d53aa4b,"Page 2, 6105-T5, thickness 0.125 to 1.000 in, row Typical thermal conductivity at 25 °C",193,W/(m·K),3
obs-3efb766ae8662dcd43dd,al-6105,al-6105-t6,ultimate_tensile_strength,lower_bound,260000000.0,,,Pa,minimum,"{""product_form"": ""extrusion"", ""thickness_m"": {""maximum"": 0.0127, ""minimum"": null}}",Hydro extrusion property limits,hydro-6005-6105,Hydro,Alloy 6005/6105 datasheet,Snapshot 8cd88d53aa4b,"Page 2, 6105-T6, thickness unbounded to .500 in, row Ultimate tensile strength",260,MPa,3
obs-48eaf669d5b84b0c03a6,al-6105,al-6105-t6,tensile_yield_strength,lower_bound,240000000.0,,,Pa,minimum,"{""product_form"": ""extrusion"", ""thickness_m"": {""maximum"": 0.0127, ""minimum"": null}}",Hydro extrusion property limits,hydro-6005-6105,Hydro,Alloy 6005/6105 datasheet,Snapshot 8cd88d53aa4b,"Page 2, 6105-T6, thickness unbounded to .500 in, row Yield strength, 0.2% offset",240,MPa,3
obs-de122bb49d8a9c14beeb,al-6105,al-6105-t6,elongation_at_break,lower_bound,0.08,,,1,minimum,"{""product_form"": ""extrusion"", ""thickness_m"": {""maximum"": 0.0127, ""minimum"": 0.0015748}}",Hydro extrusion property limits,hydro-6005-6105,Hydro,Alloy 6005/6105 datasheet,Snapshot 8cd88d53aa4b,"Page 2, 6105-T6, thickness unbounded to .500 in, row Elongation, gauge length 2 in or 4 specimen diameters",8,%,1
obs-1a0c92251044b94dc29e,al-6105,al-6105-t6,thermal_conductivity,point,193.0,,,W/(m*K),typical,"{""product_form"": ""extrusion"", ""temperature_K"": 298.15, ""thickness_m"": {""maximum"": 0.0127, ""minimum"": null}}",Hydro extrusion property limits,hydro-6005-6105,Hydro,Alloy 6005/6105 datasheet,Snapshot 8cd88d53aa4b,"Page 2, 6105-T6, thickness unbounded to .500 in, row Typical thermal conductivity at 25 °C",193,W/(m·K),3
obs-659a841ed80571d15f69,al-6005a,,density,point,2712.630661599906,,,kg/m^3,reference,{},Hydro alloy reference,hydro-6005a,Hydro,Alloy 6005A datasheet,Snapshot fe225f0e18d2,"Page 1, Alloy 6005A, row Density above chemical composition",0.098,lb/in³,2
obs-ffdddeac9e4a67e6311c,al-6005a,al-6005a-t1,ultimate_tensile_strength,lower_bound,170000000.0,,,Pa,minimum,"{""product_form"": ""extrusion"", ""thickness_m"": {""maximum"": 0.0063246, ""minimum"": null}}",Hydro extrusion property limits (Aluminum Association),hydro-6005a,Hydro,Alloy 6005A datasheet,Snapshot fe225f0e18d2,"Page 2, 6005A-T1, thickness unbounded to 0.249 in, row Ultimate tensile strength",170,MPa,3
obs-7235a172a05af6e3c321,al-6005a,al-6005a-t1,tensile_yield_strength,lower_bound,100000000.0,,,Pa,minimum,"{""product_form"": ""extrusion"", ""thickness_m"": {""maximum"": 0.0063246, ""minimum"": null}}",Hydro extrusion property limits (Aluminum Association),hydro-6005a,Hydro,Alloy 6005A datasheet,Snapshot fe225f0e18d2,"Page 2, 6005A-T1, thickness unbounded to 0.249 in, row Yield strength, 0.2% offset",100,MPa,3
obs-33076a4381539f07b17b,al-6005a,al-6005a-t1,elongation_at_break,lower_bound,0.15,,,1,minimum,"{""product_form"": ""extrusion"", ""thickness_m"": {""maximum"": 0.0063246, ""minimum"": 0.0015748}}",Hydro extrusion property limits (Aluminum Association),hydro-6005a,Hydro,Alloy 6005A datasheet,Snapshot fe225f0e18d2,"Page 2, 6005A-T1, thickness unbounded to 0.249 in, row Elongation, gauge length 2 in or 4 specimen diameters",15,%,2
obs-b9177e3a1e4cc1bda5ad,al-6005a,al-6005a-t1,thermal_conductivity,point,176.0,,,W/(m*K),typical,"{""product_form"": ""extrusion"", ""temperature_K"": 298.15, ""thickness_m"": {""maximum"": 0.0063246, ""minimum"": null}}",Hydro extrusion property limits (Aluminum Association),hydro-6005a,Hydro,Alloy 6005A datasheet,Snapshot fe225f0e18d2,"Page 2, 6005A-T1, thickness unbounded to 0.249 in, row Typical thermal conductivity at 25 °C",176,W/(m·K),3
obs-2602a11469ee7c1dbe53,al-6005a,al-6005a-t5,ultimate_tensile_strength,lower_bound,260000000.0,,,Pa,minimum,"{""product_form"": ""extrusion"", ""thickness_m"": {""maximum"": 0.0063246, ""minimum"": null}}",Hydro extrusion property limits (Aluminum Association),hydro-6005a,Hydro,Alloy 6005A datasheet,Snapshot fe225f0e18d2,"Page 2, 6005A-T5, thickness unbounded to 0.249 in, row Ultimate tensile strength",260,MPa,3
obs-8f3bc6848eee3655a09d,al-6005a,al-6005a-t5,tensile_yield_strength,lower_bound,215000000.0,,,Pa,minimum,"{""product_form"": ""extrusion"", ""thickness_m"": {""maximum"": 0.0063246, ""minimum"": null}}",Hydro extrusion property limits (Aluminum Association),hydro-6005a,Hydro,Alloy 6005A datasheet,Snapshot fe225f0e18d2,"Page 2, 6005A-T5, thickness unbounded to 0.249 in, row Yield strength, 0.2% offset",215,MPa,3
obs-04cea90e303fa0b44ed2,al-6005a,al-6005a-t5,elongation_at_break,lower_bound,0.07,,,1,minimum,"{""product_form"": ""extrusion"", ""thickness_m"": {""maximum"": 0.0063246, ""minimum"": 0.0015748}}",Hydro extrusion property limits (Aluminum Association),hydro-6005a,Hydro,Alloy 6005A datasheet,Snapshot fe225f0e18d2,"Page 2, 6005A-T5, thickness unbounded to 0.249 in, row Elongation, gauge length 2 in or 4 specimen diameters",7,%,1
obs-afd38e684beef9325460,al-6005a,al-6005a-t5,thermal_conductivity,point,193.0,,,W/(m*K),typical,"{""product_form"": ""extrusion"", ""temperature_K"": 298.15, ""thickness_m"": {""maximum"": 0.0063246, ""minimum"": null}}",Hydro extrusion property limits (Aluminum Association),hydro-6005a,Hydro,Alloy 6005A datasheet,Snapshot fe225f0e18d2,"Page 2, 6005A-T5, thickness unbounded to 0.249 in, row Typical thermal conductivity at 25 °C",193,W/(m·K),3
obs-eab978a44a63e1704efa,al-6005a,al-6005a-t5,ultimate_tensile_strength,lower_bound,260000000.0,,,Pa,minimum,"{""product_form"": ""extrusion"", ""thickness_m"": {""maximum"": 0.0253746, ""minimum"": 0.00635}}",Hydro extrusion property limits (Aluminum Association),hydro-6005a,Hydro,Alloy 6005A datasheet,Snapshot fe225f0e18d2,"Page 2, 6005A-T5, thickness .250 to 0.999 in, row Ultimate tensile strength",260,MPa,3
obs-198c7c074ad3841fce13,al-6005a,al-6005a-t5,tensile_yield_strength,lower_bound,215000000.0,,,Pa,minimum,"{""product_form"": ""extrusion"", ""thickness_m"": {""maximum"": 0.0253746, ""minimum"": 0.00635}}",Hydro extrusion property limits (Aluminum Association),hydro-6005a,Hydro,Alloy 6005A datasheet,Snapshot fe225f0e18d2,"Page 2, 6005A-T5, thickness .250 to 0.999 in, row Yield strength, 0.2% offset",215,MPa,3
obs-adc134a35ab3390793b7,al-6005a,al-6005a-t5,elongation_at_break,lower_bound,0.09,,,1,minimum,"{""product_form"": ""extrusion"", ""thickness_m"": {""maximum"": 0.0253746, ""minimum"": 0.00635}}",Hydro extrusion property limits (Aluminum Association),hydro-6005a,Hydro,Alloy 6005A datasheet,Snapshot fe225f0e18d2,"Page 2, 6005A-T5, thickness .250 to 0.999 in, row Elongation, gauge length 2 in or 4 specimen diameters",9,%,1
obs-32414041bebee03224af,al-6005a,al-6005a-t5,thermal_conductivity,point,193.0,,,W/(m*K),typical,"{""product_form"": ""extrusion"", ""temperature_K"": 298.15, ""thickness_m"": {""maximum"": 0.0253746, ""minimum"": 0.00635}}",Hydro extrusion property limits (Aluminum Association),hydro-6005a,Hydro,Alloy 6005A datasheet,Snapshot fe225f0e18d2,"Page 2, 6005A-T5, thickness .250 to 0.999 in, row Typical thermal conductivity at 25 °C",193,W/(m·K),3
obs-fdda1d229ebbb530049b,al-6005a,al-6005a-t61,ultimate_tensile_strength,lower_bound,260000000.0,,,Pa,minimum,"{""product_form"": ""extrusion"", ""thickness_m"": {""maximum"": 0.0063246, ""minimum"": null}}",Hydro extrusion property limits (Aluminum Association),hydro-6005a,Hydro,Alloy 6005A datasheet,Snapshot fe225f0e18d2,"Page 2, 6005A-T61, thickness unbounded to 0.249 in, row Ultimate tensile strength",260,MPa,3
obs-52eb4124e0a31befa907,al-6005a,al-6005a-t61,tensile_yield_strength,lower_bound,240000000.0,,,Pa,minimum,"{""product_form"": ""extrusion"", ""thickness_m"": {""maximum"": 0.0063246, ""minimum"": null}}",Hydro extrusion property limits (Aluminum Association),hydro-6005a,Hydro,Alloy 6005A datasheet,Snapshot fe225f0e18d2,"Page 2, 6005A-T61, thickness unbounded to 0.249 in, row Yield strength, 0.2% offset",240,MPa,3
obs-4311cc744a810fc75325,al-6005a,al-6005a-t61,elongation_at_break,lower_bound,0.08,,,1,minimum,"{""product_form"": ""extrusion"", ""thickness_m"": {""maximum"": 0.0063246, ""minimum"": 0.0015748}}",Hydro extrusion property limits (Aluminum Association),hydro-6005a,Hydro,Alloy 6005A datasheet,Snapshot fe225f0e18d2,"Page 2, 6005A-T61, thickness unbounded to 0.249 in, row Elongation, gauge length 2 in or 4 specimen diameters",8,%,1
obs-6fe2da9811b9622214e2,al-6005a,al-6005a-t61,thermal_conductivity,point,188.0,,,W/(m*K),typical,"{""product_form"": ""extrusion"", ""temperature_K"": 298.15, ""thickness_m"": {""maximum"": 0.0063246, ""minimum"": null}}",Hydro extrusion property limits (Aluminum Association),hydro-6005a,Hydro,Alloy 6005A datasheet,Snapshot fe225f0e18d2,"Page 2, 6005A-T61, thickness unbounded to 0.249 in, row Typical thermal conductivity at 25 °C",188,W/(m·K),3
obs-030af293a39467ffba8a,al-6005a,al-6005a-t61,ultimate_tensile_strength,lower_bound,260000000.0,,,Pa,minimum,"{""product_form"": ""extrusion"", ""thickness_m"": {""maximum"": 0.0254, ""minimum"": 0.00635}}",Hydro extrusion property limits (Aluminum Association),hydro-6005a,Hydro,Alloy 6005A datasheet,Snapshot fe225f0e18d2,"Page 2, 6005A-T61, thickness 0.250 to 1.000 in, row Ultimate tensile strength",260,MPa,3
obs-3c5e9a2094ad1016c338,al-6005a,al-6005a-t61,tensile_yield_strength,lower_bound,240000000.0,,,Pa,minimum,"{""product_form"": ""extrusion"", ""thickness_m"": {""maximum"": 0.0254, ""minimum"": 0.00635}}",Hydro extrusion property limits (Aluminum Association),hydro-6005a,Hydro,Alloy 6005A datasheet,Snapshot fe225f0e18d2,"Page 2, 6005A-T61, thickness 0.250 to 1.000 in, row Yield strength, 0.2% offset",240,MPa,3
obs-68b4714ce0df731fb812,al-6005a,al-6005a-t61,elongation_at_break,lower_bound,0.1,,,1,minimum,"{""product_form"": ""extrusion"", ""thickness_m"": {""maximum"": 0.0254, ""minimum"": 0.00635}}",Hydro extrusion property limits (Aluminum Association),hydro-6005a,Hydro,Alloy 6005A datasheet,Snapshot fe225f0e18d2,"Page 2, 6005A-T61, thickness 0.250 to 1.000 in, row Elongation, gauge length 2 in or 4 specimen diameters",10,%,2
obs-17c06df2cb37da4aa49f,al-6005a,al-6005a-t61,thermal_conductivity,point,188.0,,,W/(m*K),typical,"{""product_form"": ""extrusion"", ""temperature_K"": 298.15, ""thickness_m"": {""maximum"": 0.0254, ""minimum"": 0.00635}}",Hydro extrusion property limits (Aluminum Association),hydro-6005a,Hydro,Alloy 6005A datasheet,Snapshot fe225f0e18d2,"Page 2, 6005A-T61, thickness 0.250 to 1.000 in, row Typical thermal conductivity at 25 °C",188,W/(m·K),3
obs-955ec42cb0baf05950ae,al-6063,,density,point,2684.950756889703,,,kg/m^3,reference,{},Hydro alloy reference,hydro-6063,Hydro,Alloy 6063 datasheet,Snapshot 3a65ab041373,"Page 1, Alloy 6063, row Density above chemical composition",0.097,lb/in³,2
obs-2c5d21dc8ee975374f97,al-6063,al-6063-t1,ultimate_tensile_strength,lower_bound,115000000.0,,,Pa,minimum,"{""product_form"": ""extrusion"", ""thickness_m"": {""maximum"": 0.0127, ""minimum"": null}}",Hydro extrusion property limits,hydro-6063,Hydro,Alloy 6063 datasheet,Snapshot 3a65ab041373,"Page 2, 6063-T1, thickness unbounded to .500 in, row Ultimate tensile strength",115,MPa,3
obs-f77bddb912e4cae70f0b,al-6063,al-6063-t1,tensile_yield_strength,lower_bound,60000000.0,,,Pa,minimum,"{""product_form"": ""extrusion"", ""thickness_m"": {""maximum"": 0.0127, ""minimum"": null}}",Hydro extrusion property limits,hydro-6063,Hydro,Alloy 6063 datasheet,Snapshot 3a65ab041373,"Page 2, 6063-T1, thickness unbounded to .500 in, row Yield strength, 0.2% offset",60,MPa,2
obs-56a725bae478452ad3f3,al-6063,al-6063-t1,elongation_at_break,lower_bound,0.12,,,1,minimum,"{""product_form"": ""extrusion"", ""thickness_m"": {""maximum"": 0.0127, ""minimum"": 0.0015748}}",Hydro extrusion property limits,hydro-6063,Hydro,Alloy 6063 datasheet,Snapshot 3a65ab041373,"Page 2, 6063-T1, thickness unbounded to .500 in, row Elongation, gauge length 2 in or 4 specimen diameters",12,%,2
obs-dac23b02d073ae77641d,al-6063,al-6063-t1,thermal_conductivity,point,193.0,,,W/(m*K),typical,"{""product_form"": ""extrusion"", ""temperature_K"": 298.15, ""thickness_m"": {""maximum"": 0.0127, ""minimum"": null}}",Hydro extrusion property limits,hydro-6063,Hydro,Alloy 6063 datasheet,Snapshot 3a65ab041373,"Page 2, 6063-T1, thickness unbounded to .500 in, row Typical thermal conductivity at 25 °C",193,W/(m·K),3
obs-745247089afcd8de0173,al-6063,al-6063-t1,ultimate_tensile_strength,lower_bound,110000000.0,,,Pa,minimum,"{""product_form"": ""extrusion"", ""thickness_m"": {""maximum"": 0.0254, ""minimum"": 0.0127254}}",Hydro extrusion property limits,hydro-6063,Hydro,Alloy 6063 datasheet,Snapshot 3a65ab041373,"Page 2, 6063-T1, thickness .501 to 1.000 in, row Ultimate tensile strength",110,MPa,3
obs-6e4788d7f2265e096de7,al-6063,al-6063-t1,tensile_yield_strength,lower_bound,55000000.0,,,Pa,minimum,"{""product_form"": ""extrusion"", ""thickness_m"": {""maximum"": 0.0254, ""minimum"": 0.0127254}}",Hydro extrusion property limits,hydro-6063,Hydro,Alloy 6063 datasheet,Snapshot 3a65ab041373,"Page 2, 6063-T1, thickness .501 to 1.000 in, row Yield strength, 0.2% offset",55,MPa,2
obs-e1019d163b5470b17129,al-6063,al-6063-t1,elongation_at_break,lower_bound,0.12,,,1,minimum,"{""product_form"": ""extrusion"", ""thickness_m"": {""maximum"": 0.0254, ""minimum"": 0.0127254}}",Hydro extrusion property limits,hydro-6063,Hydro,Alloy 6063 datasheet,Snapshot 3a65ab041373,"Page 2, 6063-T1, thickness .501 to 1.000 in, row Elongation, gauge length 2 in or 4 specimen diameters",12,%,2
obs-f0aa58c638862830bad3,al-6063,al-6063-t1,thermal_conductivity,point,193.0,,,W/(m*K),typical,"{""product_form"": ""extrusion"", ""temperature_K"": 298.15, ""thickness_m"": {""maximum"": 0.0254, ""minimum"": 0.0127254}}",Hydro extrusion property limits,hydro-6063,Hydro,Alloy 6063 datasheet,Snapshot 3a65ab041373,"Page 2, 6063-T1, thickness .501 to 1.000 in, row Typical thermal conductivity at 25 °C",193,W/(m·K),3
obs-6058dd875aa30d523355,al-6063,al-6063-t4,ultimate_tensile_strength,lower_bound,130000000.0,,,Pa,minimum,"{""product_form"": ""extrusion"", ""thickness_m"": {""maximum"": 0.0127, ""minimum"": null}}",Hydro extrusion property limits,hydro-6063,Hydro,Alloy 6063 datasheet,Snapshot 3a65ab041373,"Page 2, 6063-T4, thickness unbounded to .500 in, row Ultimate tensile strength",130,MPa,3
obs-92bff4244313a5b46db7,al-6063,al-6063-t4,tensile_yield_strength,lower_bound,70000000.0,,,Pa,minimum,"{""product_form"": ""extrusion"", ""thickness_m"": {""maximum"": 0.0127, ""minimum"": null}}",Hydro extrusion property limits,hydro-6063,Hydro,Alloy 6063 datasheet,Snapshot 3a65ab041373,"Page 2, 6063-T4, thickness unbounded to .500 in, row Yield strength, 0.2% offset",70,MPa,2
obs-c3b5abd7282b3d5e51b6,al-6063,al-6063-t4,elongation_at_break,lower_bound,0.14,,,1,minimum,"{""product_form"": ""extrusion"", ""thickness_m"": {""maximum"": 0.0127, ""minimum"": 0.0015748}}",Hydro extrusion property limits,hydro-6063,Hydro,Alloy 6063 datasheet,Snapshot 3a65ab041373,"Page 2, 6063-T4, thickness unbounded to .500 in, row Elongation, gauge length 2 in or 4 specimen diameters",14,%,2
obs-3b5628defd5fed31a6ad,al-6063,al-6063-t4,thermal_conductivity,point,193.0,,,W/(m*K),typical,"{""product_form"": ""extrusion"", ""temperature_K"": 298.15, ""thickness_m"": {""maximum"": 0.0127, ""minimum"": null}}",Hydro extrusion property limits,hydro-6063,Hydro,Alloy 6063 datasheet,Snapshot 3a65ab041373,"Page 2, 6063-T4, thickness unbounded to .500 in, row Typical thermal conductivity at 25 °C",193,W/(m·K),3
obs-1c10697a3d564bc7f610,al-6063,al-6063-t4,ultimate_tensile_strength,lower_bound,125000000.0,,,Pa,minimum,"{""product_form"": ""extrusion"", ""thickness_m"": {""maximum"": 0.0254, ""minimum"": 0.0127254}}",Hydro extrusion property limits,hydro-6063,Hydro,Alloy 6063 datasheet,Snapshot 3a65ab041373,"Page 2, 6063-T4, thickness .501 to 1.000 in, row Ultimate tensile strength",125,MPa,3
obs-cbb6f41edb377c0bdabd,al-6063,al-6063-t4,tensile_yield_strength,lower_bound,60000000.0,,,Pa,minimum,"{""product_form"": ""extrusion"", ""thickness_m"": {""maximum"": 0.0254, ""minimum"": 0.0127254}}",Hydro extrusion property limits,hydro-6063,Hydro,Alloy 6063 datasheet,Snapshot 3a65ab041373,"Page 2, 6063-T4, thickness .501 to 1.000 in, row Yield strength, 0.2% offset",60,MPa,2
obs-2fdc8d4a2192a6119d6a,al-6063,al-6063-t4,elongation_at_break,lower_bound,0.14,,,1,minimum,"{""product_form"": ""extrusion"", ""thickness_m"": {""maximum"": 0.0254, ""minimum"": 0.0127254}}",Hydro extrusion property limits,hydro-6063,Hydro,Alloy 6063 datasheet,Snapshot 3a65ab041373,"Page 2, 6063-T4, thickness .501 to 1.000 in, row Elongation, gauge length 2 in or 4 specimen diameters",14,%,2
obs-692175ab7ccff2a6ae21,al-6063,al-6063-t4,thermal_conductivity,point,193.0,,,W/(m*K),typical,"{""product_form"": ""extrusion"", ""temperature_K"": 298.15, ""thickness_m"": {""maximum"": 0.0254, ""minimum"": 0.0127254}}",Hydro extrusion property limits,hydro-6063,Hydro,Alloy 6063 datasheet,Snapshot 3a65ab041373,"Page 2, 6063-T4, thickness .501 to 1.000 in, row Typical thermal conductivity at 25 °C",193,W/(m·K),3
obs-00950b83478255ecb176,al-6063,al-6063-t5,ultimate_tensile_strength,lower_bound,150000000.0,,,Pa,minimum,"{""product_form"": ""extrusion"", ""thickness_m"": {""maximum"": 0.0127, ""minimum"": null}}",Hydro extrusion property limits,hydro-6063,Hydro,Alloy 6063 datasheet,Snapshot 3a65ab041373,"Page 2, 6063-T5, thickness unbounded to .500 in, row Ultimate tensile strength",150,MPa,3
obs-1f2f39aad6703908017f,al-6063,al-6063-t5,tensile_yield_strength,lower_bound,110000000.0,,,Pa,minimum,"{""product_form"": ""extrusion"", ""thickness_m"": {""maximum"": 0.0127, ""minimum"": null}}",Hydro extrusion property limits,hydro-6063,Hydro,Alloy 6063 datasheet,Snapshot 3a65ab041373,"Page 2, 6063-T5, thickness unbounded to .500 in, row Yield strength, 0.2% offset",110,MPa,3
obs-1447c210cb1e143ff2c7,al-6063,al-6063-t5,elongation_at_break,lower_bound,0.08,,,1,minimum,"{""product_form"": ""extrusion"", ""thickness_m"": {""maximum"": 0.0127, ""minimum"": 0.0015748}}",Hydro extrusion property limits,hydro-6063,Hydro,Alloy 6063 datasheet,Snapshot 3a65ab041373,"Page 2, 6063-T5, thickness unbounded to .500 in, row Elongation, gauge length 2 in or 4 specimen diameters",8,%,1
obs-33b1524e23a90c46ddc0,al-6063,al-6063-t5,thermal_conductivity,point,209.0,,,W/(m*K),typical,"{""product_form"": ""extrusion"", ""temperature_K"": 298.15, ""thickness_m"": {""maximum"": 0.0127, ""minimum"": null}}",Hydro extrusion property limits,hydro-6063,Hydro,Alloy 6063 datasheet,Snapshot 3a65ab041373,"Page 2, 6063-T5, thickness unbounded to .500 in, row Typical thermal conductivity at 25 °C",209,W/(m·K),3
obs-31ed52261096327be1b0,al-6063,al-6063-t5,ultimate_tensile_strength,lower_bound,145000000.0,,,Pa,minimum,"{""product_form"": ""extrusion"", ""thickness_m"": {""maximum"": 0.0254, ""minimum"": 0.0127254}}",Hydro extrusion property limits,hydro-6063,Hydro,Alloy 6063 datasheet,Snapshot 3a65ab041373,"Page 2, 6063-T5, thickness .501 to 1.000 in, row Ultimate tensile strength",145,MPa,3
obs-d3c9540d4a8ca758db36,al-6063,al-6063-t5,tensile_yield_strength,lower_bound,105000000.0,,,Pa,minimum,"{""product_form"": ""extrusion"", ""thickness_m"": {""maximum"": 0.0254, ""minimum"": 0.0127254}}",Hydro extrusion property limits,hydro-6063,Hydro,Alloy 6063 datasheet,Snapshot 3a65ab041373,"Page 2, 6063-T5, thickness .501 to 1.000 in, row Yield strength, 0.2% offset",105,MPa,3
obs-caecc083c8596a16f47c,al-6063,al-6063-t5,elongation_at_break,lower_bound,0.08,,,1,minimum,"{""product_form"": ""extrusion"", ""thickness_m"": {""maximum"": 0.0254, ""minimum"": 0.0127254}}",Hydro extrusion property limits,hydro-6063,Hydro,Alloy 6063 datasheet,Snapshot 3a65ab041373,"Page 2, 6063-T5, thickness .501 to 1.000 in, row Elongation, gauge length 2 in or 4 specimen diameters",8,%,1
obs-2c65d46e66d610299382,al-6063,al-6063-t5,thermal_conductivity,point,209.0,,,W/(m*K),typical,"{""product_form"": ""extrusion"", ""temperature_K"": 298.15, ""thickness_m"": {""maximum"": 0.0254, ""minimum"": 0.0127254}}",Hydro extrusion property limits,hydro-6063,Hydro,Alloy 6063 datasheet,Snapshot 3a65ab041373,"Page 2, 6063-T5, thickness .501 to 1.000 in, row Typical thermal conductivity at 25 °C",209,W/(m·K),3
obs-edecf29bcb8be77eb289,al-6063,al-6063-t6,ultimate_tensile_strength,lower_bound,205000000.0,,,Pa,minimum,"{""product_form"": ""extrusion"", ""thickness_m"": {""maximum"": 0.0031496, ""minimum"": null}}",Hydro extrusion property limits,hydro-6063,Hydro,Alloy 6063 datasheet,Snapshot 3a65ab041373,"Page 2, 6063-T6, thickness unbounded to .124 in, row Ultimate tensile strength",205,MPa,3
obs-f1eee01fdae6af0d5c3e,al-6063,al-6063-t6,tensile_yield_strength,lower_bound,170000000.0,,,Pa,minimum,"{""product_form"": ""extrusion"", ""thickness_m"": {""maximum"": 0.0031496, ""minimum"": null}}",Hydro extrusion property limits,hydro-6063,Hydro,Alloy 6063 datasheet,Snapshot 3a65ab041373,"Page 2, 6063-T6, thickness unbounded to .124 in, row Yield strength, 0.2% offset",170,MPa,3
obs-ee6f46e587ff270dfb0b,al-6063,al-6063-t6,elongation_at_break,lower_bound,0.08,,,1,minimum,"{""product_form"": ""extrusion"", ""thickness_m"": {""maximum"": 0.0031496, ""minimum"": 0.0015748}}",Hydro extrusion property limits,hydro-6063,Hydro,Alloy 6063 datasheet,Snapshot 3a65ab041373,"Page 2, 6063-T6, thickness unbounded to .124 in, row Elongation, gauge length 2 in or 4 specimen diameters",8,%,1
obs-405eff646732835ad78f,al-6063,al-6063-t6,thermal_conductivity,point,201.0,,,W/(m*K),typical,"{""product_form"": ""extrusion"", ""temperature_K"": 298.15, ""thickness_m"": {""maximum"": 0.0031496, ""minimum"": null}}",Hydro extrusion property limits,hydro-6063,Hydro,Alloy 6063 datasheet,Snapshot 3a65ab041373,"Page 2, 6063-T6, thickness unbounded to .124 in, row Typical thermal conductivity at 25 °C",201,W/(m·K),3
obs-10f26123d8044c65bd59,al-6042,,density,point,2712.630661599906,,,kg/m^3,reference,{},Hydro alloy reference,hydro-6042,Hydro,Alloy 6042 datasheet,Snapshot 9b15135ddb95,"Page 2, Alloy 6042, row Density above chemical composition",0.098,lb/in³,2
obs-cb460ffc922528f0ff0c,al-6042,al-6042-t5,ultimate_tensile_strength,lower_bound,290000000.0,,,Pa,minimum,"{""product_form"": ""extrusion"", ""thickness_m"": {""maximum"": null, ""minimum"": 0.0127}}",Hydro extrusion property limits,hydro-6042,Hydro,Alloy 6042 datasheet,Snapshot 9b15135ddb95,"Page 2, 6042-T5, thickness .500 to unbounded in, row Ultimate tensile strength",290,MPa,3
obs-59add44829ea7befb6ac,al-6042,al-6042-t5,tensile_yield_strength,lower_bound,240000000.0,,,Pa,minimum,"{""product_form"": ""extrusion"", ""thickness_m"": {""maximum"": null, ""minimum"": 0.0127}}",Hydro extrusion property limits,hydro-6042,Hydro,Alloy 6042 datasheet,Snapshot 9b15135ddb95,"Page 2, 6042-T5, thickness .500 to unbounded in, row Yield strength, 0.2% offset",240,MPa,3
obs-967920e25c9a53e81e02,al-6042,al-6042-t5,elongation_at_break,lower_bound,0.1,,,1,minimum,"{""product_form"": ""extrusion"", ""thickness_m"": {""maximum"": null, ""minimum"": 0.0127}}",Hydro extrusion property limits,hydro-6042,Hydro,Alloy 6042 datasheet,Snapshot 9b15135ddb95,"Page 2, 6042-T5, thickness .500 to unbounded in, row Elongation, gauge length 2 in or 4 specimen diameters",10,%,2
obs-1ca8e76e8ab07d7fcb3e,al-6042,al-6042-t5,thermal_conductivity,point,167.0,,,W/(m*K),typical,"{""product_form"": ""extrusion"", ""temperature_K"": 298.15, ""thickness_m"": {""maximum"": null, ""minimum"": 0.0127}}",Hydro extrusion property limits,hydro-6042,Hydro,Alloy 6042 datasheet,Snapshot 9b15135ddb95,"Page 2, 6042-T5, thickness .500 to unbounded in, row Typical thermal conductivity at 25 °C",167,W/(m·K),3
obs-9a6a415a6e264730664d,al-6082,,density,point,2712.630661599906,,,kg/m^3,reference,{},Hydro alloy reference,hydro-6082,Hydro,Alloy 6082 datasheet,Snapshot d7558e451216,"Page 1, Alloy 6082, row Density above chemical composition",0.098,lb/in³,2
obs-3c2d2cd60b4ca5b436e8,al-6082,al-6082-t5,ultimate_tensile_strength,lower_bound,270000000.0,,,Pa,minimum,"{""product_form"": ""extrusion"", ""thickness_m"": {""maximum"": 0.0127, ""minimum"": 0.002032}}",Hydro extrusion property limits (Aluminum Association),hydro-6082,Hydro,Alloy 6082 datasheet,Snapshot d7558e451216,"Page 2, 6082-T5, thickness 0.080 to 0.500 in, row Ultimate tensile strength",270,MPa,3
obs-42f30fd1241ac67be7a9,al-6082,al-6082-t5,tensile_yield_strength,lower_bound,230000000.0,,,Pa,minimum,"{""product_form"": ""extrusion"", ""thickness_m"": {""maximum"": 0.0127, ""minimum"": 0.002032}}",Hydro extrusion property limits (Aluminum Association),hydro-6082,Hydro,Alloy 6082 datasheet,Snapshot d7558e451216,"Page 2, 6082-T5, thickness 0.080 to 0.500 in, row Yield strength, 0.2% offset",230,MPa,3
obs-d8f8441a393a258d3cf5,al-6082,al-6082-t5,elongation_at_break,lower_bound,0.08,,,1,minimum,"{""product_form"": ""extrusion"", ""thickness_m"": {""maximum"": 0.0127, ""minimum"": 0.002032}}",Hydro extrusion property limits (Aluminum Association),hydro-6082,Hydro,Alloy 6082 datasheet,Snapshot d7558e451216,"Page 2, 6082-T5, thickness 0.080 to 0.500 in, row Elongation, gauge length 2 in or 4 specimen diameters",8,%,1
obs-631881f39d3bd60c7e94,al-6082,al-6082-t6,ultimate_tensile_strength,lower_bound,310000000.0,,,Pa,minimum,"{""product_form"": ""extrusion"", ""thickness_m"": {""maximum"": 0.019049999999999997, ""minimum"": 0.00508}}",Hydro extrusion property limits (Aluminum Association),hydro-6082,Hydro,Alloy 6082 datasheet,Snapshot d7558e451216,"Page 2, 6082-T6, thickness 0.200 to 0.750 in, row Ultimate tensile strength",310,MPa,3
obs-a8f00f0d3850520045e7,al-6082,al-6082-t6,tensile_yield_strength,lower_bound,260000000.0,,,Pa,minimum,"{""product_form"": ""extrusion"", ""thickness_m"": {""maximum"": 0.019049999999999997, ""minimum"": 0.00508}}",Hydro extrusion property limits (Aluminum Association),hydro-6082,Hydro,Alloy 6082 datasheet,Snapshot d7558e451216,"Page 2, 6082-T6, thickness 0.200 to 0.750 in, row Yield strength, 0.2% offset",260,MPa,3
obs-1a49f0d3d7f06bea18e5,al-6082,al-6082-t6,elongation_at_break,lower_bound,0.06,,,1,minimum,"{""product_form"": ""extrusion"", ""thickness_m"": {""maximum"": 0.019049999999999997, ""minimum"": 0.00508}}",Hydro extrusion property limits (Aluminum Association),hydro-6082,Hydro,Alloy 6082 datasheet,Snapshot d7558e451216,"Page 2, 6082-T6, thickness 0.200 to 0.750 in, row Elongation, gauge length 2 in or 4 specimen diameters",6,%,1
obs-aa266d42c598cf899916,al-6082,al-6082-t6,thermal_conductivity,point,172.0,,,W/(m*K),typical,"{""product_form"": ""extrusion"", ""temperature_K"": 298.15, ""thickness_m"": {""maximum"": 0.019049999999999997, ""minimum"": 0.00508}}",Hydro extrusion property limits (Aluminum Association),hydro-6082,Hydro,Alloy 6082 datasheet,Snapshot d7558e451216,"Page 2, 6082-T6, thickness 0.200 to 0.750 in, row Typical thermal conductivity at 25 °C",172,W/(m·K),3
obs-68123a202fd1fc43f110,al-6082,al-6082-t6,ultimate_tensile_strength,lower_bound,310000000.0,,,Pa,minimum,"{""product_form"": ""extrusion"", ""thickness_m"": {""maximum"": 0.15239999999999998, ""minimum"": 0.0190754}}",Hydro extrusion property limits (Aluminum Association),hydro-6082,Hydro,Alloy 6082 datasheet,Snapshot d7558e451216,"Page 2, 6082-T6, thickness 0.751 to 6.000 in, row Ultimate tensile strength",310,MPa,3
obs-cd710e3691d77d29e099,al-6082,al-6082-t6,tensile_yield_strength,lower_bound,260000000.0,,,Pa,minimum,"{""product_form"": ""extrusion"", ""thickness_m"": {""maximum"": 0.15239999999999998, ""minimum"": 0.0190754}}",Hydro extrusion property limits (Aluminum Association),hydro-6082,Hydro,Alloy 6082 datasheet,Snapshot d7558e451216,"Page 2, 6082-T6, thickness 0.751 to 6.000 in, row Yield strength, 0.2% offset",260,MPa,3
obs-4a2d1c4810935754e607,al-6082,al-6082-t6,elongation_at_break,lower_bound,0.08,,,1,minimum,"{""product_form"": ""extrusion"", ""thickness_m"": {""maximum"": 0.15239999999999998, ""minimum"": 0.0190754}}",Hydro extrusion property limits (Aluminum Association),hydro-6082,Hydro,Alloy 6082 datasheet,Snapshot d7558e451216,"Page 2, 6082-T6, thickness 0.751 to 6.000 in, row Elongation, gauge length 2 in or 4 specimen diameters",8,%,1
obs-74e21dd57ffa08eea4c4,al-6082,al-6082-t6,thermal_conductivity,point,172.0,,,W/(m*K),typical,"{""product_form"": ""extrusion"", ""temperature_K"": 298.15, ""thickness_m"": {""maximum"": 0.15239999999999998, ""minimum"": 0.0190754}}",Hydro extrusion property limits (Aluminum Association),hydro-6082,Hydro,Alloy 6082 datasheet,Snapshot d7558e451216,"Page 2, 6082-T6, thickness 0.751 to 6.000 in, row Typical thermal conductivity at 25 °C",172,W/(m·K),3
obs-57e4c0ce898b76ac4901,al-6082,al-6082-t6,ultimate_tensile_strength,lower_bound,280000000.0,,,Pa,minimum,"{""product_form"": ""extrusion"", ""thickness_m"": {""maximum"": 0.2032, ""minimum"": 0.1524254}}",Hydro extrusion property limits (Aluminum Association),hydro-6082,Hydro,Alloy 6082 datasheet,Snapshot d7558e451216,"Page 2, 6082-T6, thickness 6.001 to 8.000 in, row Ultimate tensile strength",280,MPa,3
obs-ea5bcbd22cb5151120b4,al-6082,al-6082-t6,tensile_yield_strength,lower_bound,240000000.0,,,Pa,minimum,"{""product_form"": ""extrusion"", ""thickness_m"": {""maximum"": 0.2032, ""minimum"": 0.1524254}}",Hydro extrusion property limits (Aluminum Association),hydro-6082,Hydro,Alloy 6082 datasheet,Snapshot d7558e451216,"Page 2, 6082-T6, thickness 6.001 to 8.000 in, row Yield strength, 0.2% offset",240,MPa,3
obs-64dfa5515af67cef5b74,al-6082,al-6082-t6,elongation_at_break,lower_bound,0.06,,,1,minimum,"{""product_form"": ""extrusion"", ""thickness_m"": {""maximum"": 0.2032, ""minimum"": 0.1524254}}",Hydro extrusion property limits (Aluminum Association),hydro-6082,Hydro,Alloy 6082 datasheet,Snapshot d7558e451216,"Page 2, 6082-T6, thickness 6.001 to 8.000 in, row Elongation, gauge length 2 in or 4 specimen diameters",6,%,1
obs-7d462f6bb379d5af6d7d,al-6082,al-6082-t6,thermal_conductivity,point,172.0,,,W/(m*K),typical,"{""product_form"": ""extrusion"", ""temperature_K"": 298.15, ""thickness_m"": {""maximum"": 0.2032, ""minimum"": 0.1524254}}",Hydro extrusion property limits (Aluminum Association),hydro-6082,Hydro,Alloy 6082 datasheet,Snapshot d7558e451216,"Page 2, 6082-T6, thickness 6.001 to 8.000 in, row Typical thermal conductivity at 25 °C",172,W/(m·K),3
obs-2753288b7a3eea10a557,al-6101,,density,point,2684.950756889703,,,kg/m^3,reference,{},Hydro alloy reference,hydro-6101,Hydro,Alloy 6101 datasheet,Snapshot 384ef3a688d9,"Page 2, Alloy 6101, row Density above chemical composition",0.097,lb/in³,2
obs-5c1b71e8bc2997ba886d,al-6101,al-6101-t6,ultimate_tensile_strength,lower_bound,200000000.0,,,Pa,minimum,"{""product_form"": ""extrusion"", ""thickness_m"": {""maximum"": 0.0127, ""minimum"": 0.003175}}",Hydro extrusion property limits,hydro-6101,Hydro,Alloy 6101 datasheet,Snapshot 384ef3a688d9,"Page 2, 6101-T6, thickness 0.125 to 0.500 in, row Ultimate tensile strength",200,MPa,3
obs-9425bd56706cb12cc3c7,al-6101,al-6101-t6,tensile_yield_strength,lower_bound,170000000.0,,,Pa,minimum,"{""product_form"": ""extrusion"", ""thickness_m"": {""maximum"": 0.0127, ""minimum"": 0.003175}}",Hydro extrusion property limits,hydro-6101,Hydro,Alloy 6101 datasheet,Snapshot 384ef3a688d9,"Page 2, 6101-T6, thickness 0.125 to 0.500 in, row Yield strength, 0.2% offset",170,MPa,3
obs-1651a386464669013dfa,al-6101,al-6101-t6,thermal_conductivity,point,218.0,,,W/(m*K),typical,"{""product_form"": ""extrusion"", ""temperature_K"": 298.15, ""thickness_m"": {""maximum"": 0.0127, ""minimum"": 0.003175}}",Hydro extrusion property limits,hydro-6101,Hydro,Alloy 6101 datasheet,Snapshot 384ef3a688d9,"Page 2, 6101-T6, thickness 0.125 to 0.500 in, row Typical thermal conductivity at 25 °C",218,W/(m·K),3
obs-d96c74e09741e9b88f26,al-6101,al-6101-t63,ultimate_tensile_strength,lower_bound,185000000.0,,,Pa,minimum,"{""product_form"": ""extrusion"", ""thickness_m"": {""maximum"": 0.0254, ""minimum"": 0.003175}}",Hydro extrusion property limits,hydro-6101,Hydro,Alloy 6101 datasheet,Snapshot 384ef3a688d9,"Page 2, 6101-T63, thickness 0.125 to 1.000 in, row Ultimate tensile strength",185,MPa,3
obs-a8fceaf4794889451e41,al-6101,al-6101-t63,tensile_yield_strength,lower_bound,150000000.0,,,Pa,minimum,"{""product_form"": ""extrusion"", ""thickness_m"": {""maximum"": 0.0254, ""minimum"": 0.003175}}",Hydro extrusion property limits,hydro-6101,Hydro,Alloy 6101 datasheet,Snapshot 384ef3a688d9,"Page 2, 6101-T63, thickness 0.125 to 1.000 in, row Yield strength, 0.2% offset",150,MPa,3
obs-e6fa994f677d7e0b6357,al-6101,al-6101-t63,thermal_conductivity,point,218.0,,,W/(m*K),typical,"{""product_form"": ""extrusion"", ""temperature_K"": 298.15, ""thickness_m"": {""maximum"": 0.0254, ""minimum"": 0.003175}}",Hydro extrusion property limits,hydro-6101,Hydro,Alloy 6101 datasheet,Snapshot 384ef3a688d9,"Page 2, 6101-T63, thickness 0.125 to 1.000 in, row Typical thermal conductivity at 25 °C",218,W/(m·K),3
obs-80aa37f742a222df594c,al-6101,al-6101-t64,ultimate_tensile_strength,lower_bound,100000000.0,,,Pa,minimum,"{""product_form"": ""extrusion"", ""thickness_m"": {""maximum"": 0.0254, ""minimum"": 0.003175}}",Hydro extrusion property limits,hydro-6101,Hydro,Alloy 6101 datasheet,Snapshot 384ef3a688d9,"Page 2, 6101-T64, thickness 0.125 to 1.000 in, row Ultimate tensile strength",100,MPa,3
obs-28d0051caae8244e1119,al-6101,al-6101-t64,tensile_yield_strength,lower_bound,55000000.0,,,Pa,minimum,"{""product_form"": ""extrusion"", ""thickness_m"": {""maximum"": 0.0254, ""minimum"": 0.003175}}",Hydro extrusion property limits,hydro-6101,Hydro,Alloy 6101 datasheet,Snapshot 384ef3a688d9,"Page 2, 6101-T64, thickness 0.125 to 1.000 in, row Yield strength, 0.2% offset",55,MPa,2
obs-8a67c86177f8d3c1ef16,al-6101,al-6101-t64,thermal_conductivity,point,226.0,,,W/(m*K),typical,"{""product_form"": ""extrusion"", ""temperature_K"": 298.15, ""thickness_m"": {""maximum"": 0.0254, ""minimum"": 0.003175}}",Hydro extrusion property limits,hydro-6101,Hydro,Alloy 6101 datasheet,Snapshot 384ef3a688d9,"Page 2, 6101-T64, thickness 0.125 to 1.000 in, row Typical thermal conductivity at 25 °C",226,W/(m·K),3
obs-63b19be9be9676530c8d,al-6262,,density,point,2712.630661599906,,,kg/m^3,reference,{},Hydro alloy reference,hydro-6262,Hydro,Alloy 6262 datasheet,Snapshot 5f34fe9c786e,"Page 1, Alloy 6262, row Density above chemical composition",0.098,lb/in³,2
obs-21f539c5f002cd2ff4a4,al-6262,al-6262-t6,ultimate_tensile_strength,lower_bound,260000000.0,,,Pa,minimum,"{""product_form"": ""extrusion""}",Hydro extrusion property limits,hydro-6262,Hydro,Alloy 6262 datasheet,Snapshot 5f34fe9c786e,"Page 2, 6262-T6, thickness all thicknesses, row Ultimate tensile strength",260,MPa,3
obs-374dba2015a53baac6e7,al-6262,al-6262-t6,tensile_yield_strength,lower_bound,240000000.0,,,Pa,minimum,"{""product_form"": ""extrusion""}",Hydro extrusion property limits,hydro-6262,Hydro,Alloy 6262 datasheet,Snapshot 5f34fe9c786e,"Page 2, 6262-T6, thickness all thicknesses, row Yield strength, 0.2% offset",240,MPa,3
obs-66d2f68f0ee50bd8d363,al-6262,al-6262-t6,elongation_at_break,lower_bound,0.1,,,1,minimum,"{""product_form"": ""extrusion"", ""thickness_m"": {""maximum"": null, ""minimum"": 0.0015748}}",Hydro extrusion property limits,hydro-6262,Hydro,Alloy 6262 datasheet,Snapshot 5f34fe9c786e,"Page 2, 6262-T6, thickness all thicknesses, row Elongation",10,%,2
obs-312f1040dd93208d20d2,al-6262,al-6262-t6,thermal_conductivity,point,167.0,,,W/(m*K),typical,"{""product_form"": ""extrusion"", ""temperature_K"": 298.15}",Hydro extrusion property limits,hydro-6262,Hydro,Alloy 6262 datasheet,Snapshot 5f34fe9c786e,"Page 2, 6262-T6, thickness all thicknesses, row Typical thermal conductivity at 25 °C",167,W/(m·K),3
obs-6a5d8af50109347176b7,cu-c10100,,density,point,8940.609221395609,,,kg/m^3,reference,"{""temperature_K"": 293.15}",Supplier physical-property reference; test method not stated,copper-alloys-guide,thyssenkrupp Materials NA — Copper and Brass Sales,Copper and Alloys guide,Snapshot e0fcfa64e560,"Page 76, C10100, Physical Properties (printed page 74), row Density at 68 °F",.323,lb/in³,3
obs-5dfb830207f424d415f6,cu-c10100,,thermal_conductivity,point,391.1460345827441,,,W/(m*K),reference,"{""temperature_K"": 293.15}",Supplier physical-property reference; test method not stated,copper-alloys-guide,thyssenkrupp Materials NA — Copper and Brass Sales,Copper and Alloys guide,Snapshot e0fcfa64e560,"Page 76, C10100, Physical Properties (printed page 74), row Thermal conductivity at 68 °F",226,Btu/(ft·hr·°F),3
obs-e5aa94ebbed46e459e56,cu-c10100,,specific_heat,point,385.1856,,,J/(kg*K),reference,"{""temperature_K"": 293.15}",Supplier physical-property reference; test method not stated,copper-alloys-guide,thyssenkrupp Materials NA — Copper and Brass Sales,Copper and Alloys guide,Snapshot e0fcfa64e560,"Page 76, C10100, Physical Properties (printed page 74), row Specific heat at 68 °F",.092,Btu/(lb·°F),2
obs-2951b7ccc9d2e0bf6d58,cu-c10200,,density,point,8940.609221395609,,,kg/m^3,reference,"{""temperature_K"": 293.15}",Supplier physical-property reference; test method not stated,copper-alloys-guide,thyssenkrupp Materials NA — Copper and Brass Sales,Copper and Alloys guide,Snapshot e0fcfa64e560,"Page 76, C10200, Physical Properties (printed page 74), row Density at 68 °F",.323,lb/in³,3
obs-c83d67dd792b903f13a5,cu-c10200,,thermal_conductivity,point,391.1460345827441,,,W/(m*K),reference,"{""temperature_K"": 293.15}",Supplier physical-property reference; test method not stated,copper-alloys-guide,thyssenkrupp Materials NA — Copper and Brass Sales,Copper and Alloys guide,Snapshot e0fcfa64e560,"Page 76, C10200, Physical Properties (printed page 74), row Thermal conductivity at 68 °F",226,Btu/(ft·hr·°F),3
obs-38b3361f1ce4b48e4db1,cu-c10200,,specific_heat,point,385.1856,,,J/(kg*K),reference,"{""temperature_K"": 293.15}",Supplier physical-property reference; test method not stated,copper-alloys-guide,thyssenkrupp Materials NA — Copper and Brass Sales,Copper and Alloys guide,Snapshot e0fcfa64e560,"Page 76, C10200, Physical Properties (printed page 74), row Specific heat at 68 °F",.092,Btu/(lb·°F),2
obs-47340061efac0ce810ee,cu-c11000,,density,interval,,8885.249411975203,8940.609221395609,kg/m^3,reference,"{""temperature_K"": 293.15}",Supplier physical-property reference; test method not stated,copper-alloys-guide,thyssenkrupp Materials NA — Copper and Brass Sales,Copper and Alloys guide,Snapshot e0fcfa64e560,"Page 76, C11000, Physical Properties (printed page 74), row Density at 68 °F",.321–.323,lb/in³,3
obs-c37ed6aa5a127b2230e6,cu-c11000,,thermal_conductivity,point,391.1460345827441,,,W/(m*K),reference,"{""temperature_K"": 293.15}",Supplier physical-property reference; test method not stated,copper-alloys-guide,thyssenkrupp Materials NA — Copper and Brass Sales,Copper and Alloys guide,Snapshot e0fcfa64e560,"Page 76, C11000, Physical Properties (printed page 74), row Thermal conductivity at 68 °F",226,Btu/(ft·hr·°F),3
obs-5fb6ed6953ebcd2fd009,cu-c11000,,specific_heat,point,385.1856,,,J/(kg*K),reference,"{""temperature_K"": 293.15}",Supplier physical-property reference; test method not stated,copper-alloys-guide,thyssenkrupp Materials NA — Copper and Brass Sales,Copper and Alloys guide,Snapshot e0fcfa64e560,"Page 76, C11000, Physical Properties (printed page 74), row Specific heat at 68 °F",.092,Btu/(lb·°F),2
obs-55f47548f4bfae36e2d6,cu-c12200,,density,point,8940.609221395609,,,kg/m^3,reference,"{""temperature_K"": 293.15}",Supplier physical-property reference; test method not stated,copper-alloys-guide,thyssenkrupp Materials NA — Copper and Brass Sales,Copper and Alloys guide,Snapshot e0fcfa64e560,"Page 76, C12200, Physical Properties (printed page 74), row Density at 68 °F",.323,lb/in³,3
obs-1425329b3f51f3c690e0,cu-c12200,,thermal_conductivity,point,339.2239945938843,,,W/(m*K),reference,"{""temperature_K"": 293.15}",Supplier physical-property reference; test method not stated,copper-alloys-guide,thyssenkrupp Materials NA — Copper and Brass Sales,Copper and Alloys guide,Snapshot e0fcfa64e560,"Page 76, C12200, Physical Properties (printed page 74), row Thermal conductivity at 68 °F",196,Btu/(ft·hr·°F),3
obs-d4913d5a5d83dcdc4271,cu-c12200,,specific_heat,point,385.1856,,,J/(kg*K),reference,"{""temperature_K"": 293.15}",Supplier physical-property reference; test method not stated,copper-alloys-guide,thyssenkrupp Materials NA — Copper and Brass Sales,Copper and Alloys guide,Snapshot e0fcfa64e560,"Page 76, C12200, Physical Properties (printed page 74), row Specific heat at 68 °F",.092,Btu/(lb·°F),2
obs-fe123c0964a265442590,cu-c14300,,density,point,8940.609221395609,,,kg/m^3,reference,"{""temperature_K"": 293.15}",Supplier physical-property reference; test method not stated,copper-alloys-guide,thyssenkrupp Materials NA — Copper and Brass Sales,Copper and Alloys guide,Snapshot e0fcfa64e560,"Page 76, C14300, Physical Properties (printed page 74), row Density at 68 °F",.323,lb/in³,3
obs-56ea77c087df6120e99e,cu-c14300,,thermal_conductivity,point,377.3001572523815,,,W/(m*K),reference,"{""temperature_K"": 293.15}",Supplier physical-property reference; test method not stated,copper-alloys-guide,thyssenkrupp Materials NA — Copper and Brass Sales,Copper and Alloys guide,Snapshot e0fcfa64e560,"Page 76, C14300, Physical Properties (printed page 74), row Thermal conductivity at 68 °F",218,Btu/(ft·hr·°F),3
obs-8aff23fe1a9b36374065,cu-c14300,,specific_heat,point,385.1856,,,J/(kg*K),reference,"{""temperature_K"": 293.15}",Supplier physical-property reference; test method not stated,copper-alloys-guide,thyssenkrupp Materials NA — Copper and Brass Sales,Copper and Alloys guide,Snapshot e0fcfa64e560,"Page 76, C14300, Physical Properties (printed page 74), row Specific heat at 68 °F",.092,Btu/(lb·°F),2
obs-369084487db7e59b5163,cu-c14500,,density,point,8940.609221395609,,,kg/m^3,reference,"{""temperature_K"": 293.15}",Supplier physical-property reference; test method not stated,copper-alloys-guide,thyssenkrupp Materials NA — Copper and Brass Sales,Copper and Alloys guide,Snapshot e0fcfa64e560,"Page 76, C14500, Physical Properties (printed page 74), row Density at 68 °F",.323,lb/in³,3
obs-0b406bf9ad63aec480bf,cu-c14500,,thermal_conductivity,point,354.80060659054226,,,W/(m*K),reference,"{""temperature_K"": 293.15}",Supplier physical-property reference; test method not stated,copper-alloys-guide,thyssenkrupp Materials NA — Copper and Brass Sales,Copper and Alloys guide,Snapshot e0fcfa64e560,"Page 76, C14500, Physical Properties (printed page 74), row Thermal conductivity at 68 °F",205,Btu/(ft·hr·°F),3
obs-b97a512e27d76069ca60,cu-c14500,,specific_heat,point,385.1856,,,J/(kg*K),reference,"{""temperature_K"": 293.15}",Supplier physical-property reference; test method not stated,copper-alloys-guide,thyssenkrupp Materials NA — Copper and Brass Sales,Copper and Alloys guide,Snapshot e0fcfa64e560,"Page 76, C14500, Physical Properties (printed page 74), row Specific heat at 68 °F",.092,Btu/(lb·°F),2
obs-4ca464d42b9d2355a3e1,cu-c17200,,density,point,8248.61160364053,,,kg/m^3,reference,"{""temperature_K"": 293.15}",Supplier physical-property reference; test method not stated,copper-alloys-guide,thyssenkrupp Materials NA — Copper and Brass Sales,Copper and Alloys guide,Snapshot e0fcfa64e560,"Page 76, C17200, Physical Properties (printed page 74), row Density at 68 °F",.298,lb/in³,3
obs-067e92521dc344912781,cu-c17200,,thermal_conductivity,interval,,107.30554931031034,129.8050999721496,W/(m*K),reference,"{""temperature_K"": 293.15}",Supplier physical-property reference; test method not stated,copper-alloys-guide,thyssenkrupp Materials NA — Copper and Brass Sales,Copper and Alloys guide,Snapshot e0fcfa64e560,"Page 76, C17200, Physical Properties (printed page 74), row Thermal conductivity at 68 °F",62–75,Btu/(ft·hr·°F),2
obs-9928b1bbc74bdf9c3c32,cu-c17200,,specific_heat,point,418.68000000000006,,,J/(kg*K),reference,"{""temperature_K"": 293.15}",Supplier physical-property reference; test method not stated,copper-alloys-guide,thyssenkrupp Materials NA — Copper and Brass Sales,Copper and Alloys guide,Snapshot e0fcfa64e560,"Page 76, C17200, Physical Properties (printed page 74), row Specific heat at 68 °F",.10,Btu/(lb·°F),2
obs-ef8b72cd0c7ec662407e,cu-c17300,,density,point,8248.61160364053,,,kg/m^3,reference,"{""temperature_K"": 293.15}",Supplier physical-property reference; test method not stated,copper-alloys-guide,thyssenkrupp Materials NA — Copper and Brass Sales,Copper and Alloys guide,Snapshot e0fcfa64e560,"Page 76, C17300, Physical Properties (printed page 74), row Density at 68 °F",.298,lb/in³,3
obs-e7c2b34493f774b6219b,cu-c17300,,thermal_conductivity,interval,,107.30554931031034,129.8050999721496,W/(m*K),reference,"{""temperature_K"": 293.15}",Supplier physical-property reference; test method not stated,copper-alloys-guide,thyssenkrupp Materials NA — Copper and Brass Sales,Copper and Alloys guide,Snapshot e0fcfa64e560,"Page 76, C17300, Physical Properties (printed page 74), row Thermal conductivity at 68 °F",62–75,Btu/(ft·hr·°F),2
obs-a14660e0a292e75f81cd,cu-c17300,,specific_heat,point,418.68000000000006,,,J/(kg*K),reference,"{""temperature_K"": 293.15}",Supplier physical-property reference; test method not stated,copper-alloys-guide,thyssenkrupp Materials NA — Copper and Brass Sales,Copper and Alloys guide,Snapshot e0fcfa64e560,"Page 76, C17300, Physical Properties (printed page 74), row Specific heat at 68 °F",.10,Btu/(lb·°F),2
obs-939d110ed42859b0b5ae,cu-c17510,,density,point,8829.889602554797,,,kg/m^3,reference,"{""temperature_K"": 293.15}",Supplier physical-property reference; test method not stated,copper-alloys-guide,thyssenkrupp Materials NA — Copper and Brass Sales,Copper and Alloys guide,Snapshot e0fcfa64e560,"Page 76, C17510, Physical Properties (printed page 74), row Density at 68 °F",.319,lb/in³,3
obs-d6442d9012ca5094b61b,cu-c17510,,thermal_conductivity,point,249.22579194652724,,,W/(m*K),reference,"{""temperature_K"": 293.15}",Supplier physical-property reference; test method not stated,copper-alloys-guide,thyssenkrupp Materials NA — Copper and Brass Sales,Copper and Alloys guide,Snapshot e0fcfa64e560,"Page 76, C17510, Physical Properties (printed page 74), row Thermal conductivity at 68 °F",144,Btu/(ft·hr·°F),3
obs-0dc97515d5264aa91ca3,cu-c18000,,density,point,8719.169983713984,,,kg/m^3,reference,"{""temperature_K"": 293.15}",Supplier physical-property reference; test method not stated,copper-alloys-guide,thyssenkrupp Materials NA — Copper and Brass Sales,Copper and Alloys guide,Snapshot e0fcfa64e560,"Page 76, C18000, Physical Properties (printed page 74), row Density at 68 °F",.315,lb/in³,3
obs-a22bc273f0c0721605eb,cu-c18000,,thermal_conductivity,point,216.341833286916,,,W/(m*K),reference,"{""temperature_K"": 293.15}",Supplier physical-property reference; test method not stated,copper-alloys-guide,thyssenkrupp Materials NA — Copper and Brass Sales,Copper and Alloys guide,Snapshot e0fcfa64e560,"Page 76, C18000, Physical Properties (printed page 74), row Thermal conductivity at 68 °F",125,Btu/(ft·hr·°F),3
obs-e88db762980ec0826e1d,cu-c18200,,density,point,8885.249411975203,,,kg/m^3,reference,"{""temperature_K"": 293.15}",Supplier physical-property reference; test method not stated,copper-alloys-guide,thyssenkrupp Materials NA — Copper and Brass Sales,Copper and Alloys guide,Snapshot e0fcfa64e560,"Page 76, C18200, Physical Properties (printed page 74), row Density at 68 °F",.321,lb/in³,3
obs-b9f40cc142e5aca8ae76,cu-c18200,,specific_heat,point,385.1856,,,J/(kg*K),reference,"{""temperature_K"": 293.15}",Supplier physical-property reference; test method not stated,copper-alloys-guide,thyssenkrupp Materials NA — Copper and Brass Sales,Copper and Alloys guide,Snapshot e0fcfa64e560,"Page 76, C18200, Physical Properties (printed page 74), row Specific heat at 68 °F",.092,Btu/(lb·°F),2
obs-bd79a80dbecaffdcf7f4,cu-c18700,,density,point,8940.609221395609,,,kg/m^3,reference,"{""temperature_K"": 293.15}",Supplier physical-property reference; test method not stated,copper-alloys-guide,thyssenkrupp Materials NA — Copper and Brass Sales,Copper and Alloys guide,Snapshot e0fcfa64e560,"Page 76, C18700, Physical Properties (printed page 74), row Density at 68 °F",.323,lb/in³,3
obs-da5e7e89b8155c5560f7,cu-c18700,,thermal_conductivity,point,377.3001572523815,,,W/(m*K),reference,"{""temperature_K"": 293.15}",Supplier physical-property reference; test method not stated,copper-alloys-guide,thyssenkrupp Materials NA — Copper and Brass Sales,Copper and Alloys guide,Snapshot e0fcfa64e560,"Page 76, C18700, Physical Properties (printed page 74), row Thermal conductivity at 68 °F",218,Btu/(ft·hr·°F),3
obs-24c40db53f5927bbabac,cu-c18700,,specific_heat,point,385.1856,,,J/(kg*K),reference,"{""temperature_K"": 293.15}",Supplier physical-property reference; test method not stated,copper-alloys-guide,thyssenkrupp Materials NA — Copper and Brass Sales,Copper and Alloys guide,Snapshot e0fcfa64e560,"Page 76, C18700, Physical Properties (printed page 74), row Specific heat at 68 °F",.092,Btu/(lb·°F),2
obs-ce22b7fad5d1bb84e895,cu-c21000,,density,point,8857.569507265,,,kg/m^3,reference,"{""temperature_K"": 293.15}",Supplier physical-property reference; test method not stated,copper-alloys-guide,thyssenkrupp Materials NA — Copper and Brass Sales,Copper and Alloys guide,Snapshot e0fcfa64e560,"Page 76, C21000, Physical Properties (printed page 74), row Density at 68 °F",.320,lb/in³,3
obs-346d0a426556a0f63840,cu-c21000,,thermal_conductivity,point,233.64917994986928,,,W/(m*K),reference,"{""temperature_K"": 293.15}",Supplier physical-property reference; test method not stated,copper-alloys-guide,thyssenkrupp Materials NA — Copper and Brass Sales,Copper and Alloys guide,Snapshot e0fcfa64e560,"Page 76, C21000, Physical Properties (printed page 74), row Thermal conductivity at 68 °F",135,Btu/(ft·hr·°F),3
obs-ccb558713cd7f53633c9,cu-c21000,,specific_heat,point,376.812,,,J/(kg*K),reference,"{""temperature_K"": 293.15}",Supplier physical-property reference; test method not stated,copper-alloys-guide,thyssenkrupp Materials NA — Copper and Brass Sales,Copper and Alloys guide,Snapshot e0fcfa64e560,"Page 76, C21000, Physical Properties (printed page 74), row Specific heat at 68 °F",.09,Btu/(lb·°F),1
obs-b032c343557a17d512da,cu-c22000,,density,point,8802.209697844593,,,kg/m^3,reference,"{""temperature_K"": 293.15}",Supplier physical-property reference; test method not stated,copper-alloys-guide,thyssenkrupp Materials NA — Copper and Brass Sales,Copper and Alloys guide,Snapshot e0fcfa64e560,"Page 76, C22000, Physical Properties (printed page 74), row Density at 68 °F",.318,lb/in³,3
obs-f489de69d130f8d238ea,cu-c22000,,thermal_conductivity,point,188.65007862619075,,,W/(m*K),reference,"{""temperature_K"": 293.15}",Supplier physical-property reference; test method not stated,copper-alloys-guide,thyssenkrupp Materials NA — Copper and Brass Sales,Copper and Alloys guide,Snapshot e0fcfa64e560,"Page 76, C22000, Physical Properties (printed page 74), row Thermal conductivity at 68 °F",109,Btu/(ft·hr·°F),3
obs-5dcd9d1e8be9f53985b3,cu-c22000,,specific_heat,point,376.812,,,J/(kg*K),reference,"{""temperature_K"": 293.15}",Supplier physical-property reference; test method not stated,copper-alloys-guide,thyssenkrupp Materials NA — Copper and Brass Sales,Copper and Alloys guide,Snapshot e0fcfa64e560,"Page 76, C22000, Physical Properties (printed page 74), row Specific heat at 68 °F",.09,Btu/(lb·°F),1
obs-787277d71983cbf4d205,cu-c23000,,density,point,8746.849888424187,,,kg/m^3,reference,"{""temperature_K"": 293.15}",Supplier physical-property reference; test method not stated,copper-alloys-guide,thyssenkrupp Materials NA — Copper and Brass Sales,Copper and Alloys guide,Snapshot e0fcfa64e560,"Page 76, C23000, Physical Properties (printed page 74), row Density at 68 °F",.316,lb/in³,3
obs-b00d5054ccba2effd82d,cu-c23000,,thermal_conductivity,point,159.22758929917018,,,W/(m*K),reference,"{""temperature_K"": 293.15}",Supplier physical-property reference; test method not stated,copper-alloys-guide,thyssenkrupp Materials NA — Copper and Brass Sales,Copper and Alloys guide,Snapshot e0fcfa64e560,"Page 76, C23000, Physical Properties (printed page 74), row Thermal conductivity at 68 °F",92,Btu/(ft·hr·°F),2
obs-f9a8057458dc3673493b,cu-c23000,,specific_heat,point,376.812,,,J/(kg*K),reference,"{""temperature_K"": 293.15}",Supplier physical-property reference; test method not stated,copper-alloys-guide,thyssenkrupp Materials NA — Copper and Brass Sales,Copper and Alloys guide,Snapshot e0fcfa64e560,"Page 76, C23000, Physical Properties (printed page 74), row Specific heat at 68 °F",.09,Btu/(lb·°F),1
obs-f308c46025d87c10b5de,cu-c26000,,density,point,8525.410650742562,,,kg/m^3,reference,"{""temperature_K"": 293.15}",Supplier physical-property reference; test method not stated,copper-alloys-guide,thyssenkrupp Materials NA — Copper and Brass Sales,Copper and Alloys guide,Snapshot e0fcfa64e560,"Page 76, C26000, Physical Properties (printed page 74), row Density at 68 °F",.308,lb/in³,3
obs-b2e53c08eb71c6b63643,cu-c26000,,thermal_conductivity,point,121.15142664067297,,,W/(m*K),reference,"{""temperature_K"": 293.15}",Supplier physical-property reference; test method not stated,copper-alloys-guide,thyssenkrupp Materials NA — Copper and Brass Sales,Copper and Alloys guide,Snapshot e0fcfa64e560,"Page 76, C26000, Physical Properties (printed page 74), row Thermal conductivity at 68 °F",70,Btu/(ft·hr·°F),2
obs-9068f7df024292b00402,cu-c26000,,specific_heat,point,376.812,,,J/(kg*K),reference,"{""temperature_K"": 293.15}",Supplier physical-property reference; test method not stated,copper-alloys-guide,thyssenkrupp Materials NA — Copper and Brass Sales,Copper and Alloys guide,Snapshot e0fcfa64e560,"Page 76, C26000, Physical Properties (printed page 74), row Specific heat at 68 °F",.09,Btu/(lb·°F),1
obs-ca83e224ab881e2a358e,cu-c28000,,density,point,8387.011127191545,,,kg/m^3,reference,"{""temperature_K"": 293.15}",Supplier physical-property reference; test method not stated,copper-alloys-guide,thyssenkrupp Materials NA — Copper and Brass Sales,Copper and Alloys guide,Snapshot e0fcfa64e560,"Page 76, C28000, Physical Properties (printed page 74), row Density at 68 °F",.303,lb/in³,3
obs-9645c52480def852c12e,cu-c28000,,thermal_conductivity,point,122.88216130696829,,,W/(m*K),reference,"{""temperature_K"": 293.15}",Supplier physical-property reference; test method not stated,copper-alloys-guide,thyssenkrupp Materials NA — Copper and Brass Sales,Copper and Alloys guide,Snapshot e0fcfa64e560,"Page 76, C28000, Physical Properties (printed page 74), row Thermal conductivity at 68 °F",71,Btu/(ft·hr·°F),2
obs-7925c826ae45dca2910c,cu-c28000,,specific_heat,point,376.812,,,J/(kg*K),reference,"{""temperature_K"": 293.15}",Supplier physical-property reference; test method not stated,copper-alloys-guide,thyssenkrupp Materials NA — Copper and Brass Sales,Copper and Alloys guide,Snapshot e0fcfa64e560,"Page 76, C28000, Physical Properties (printed page 74), row Specific heat at 68 °F",.09,Btu/(lb·°F),1
obs-45a2da584083b2fef24b,cu-c33000,,density,point,8497.73074603236,,,kg/m^3,reference,"{""temperature_K"": 293.15}",Supplier physical-property reference; test method not stated,copper-alloys-guide,thyssenkrupp Materials NA — Copper and Brass Sales,Copper and Alloys guide,Snapshot e0fcfa64e560,"Page 76, C33000, Physical Properties (printed page 74), row Density at 68 °F",.307,lb/in³,3
obs-ec233a3f72efa76aa10b,cu-c33000,,thermal_conductivity,point,115.95922264178698,,,W/(m*K),reference,"{""temperature_K"": 293.15}",Supplier physical-property reference; test method not stated,copper-alloys-guide,thyssenkrupp Materials NA — Copper and Brass Sales,Copper and Alloys guide,Snapshot e0fcfa64e560,"Page 76, C33000, Physical Properties (printed page 74), row Thermal conductivity at 68 °F",67,Btu/(ft·hr·°F),2
obs-9108c78ac40a6092abb2,cu-c33000,,specific_heat,point,376.812,,,J/(kg*K),reference,"{""temperature_K"": 293.15}",Supplier physical-property reference; test method not stated,copper-alloys-guide,thyssenkrupp Materials NA — Copper and Brass Sales,Copper and Alloys guide,Snapshot e0fcfa64e560,"Page 76, C33000, Physical Properties (printed page 74), row Specific heat at 68 °F",.09,Btu/(lb·°F),1
obs-bdbfb6115ce844a46f74,cu-c35300,,density,point,8470.050841322156,,,kg/m^3,reference,"{""temperature_K"": 293.15}",Supplier physical-property reference; test method not stated,copper-alloys-guide,thyssenkrupp Materials NA — Copper and Brass Sales,Copper and Alloys guide,Snapshot e0fcfa64e560,"Page 76, C35300, Physical Properties (printed page 74), row Density at 68 °F",.306,lb/in³,3
obs-b8235e98ac06bc5d072d,cu-c35300,,thermal_conductivity,point,115.95922264178698,,,W/(m*K),reference,"{""temperature_K"": 293.15}",Supplier physical-property reference; test method not stated,copper-alloys-guide,thyssenkrupp Materials NA — Copper and Brass Sales,Copper and Alloys guide,Snapshot e0fcfa64e560,"Page 76, C35300, Physical Properties (printed page 74), row Thermal conductivity at 68 °F",67,Btu/(ft·hr·°F),2
obs-aefb20cb0ab36851f030,cu-c35300,,specific_heat,point,376.812,,,J/(kg*K),reference,"{""temperature_K"": 293.15}",Supplier physical-property reference; test method not stated,copper-alloys-guide,thyssenkrupp Materials NA — Copper and Brass Sales,Copper and Alloys guide,Snapshot e0fcfa64e560,"Page 76, C35300, Physical Properties (printed page 74), row Specific heat at 68 °F",.09,Btu/(lb·°F),1
obs-ff52c8ff246b088db538,cu-c36000,,density,point,8497.73074603236,,,kg/m^3,reference,"{""temperature_K"": 293.15}",Supplier physical-property reference; test method not stated,copper-alloys-guide,thyssenkrupp Materials NA — Copper and Brass Sales,Copper and Alloys guide,Snapshot e0fcfa64e560,"Page 76, C36000, Physical Properties (printed page 74), row Density at 68 °F",.307,lb/in³,3
obs-fe4e582bdc31a24f4955,cu-c36000,,thermal_conductivity,point,115.95922264178698,,,W/(m*K),reference,"{""temperature_K"": 293.15}",Supplier physical-property reference; test method not stated,copper-alloys-guide,thyssenkrupp Materials NA — Copper and Brass Sales,Copper and Alloys guide,Snapshot e0fcfa64e560,"Page 76, C36000, Physical Properties (printed page 74), row Thermal conductivity at 68 °F",67,Btu/(ft·hr·°F),2
obs-c08d3f589a4134c2f45d,cu-c36000,,specific_heat,point,376.812,,,J/(kg*K),reference,"{""temperature_K"": 293.15}",Supplier physical-property reference; test method not stated,copper-alloys-guide,thyssenkrupp Materials NA — Copper and Brass Sales,Copper and Alloys guide,Snapshot e0fcfa64e560,"Page 76, C36000, Physical Properties (printed page 74), row Specific heat at 68 °F",.09,Btu/(lb·°F),1
obs-4410642dacf0da480d3d,cu-c36500,,density,point,8414.691031901748,,,kg/m^3,reference,"{""temperature_K"": 293.15}",Supplier physical-property reference; test method not stated,copper-alloys-guide,thyssenkrupp Materials NA — Copper and Brass Sales,Copper and Alloys guide,Snapshot e0fcfa64e560,"Page 76, C36500, Physical Properties (printed page 74), row Density at 68 °F",.304,lb/in³,3
obs-a5e7432f0953d2466e76,cu-c36500,,thermal_conductivity,point,122.88216130696829,,,W/(m*K),reference,"{""temperature_K"": 293.15}",Supplier physical-property reference; test method not stated,copper-alloys-guide,thyssenkrupp Materials NA — Copper and Brass Sales,Copper and Alloys guide,Snapshot e0fcfa64e560,"Page 76, C36500, Physical Properties (printed page 74), row Thermal conductivity at 68 °F",71,Btu/(ft·hr·°F),2
obs-c30f56729d81b13f6d9b,cu-c36500,,specific_heat,point,376.812,,,J/(kg*K),reference,"{""temperature_K"": 293.15}",Supplier physical-property reference; test method not stated,copper-alloys-guide,thyssenkrupp Materials NA — Copper and Brass Sales,Copper and Alloys guide,Snapshot e0fcfa64e560,"Page 76, C36500, Physical Properties (printed page 74), row Specific heat at 68 °F",.09,Btu/(lb·°F),1
obs-ee9b788320c482229205,cu-c38500,,density,point,8470.050841322156,,,kg/m^3,reference,"{""temperature_K"": 293.15}",Supplier physical-property reference; test method not stated,copper-alloys-guide,thyssenkrupp Materials NA — Copper and Brass Sales,Copper and Alloys guide,Snapshot e0fcfa64e560,"Page 76, C38500, Physical Properties (printed page 74), row Density at 68 °F",.306,lb/in³,3
obs-430d882be4defece4642,cu-c38500,,thermal_conductivity,point,122.88216130696829,,,W/(m*K),reference,"{""temperature_K"": 293.15}",Supplier physical-property reference; test method not stated,copper-alloys-guide,thyssenkrupp Materials NA — Copper and Brass Sales,Copper and Alloys guide,Snapshot e0fcfa64e560,"Page 76, C38500, Physical Properties (printed page 74), row Thermal conductivity at 68 °F",71,Btu/(ft·hr·°F),2
obs-a7f5d680103d08a8c08e,cu-c46400,,density,point,8414.691031901748,,,kg/m^3,reference,"{""temperature_K"": 293.15}",Supplier physical-property reference; test method not stated,copper-alloys-guide,thyssenkrupp Materials NA — Copper and Brass Sales,Copper and Alloys guide,Snapshot e0fcfa64e560,"Page 76, C46400, Physical Properties (printed page 74), row Density at 68 °F",.304,lb/in³,3
obs-43808318ae1ea16981d4,cu-c46400,,thermal_conductivity,point,115.95922264178698,,,W/(m*K),reference,"{""temperature_K"": 293.15}",Supplier physical-property reference; test method not stated,copper-alloys-guide,thyssenkrupp Materials NA — Copper and Brass Sales,Copper and Alloys guide,Snapshot e0fcfa64e560,"Page 76, C46400, Physical Properties (printed page 74), row Thermal conductivity at 68 °F",67,Btu/(ft·hr·°F),2
obs-72b86e5154eb3de4a96d,cu-c46400,,specific_heat,point,376.812,,,J/(kg*K),reference,"{""temperature_K"": 293.15}",Supplier physical-property reference; test method not stated,copper-alloys-guide,thyssenkrupp Materials NA — Copper and Brass Sales,Copper and Alloys guide,Snapshot e0fcfa64e560,"Page 76, C46400, Physical Properties (printed page 74), row Specific heat at 68 °F",.09,Btu/(lb·°F),1
obs-e00a734955fab179316e,cu-c48500,,density,point,8442.370936611953,,,kg/m^3,reference,"{""temperature_K"": 293.15}",Supplier physical-property reference; test method not stated,copper-alloys-guide,thyssenkrupp Materials NA — Copper and Brass Sales,Copper and Alloys guide,Snapshot e0fcfa64e560,"Page 76, C48500, Physical Properties (printed page 74), row Density at 68 °F",.305,lb/in³,3
obs-917eaae5389e8ccd357e,cu-c48500,,thermal_conductivity,point,115.95922264178698,,,W/(m*K),reference,"{""temperature_K"": 293.15}",Supplier physical-property reference; test method not stated,copper-alloys-guide,thyssenkrupp Materials NA — Copper and Brass Sales,Copper and Alloys guide,Snapshot e0fcfa64e560,"Page 76, C48500, Physical Properties (printed page 74), row Thermal conductivity at 68 °F",67,Btu/(ft·hr·°F),2
obs-80c592c3550ae3d36904,cu-c48500,,specific_heat,point,376.812,,,J/(kg*K),reference,"{""temperature_K"": 293.15}",Supplier physical-property reference; test method not stated,copper-alloys-guide,thyssenkrupp Materials NA — Copper and Brass Sales,Copper and Alloys guide,Snapshot e0fcfa64e560,"Page 76, C48500, Physical Properties (printed page 74), row Specific heat at 68 °F",.09,Btu/(lb·°F),1
obs-ebdbb58ec08152780880,cu-c51000,,density,point,8857.569507265,,,kg/m^3,reference,"{""temperature_K"": 293.15}",Supplier physical-property reference; test method not stated,copper-alloys-guide,thyssenkrupp Materials NA — Copper and Brass Sales,Copper and Alloys guide,Snapshot e0fcfa64e560,"Page 76, C51000, Physical Properties (printed page 74), row Density at 68 °F",.320,lb/in³,3
obs-193bb73fc37bd70d7bbd,cu-c51000,,thermal_conductivity,point,69.22938665181312,,,W/(m*K),reference,"{""temperature_K"": 293.15}",Supplier physical-property reference; test method not stated,copper-alloys-guide,thyssenkrupp Materials NA — Copper and Brass Sales,Copper and Alloys guide,Snapshot e0fcfa64e560,"Page 76, C51000, Physical Properties (printed page 74), row Thermal conductivity at 68 °F",40,Btu/(ft·hr·°F),2
obs-2122d540e861fbebeba6,cu-c51000,,specific_heat,point,376.812,,,J/(kg*K),reference,"{""temperature_K"": 293.15}",Supplier physical-property reference; test method not stated,copper-alloys-guide,thyssenkrupp Materials NA — Copper and Brass Sales,Copper and Alloys guide,Snapshot e0fcfa64e560,"Page 76, C51000, Physical Properties (printed page 74), row Specific heat at 68 °F",.09,Btu/(lb·°F),1
obs-42e448ddcf695e7dff5e,cu-c54400,,density,point,8885.249411975203,,,kg/m^3,reference,"{""temperature_K"": 293.15}",Supplier physical-property reference; test method not stated,copper-alloys-guide,thyssenkrupp Materials NA — Copper and Brass Sales,Copper and Alloys guide,Snapshot e0fcfa64e560,"Page 76, C54400, Physical Properties (printed page 74), row Density at 68 °F",.321,lb/in³,3
obs-37306099c272e827063e,cu-c54400,,thermal_conductivity,point,86.5367333147664,,,W/(m*K),reference,"{""temperature_K"": 293.15}",Supplier physical-property reference; test method not stated,copper-alloys-guide,thyssenkrupp Materials NA — Copper and Brass Sales,Copper and Alloys guide,Snapshot e0fcfa64e560,"Page 76, C54400, Physical Properties (printed page 74), row Thermal conductivity at 68 °F",50,Btu/(ft·hr·°F),2
obs-1cb824d0b21e9409e28a,cu-c54400,,specific_heat,point,376.812,,,J/(kg*K),reference,"{""temperature_K"": 293.15}",Supplier physical-property reference; test method not stated,copper-alloys-guide,thyssenkrupp Materials NA — Copper and Brass Sales,Copper and Alloys guide,Snapshot e0fcfa64e560,"Page 76, C54400, Physical Properties (printed page 74), row Specific heat at 68 °F",.09,Btu/(lb·°F),1
obs-545ac789505298ec97e7,cu-c64200,,density,point,7695.013509436469,,,kg/m^3,reference,"{""temperature_K"": 293.15}",Supplier physical-property reference; test method not stated,copper-alloys-guide,thyssenkrupp Materials NA — Copper and Brass Sales,Copper and Alloys guide,Snapshot e0fcfa64e560,"Page 76, C64200, Physical Properties (printed page 74), row Density at 68 °F",.278,lb/in³,3
obs-6a3599a07eb4b86d9d7f,cu-c64200,,thermal_conductivity,point,44.99910132367853,,,W/(m*K),reference,"{""temperature_K"": 293.15}",Supplier physical-property reference; test method not stated,copper-alloys-guide,thyssenkrupp Materials NA — Copper and Brass Sales,Copper and Alloys guide,Snapshot e0fcfa64e560,"Page 76, C64200, Physical Properties (printed page 74), row Thermal conductivity at 68 °F",26,Btu/(ft·hr·°F),2
obs-77aa6febd402dd98bf5f,cu-c64200,,specific_heat,point,376.812,,,J/(kg*K),reference,"{""temperature_K"": 293.15}",Supplier physical-property reference; test method not stated,copper-alloys-guide,thyssenkrupp Materials NA — Copper and Brass Sales,Copper and Alloys guide,Snapshot e0fcfa64e560,"Page 76, C64200, Physical Properties (printed page 74), row Specific heat at 68 °F",.09,Btu/(lb·°F),1
obs-29d200c44562682ce185,cu-c65500,,density,point,8525.410650742562,,,kg/m^3,reference,"{""temperature_K"": 293.15}",Supplier physical-property reference; test method not stated,copper-alloys-guide,thyssenkrupp Materials NA — Copper and Brass Sales,Copper and Alloys guide,Snapshot e0fcfa64e560,"Page 76, C65500, Physical Properties (printed page 74), row Density at 68 °F",.308,lb/in³,3
obs-4684d545088a39d38913,cu-c65500,,thermal_conductivity,point,36.34542799220189,,,W/(m*K),reference,"{""temperature_K"": 293.15}",Supplier physical-property reference; test method not stated,copper-alloys-guide,thyssenkrupp Materials NA — Copper and Brass Sales,Copper and Alloys guide,Snapshot e0fcfa64e560,"Page 76, C65500, Physical Properties (printed page 74), row Thermal conductivity at 68 °F",21,Btu/(ft·hr·°F),2
obs-934b4eb4b2940b2934c6,cu-c65500,,specific_heat,point,376.812,,,J/(kg*K),reference,"{""temperature_K"": 293.15}",Supplier physical-property reference; test method not stated,copper-alloys-guide,thyssenkrupp Materials NA — Copper and Brass Sales,Copper and Alloys guide,Snapshot e0fcfa64e560,"Page 76, C65500, Physical Properties (printed page 74), row Specific heat at 68 °F",.09,Btu/(lb·°F),1
obs-126e52ffc7d28965a082,cu-c71500,,density,point,8940.609221395609,,,kg/m^3,reference,"{""temperature_K"": 293.15}",Supplier physical-property reference; test method not stated,copper-alloys-guide,thyssenkrupp Materials NA — Copper and Brass Sales,Copper and Alloys guide,Snapshot e0fcfa64e560,"Page 76, C71500, Physical Properties (printed page 74), row Density at 68 °F",.323,lb/in³,3
obs-0ead38900e3e681a7d39,cu-c71500,,thermal_conductivity,point,29.422489327020575,,,W/(m*K),reference,"{""temperature_K"": 293.15}",Supplier physical-property reference; test method not stated,copper-alloys-guide,thyssenkrupp Materials NA — Copper and Brass Sales,Copper and Alloys guide,Snapshot e0fcfa64e560,"Page 76, C71500, Physical Properties (printed page 74), row Thermal conductivity at 68 °F",17,Btu/(ft·hr·°F),2
obs-6ac3661b9a2ce2f484f8,cu-c71500,,specific_heat,point,376.812,,,J/(kg*K),reference,"{""temperature_K"": 293.15}",Supplier physical-property reference; test method not stated,copper-alloys-guide,thyssenkrupp Materials NA — Copper and Brass Sales,Copper and Alloys guide,Snapshot e0fcfa64e560,"Page 76, C71500, Physical Properties (printed page 74), row Specific heat at 68 °F",.09,Btu/(lb·°F),1
obs-aac2aae874a6772a8c3d,cu-c75200,,density,point,8746.849888424187,,,kg/m^3,reference,"{""temperature_K"": 293.15}",Supplier physical-property reference; test method not stated,copper-alloys-guide,thyssenkrupp Materials NA — Copper and Brass Sales,Copper and Alloys guide,Snapshot e0fcfa64e560,"Page 76, C75200, Physical Properties (printed page 74), row Density at 68 °F",.316,lb/in³,3
obs-32b8fb87905dc9054ead,cu-c75200,,thermal_conductivity,point,32.88395865961123,,,W/(m*K),reference,"{""temperature_K"": 293.15}",Supplier physical-property reference; test method not stated,copper-alloys-guide,thyssenkrupp Materials NA — Copper and Brass Sales,Copper and Alloys guide,Snapshot e0fcfa64e560,"Page 76, C75200, Physical Properties (printed page 74), row Thermal conductivity at 68 °F",19,Btu/(ft·hr·°F),2
obs-dfb8569ab795de660e5d,cu-c75200,,specific_heat,point,376.812,,,J/(kg*K),reference,"{""temperature_K"": 293.15}",Supplier physical-property reference; test method not stated,copper-alloys-guide,thyssenkrupp Materials NA — Copper and Brass Sales,Copper and Alloys guide,Snapshot e0fcfa64e560,"Page 76, C75200, Physical Properties (printed page 74), row Specific heat at 68 °F",.09,Btu/(lb·°F),1
obs-06d20d1f79f02be2c025,ti-6al-4v,,density,point,4420.0,,,kg/m^3,reference,"{""temperature_K"": 295.15}",TIMET physical-property table; test method not stated,timet-6-4,TIMET,"TIMETAL 6-4, 6-4 ELI and 6-4-.1Ru datasheet",Snapshot 824684f7d560,"Page 1, Titanium Ti-6Al-4V, row Table 2, density at 22 °C",4.42,g/cm³,3
obs-85023a0091923ebb7fe9,ti-6al-4v,,specific_heat,point,580.0,,,J/(kg*K),reference,"{""temperature_K"": 293.15}",TIMET physical-property table; test method not stated,timet-6-4,TIMET,"TIMETAL 6-4, 6-4 ELI and 6-4-.1Ru datasheet",Snapshot 824684f7d560,"Page 1, Titanium Ti-6Al-4V, row Table 2, specific_heat at 20 °C",0.580,J/(g·K),3
obs-5416113309741bb3bebe,ti-6al-4v,,specific_heat,point,670.0,,,J/(kg*K),reference,"{""temperature_K"": 698.15}",TIMET physical-property table; test method not stated,timet-6-4,TIMET,"TIMETAL 6-4, 6-4 ELI and 6-4-.1Ru datasheet",Snapshot 824684f7d560,"Page 1, Titanium Ti-6Al-4V, row Table 2, specific_heat at 425 °C",0.670,J/(g·K),3
obs-ed78d239be388343edb6,ti-6al-4v,,specific_heat,point,930.0,,,J/(kg*K),reference,"{""temperature_K"": 1143.15}",TIMET physical-property table; test method not stated,timet-6-4,TIMET,"TIMETAL 6-4, 6-4 ELI and 6-4-.1Ru datasheet",Snapshot 824684f7d560,"Page 1, Titanium Ti-6Al-4V, row Table 2, specific_heat at 870 °C",0.930,J/(g·K),3
obs-a03ae6e7dbe5ee90375d,ti-6al-4v,,youngs_modulus,interval,,107000000000.0,122000000000.0,Pa,reference,"{""temperature_K"": 293.15}",TIMET physical-property table; test method not stated,timet-6-4,TIMET,"TIMETAL 6-4, 6-4 ELI and 6-4-.1Ru datasheet",Snapshot 824684f7d560,"Page 1, Titanium Ti-6Al-4V, row Table 2, youngs_modulus at 20 °C",107–122,GPa,3
obs-f65244a4a63a361ce643,ti-6al-4v,,youngs_modulus,interval,,95000000000.0,111000000000.0,Pa,reference,"{""temperature_K"": 503.15}",TIMET physical-property table; test method not stated,timet-6-4,TIMET,"TIMETAL 6-4, 6-4 ELI and 6-4-.1Ru datasheet",Snapshot 824684f7d560,"Page 1, Titanium Ti-6Al-4V, row Table 2, youngs_modulus at 230 °C",95–111,GPa,2
obs-8e0abf8ddb14aef6e207,ti-6al-4v,,poissons_ratio,point,0.31,,,1,reference,"{""temperature_K"": 293.15}",TIMET physical-property table; test method not stated,timet-6-4,TIMET,"TIMETAL 6-4, 6-4 ELI and 6-4-.1Ru datasheet",Snapshot 824684f7d560,"Page 1, Titanium Ti-6Al-4V, row Table 2, poissons_ratio at 20 °C",.31,1,2
obs-6e3bddbbb22fab1f701d,ti-6al-4v,ti-6al-4v-mill-annealed,thermal_conductivity,point,6.6,,,W/(m*K),reference,"{""temperature_K"": 293.15}",TIMET physical-property table; test method not stated,timet-6-4,TIMET,"TIMETAL 6-4, 6-4 ELI and 6-4-.1Ru datasheet",Snapshot 824684f7d560,"Page 1, Ti-6Al-4V, mill annealed, row Table 2, thermal conductivity at 20 °C",6.6,W/(m·K),2
obs-7d5c06aa2edb3439ccf5,ti-6al-4v,ti-6al-4v-mill-annealed,thermal_conductivity,point,10.6,,,W/(m*K),reference,"{""temperature_K"": 588.15}",TIMET physical-property table; test method not stated,timet-6-4,TIMET,"TIMETAL 6-4, 6-4 ELI and 6-4-.1Ru datasheet",Snapshot 824684f7d560,"Page 1, Ti-6Al-4V, mill annealed, row Table 2, thermal conductivity at 315 °C",10.6,W/(m·K),3
obs-8dbf40d5913369f8b7ad,ti-6al-4v,ti-6al-4v-mill-annealed,thermal_conductivity,point,17.5,,,W/(m*K),reference,"{""temperature_K"": 923.15}",TIMET physical-property table; test method not stated,timet-6-4,TIMET,"TIMETAL 6-4, 6-4 ELI and 6-4-.1Ru datasheet",Snapshot 824684f7d560,"Page 1, Ti-6Al-4V, mill annealed, row Table 2, thermal conductivity at 650 °C",17.5,W/(m·K),3
obs-be97bbb56573616f9931,ti-6al-2sn-4zr-6mo,,density,point,4640.0,,,kg/m^3,reference,"{""temperature_K"": 295.15}",TIMET physical-property table; test method not stated,timet-6246,TIMET,TIMETAL 6-2-4-6 datasheet,Snapshot 3f1ec178c197,"Page 1, Titanium Ti-6Al-2Sn-4Zr-6Mo, row Table 2, density at 22 °C",4.64,g/cm³,3
obs-cd320ea3aad47771e77d,ti-6al-2sn-4zr-6mo,,specific_heat,point,502.0,,,J/(kg*K),reference,{},TIMET physical-property table; test method not stated,timet-6246,TIMET,TIMETAL 6-2-4-6 datasheet,Snapshot 3f1ec178c197,"Page 1, Titanium Ti-6Al-2Sn-4Zr-6Mo, row Table 2, specific_heat",502,J/(kg·K),3
obs-b496b2e6d1882b41158c,ti-6al-2sn-4zr-6mo,,youngs_modulus,interval,,70000000000.0,114000000000.0,Pa,reference,"{""temperature_K"": 293.15}",TIMET physical-property table; test method not stated,timet-6246,TIMET,TIMETAL 6-2-4-6 datasheet,Snapshot 3f1ec178c197,"Page 1, Titanium Ti-6Al-2Sn-4Zr-6Mo, row Table 2, youngs_modulus at 20 °C",70–114,GPa,2
obs-165eab81f7e16742199d,ti-6al-2sn-4zr-6mo,,youngs_modulus,point,107000000000.0,,,Pa,reference,"{""temperature_K"": 588.15}",TIMET physical-property table; test method not stated,timet-6246,TIMET,TIMETAL 6-2-4-6 datasheet,Snapshot 3f1ec178c197,"Page 1, Titanium Ti-6Al-2Sn-4Zr-6Mo, row Table 2, youngs_modulus at 315 °C",107,GPa,3
obs-7f73b4110901d5ce80f2,ti-6al-2sn-4zr-6mo,,youngs_modulus,point,100000000000.0,,,Pa,reference,"{""temperature_K"": 698.15}",TIMET physical-property table; test method not stated,timet-6246,TIMET,TIMETAL 6-2-4-6 datasheet,Snapshot 3f1ec178c197,"Page 1, Titanium Ti-6Al-2Sn-4Zr-6Mo, row Table 2, youngs_modulus at 425 °C",100,GPa,3
obs-4f730127151e0413b47f,ti-6al-2sn-4zr-6mo,ti-6246-da,ultimate_tensile_strength,lower_bound,1103000000.0,,,Pa,minimum,"{""temperature_K"": 293.15}",Mil T-9047G (TIMET Table 3),timet-6246,TIMET,TIMETAL 6-2-4-6 datasheet,Snapshot 3f1ec178c197,"Page 1, TIMETAL 6-2-4-6, DA, rod diameter or thickness ≤2.00 in, row Table 3, UTS",1103,MPa,4
obs-b26340059434da7b8a00,ti-6al-2sn-4zr-6mo,ti-6246-da,tensile_yield_strength,lower_bound,1034000000.0,,,Pa,minimum,"{""temperature_K"": 293.15}",Mil T-9047G (TIMET Table 3),timet-6246,TIMET,TIMETAL 6-2-4-6 datasheet,Snapshot 3f1ec178c197,"Page 1, TIMETAL 6-2-4-6, DA, rod diameter or thickness ≤2.00 in, row Table 3, 0.2% yield strength",1034,MPa,4
obs-cbdae8f917dde5d0c404,ti-6al-2sn-4zr-6mo,ti-6246-da,elongation_at_break,lower_bound,0.1,,,1,minimum,"{""temperature_K"": 293.15}",Mil T-9047G (TIMET Table 3),timet-6246,TIMET,TIMETAL 6-2-4-6 datasheet,Snapshot 3f1ec178c197,"Page 1, TIMETAL 6-2-4-6, DA, rod diameter or thickness ≤2.00 in, row Table 3, Elongation",10,%,2
obs-6e78361197e3ab7a19c1,ti-6al-2sn-4zr-6mo,ti-6246-sta,ultimate_tensile_strength,lower_bound,1172000000.0,,,Pa,minimum,"{""temperature_K"": 293.15}",Mil T-9047G (TIMET Table 3),timet-6246,TIMET,TIMETAL 6-2-4-6 datasheet,Snapshot 3f1ec178c197,"Page 1, TIMETAL 6-2-4-6, STA, rod diameter or thickness ≤2.50 in, row Table 3, UTS",1172,MPa,4
obs-6a31778f8efc4315e669,ti-6al-2sn-4zr-6mo,ti-6246-sta,tensile_yield_strength,lower_bound,1103000000.0,,,Pa,minimum,"{""temperature_K"": 293.15}",Mil T-9047G (TIMET Table 3),timet-6246,TIMET,TIMETAL 6-2-4-6 datasheet,Snapshot 3f1ec178c197,"Page 1, TIMETAL 6-2-4-6, STA, rod diameter or thickness ≤2.50 in, row Table 3, 0.2% yield strength",1103,MPa,4
obs-085dcba9490fc31057e9,ti-6al-2sn-4zr-6mo,ti-6246-sta,elongation_at_break,lower_bound,0.1,,,1,minimum,"{""temperature_K"": 293.15}",Mil T-9047G (TIMET Table 3),timet-6246,TIMET,TIMETAL 6-2-4-6 datasheet,Snapshot 3f1ec178c197,"Page 1, TIMETAL 6-2-4-6, STA, rod diameter or thickness ≤2.50 in, row Table 3, Elongation",10,%,2
