observation_id,material_id,state_id,property,result_kind,value_si,minimum_si,maximum_si,unit,basis,conditions,method,source_url,source_locator,original_value,original_unit,significant_figures
obs-482a4b0df6a9a7f82587,al-6061,al-6061-t4,tensile_yield_strength,lower_bound,110000000.0,,,Pa,minimum,"{""product_form"": ""extrusion""}",Not specified in the cited datasheet table,https://www.hydro.com/globalassets/01-products--services/extruded-profiles/americas/ena-resources/alloy-data-sheets/hydro_2019_data_sheet_6061.pdf,"Page 2, table “6061 Extruded Mechanical and Physical Property Limits”, T4 minimum yield strength",110,MPa,2
obs-1ba45f5693d201aaf921,al-6061,al-6061-t4,thermal_conductivity,point,155.0,,,W/(m*K),typical,"{""product_form"": ""extrusion"", ""temperature_K"": 298.15}",Not specified in the cited datasheet table,https://www.hydro.com/globalassets/01-products--services/extruded-profiles/americas/ena-resources/alloy-data-sheets/hydro_2019_data_sheet_6061.pdf,"Page 2, table “6061 Extruded Mechanical and Physical Property Limits”, T4 typical thermal conductivity",155,W/(m·K),3
obs-4acacc882e3dbe3c39ed,al-6061,,density,point,2712.630661599906,,,kg/m^3,typical,{},Not specified in the cited datasheet table,https://www.hydro.com/globalassets/01-products--services/extruded-profiles/americas/ena-resources/alloy-data-sheets/hydro_2019_data_sheet_6061.pdf,"Page 2, alloy-wide density above the chemical composition table: 0.098 lb/in³; no temper specified",0.098,lb/in³,2
obs-fd562a821429c26c2fac,al-6061,al-6061-t6,tensile_yield_strength,lower_bound,240000000.0,,,Pa,minimum,"{""product_form"": ""extrusion""}",Not specified in the cited datasheet table,https://www.hydro.com/globalassets/01-products--services/extruded-profiles/americas/ena-resources/alloy-data-sheets/hydro_2019_data_sheet_6061.pdf,"Page 2, table “6061 Extruded Mechanical and Physical Property Limits”, T6 minimum yield strength",240,MPa,2
obs-ce45c34ba6b45ffacc57,al-6061,al-6061-t6,thermal_conductivity,point,167.0,,,W/(m*K),typical,"{""product_form"": ""extrusion"", ""temperature_K"": 298.15}",Not specified in the cited datasheet table,https://www.hydro.com/globalassets/01-products--services/extruded-profiles/americas/ena-resources/alloy-data-sheets/hydro_2019_data_sheet_6061.pdf,"Page 2, table “6061 Extruded Mechanical and Physical Property Limits”, T6 typical thermal conductivity",167,W/(m·K),3
obs-c9de5547ad8d4c0a7438,tecaran-abs-grey,,density,point,1040.0,,,kg/m^3,typical,"{""product_form"": ""stock_shape""}",DIN EN ISO 1183,https://www.ensingerplastics.com/en-us/-/media/ensinger/files/document-teaser-files/brochures/shapes/engineering-plastics-manual-english.ashx,"Page 88, Material standard values, column 1 (TECARAN ABS grey), row Density",1.04,g/cm³,3
obs-ad26df2567f44dfee560,tecaran-abs-grey,,youngs_modulus,point,1700000000.0,,,Pa,typical,"{""product_form"": ""stock_shape""}",DIN EN ISO 527-2,https://www.ensingerplastics.com/en-us/-/media/ensinger/files/document-teaser-files/brochures/shapes/engineering-plastics-manual-english.ashx,"Page 88, Material standard values, column 1 (TECARAN ABS grey), row Modulus of elasticity (tensile test)","1,700",MPa,4
obs-d25ead22f83541fbfc4a,tecaran-abs-grey,,ultimate_tensile_strength,point,32000000.0,,,Pa,typical,"{""product_form"": ""stock_shape""}",DIN EN ISO 527-2,https://www.ensingerplastics.com/en-us/-/media/ensinger/files/document-teaser-files/brochures/shapes/engineering-plastics-manual-english.ashx,"Page 88, Material standard values, column 1 (TECARAN ABS grey), row Tensile strength",32,MPa,2
obs-f83647f4042456b738d7,tecaran-abs-grey,,tensile_yield_strength,point,32000000.0,,,Pa,typical,"{""product_form"": ""stock_shape""}",DIN EN ISO 527-2,https://www.ensingerplastics.com/en-us/-/media/ensinger/files/document-teaser-files/brochures/shapes/engineering-plastics-manual-english.ashx,"Page 88, Material standard values, column 1 (TECARAN ABS grey), row Tensile strength at yield",32,MPa,2
obs-78eeecbcbb379a3dfc80,tecaran-abs-grey,,elongation_at_break,point,0.49,,,1,typical,"{""product_form"": ""stock_shape""}",DIN EN ISO 527-2,https://www.ensingerplastics.com/en-us/-/media/ensinger/files/document-teaser-files/brochures/shapes/engineering-plastics-manual-english.ashx,"Page 88, Material standard values, column 1 (TECARAN ABS grey), row Elongation at break",49,%,2
obs-5f25d58b3442d936df1c,tecaran-abs-grey,,flexural_strength,point,49000000.0,,,Pa,typical,"{""product_form"": ""stock_shape""}",DIN EN ISO 178,https://www.ensingerplastics.com/en-us/-/media/ensinger/files/document-teaser-files/brochures/shapes/engineering-plastics-manual-english.ashx,"Page 88, Material standard values, column 1 (TECARAN ABS grey), row Flexural strength",49,MPa,2
obs-d0e1b91a3c656cacf640,tecanyl-mt-coloured,,density,interval,,1040.0,1100.0,kg/m^3,typical,"{""product_form"": ""stock_shape""}",DIN EN ISO 1183,https://www.ensingerplastics.com/en-us/-/media/ensinger/files/document-teaser-files/brochures/shapes/engineering-plastics-manual-english.ashx,"Page 88, Material standard values, column 2 (TECANYL MT coloured), row Density",1.04 – 1.10,g/cm³,3
obs-be1a3ae6d94429701888,tecanyl-mt-coloured,,youngs_modulus,point,2400000000.0,,,Pa,typical,"{""product_form"": ""stock_shape""}",DIN EN ISO 527-2,https://www.ensingerplastics.com/en-us/-/media/ensinger/files/document-teaser-files/brochures/shapes/engineering-plastics-manual-english.ashx,"Page 88, Material standard values, column 2 (TECANYL MT coloured), row Modulus of elasticity (tensile test)","2,400",MPa,4
obs-6d78ad726142bdd23b9b,tecanyl-mt-coloured,,ultimate_tensile_strength,point,65000000.0,,,Pa,typical,"{""product_form"": ""stock_shape""}",DIN EN ISO 527-2,https://www.ensingerplastics.com/en-us/-/media/ensinger/files/document-teaser-files/brochures/shapes/engineering-plastics-manual-english.ashx,"Page 88, Material standard values, column 2 (TECANYL MT coloured), row Tensile strength",65,MPa,2
obs-9153f722842e0615f81b,tecanyl-mt-coloured,,tensile_yield_strength,point,67000000.0,,,Pa,typical,"{""product_form"": ""stock_shape""}",DIN EN ISO 527-2,https://www.ensingerplastics.com/en-us/-/media/ensinger/files/document-teaser-files/brochures/shapes/engineering-plastics-manual-english.ashx,"Page 88, Material standard values, column 2 (TECANYL MT coloured), row Tensile strength at yield",67,MPa,2
obs-f17daa1912cb64d79b3a,tecanyl-mt-coloured,,elongation_at_break,point,0.08,,,1,typical,"{""product_form"": ""stock_shape""}",DIN EN ISO 527-2,https://www.ensingerplastics.com/en-us/-/media/ensinger/files/document-teaser-files/brochures/shapes/engineering-plastics-manual-english.ashx,"Page 88, Material standard values, column 2 (TECANYL MT coloured), row Elongation at break",8,%,1
obs-8329624356ce48698cb4,tecanyl-mt-coloured,,thermal_conductivity,point,0.21,,,W/(m*K),typical,"{""product_form"": ""stock_shape""}",ISO 22007-4:2008,https://www.ensingerplastics.com/en-us/-/media/ensinger/files/document-teaser-files/brochures/shapes/engineering-plastics-manual-english.ashx,"Page 88, Material standard values, column 2 (TECANYL MT coloured), row Thermal conductivity",0.21,W/(m·K),2
obs-901de54c1081329ffa06,tecanyl-mt-coloured,,flexural_strength,point,95000000.0,,,Pa,typical,"{""product_form"": ""stock_shape""}",DIN EN ISO 178,https://www.ensingerplastics.com/en-us/-/media/ensinger/files/document-teaser-files/brochures/shapes/engineering-plastics-manual-english.ashx,"Page 88, Material standard values, column 2 (TECANYL MT coloured), row Flexural strength",95,MPa,2
obs-0b00c296d510824baca0,tecanyl-gf30,,density,point,1300.0,,,kg/m^3,typical,"{""product_form"": ""stock_shape""}",DIN EN ISO 1183,https://www.ensingerplastics.com/en-us/-/media/ensinger/files/document-teaser-files/brochures/shapes/engineering-plastics-manual-english.ashx,"Page 88, Material standard values, column 3 (TECANYL GF30), row Density",1.3,g/cm³,2
obs-e10b65501a2d38d4df35,tecanyl-gf30,,youngs_modulus,point,4100000000.0,,,Pa,typical,"{""product_form"": ""stock_shape""}",DIN EN ISO 527-2,https://www.ensingerplastics.com/en-us/-/media/ensinger/files/document-teaser-files/brochures/shapes/engineering-plastics-manual-english.ashx,"Page 88, Material standard values, column 3 (TECANYL GF30), row Modulus of elasticity (tensile test)","4,100",MPa,4
obs-1cc822549376c9f8f15a,tecanyl-gf30,,ultimate_tensile_strength,point,73000000.0,,,Pa,typical,"{""product_form"": ""stock_shape""}",DIN EN ISO 527-2,https://www.ensingerplastics.com/en-us/-/media/ensinger/files/document-teaser-files/brochures/shapes/engineering-plastics-manual-english.ashx,"Page 88, Material standard values, column 3 (TECANYL GF30), row Tensile strength",73,MPa,2
obs-5c851aa28997053b97f2,tecanyl-gf30,,tensile_yield_strength,point,73000000.0,,,Pa,typical,"{""product_form"": ""stock_shape""}",DIN EN ISO 527-2,https://www.ensingerplastics.com/en-us/-/media/ensinger/files/document-teaser-files/brochures/shapes/engineering-plastics-manual-english.ashx,"Page 88, Material standard values, column 3 (TECANYL GF30), row Tensile strength at yield",73,MPa,2
obs-89bf39e016d0998a98a3,tecanyl-gf30,,elongation_at_break,point,0.05,,,1,typical,"{""product_form"": ""stock_shape""}",DIN EN ISO 527-2,https://www.ensingerplastics.com/en-us/-/media/ensinger/files/document-teaser-files/brochures/shapes/engineering-plastics-manual-english.ashx,"Page 88, Material standard values, column 3 (TECANYL GF30), row Elongation at break",5,%,1
obs-44362c0afd787a34bf01,tecanyl-gf30,,thermal_conductivity,point,0.28,,,W/(m*K),typical,"{""product_form"": ""stock_shape""}",ISO 22007-4:2008,https://www.ensingerplastics.com/en-us/-/media/ensinger/files/document-teaser-files/brochures/shapes/engineering-plastics-manual-english.ashx,"Page 88, Material standard values, column 3 (TECANYL GF30), row Thermal conductivity",0.28,W/(m·K),2
obs-92cfd8b9c4a30eb26a02,tecanyl-gf30,,flexural_strength,point,116000000.0,,,Pa,typical,"{""product_form"": ""stock_shape""}",DIN EN ISO 178,https://www.ensingerplastics.com/en-us/-/media/ensinger/files/document-teaser-files/brochures/shapes/engineering-plastics-manual-english.ashx,"Page 88, Material standard values, column 3 (TECANYL GF30), row Flexural strength",116,MPa,3
obs-9113247ccc20fd3b54cb,tecanyl-731-grey,,density,point,1100.0,,,kg/m^3,typical,"{""product_form"": ""stock_shape""}",DIN EN ISO 1183,https://www.ensingerplastics.com/en-us/-/media/ensinger/files/document-teaser-files/brochures/shapes/engineering-plastics-manual-english.ashx,"Page 88, Material standard values, column 4 (TECANYL 731 grey), row Density",1.1,g/cm³,2
obs-c41657a4c822ed9f29fc,tecanyl-731-grey,,youngs_modulus,point,2400000000.0,,,Pa,typical,"{""product_form"": ""stock_shape""}",DIN EN ISO 527-2,https://www.ensingerplastics.com/en-us/-/media/ensinger/files/document-teaser-files/brochures/shapes/engineering-plastics-manual-english.ashx,"Page 88, Material standard values, column 4 (TECANYL 731 grey), row Modulus of elasticity (tensile test)","2,400",MPa,4
obs-5afbfc80b3d8cafe06f9,tecanyl-731-grey,,ultimate_tensile_strength,point,57000000.0,,,Pa,typical,"{""product_form"": ""stock_shape""}",DIN EN ISO 527-2,https://www.ensingerplastics.com/en-us/-/media/ensinger/files/document-teaser-files/brochures/shapes/engineering-plastics-manual-english.ashx,"Page 88, Material standard values, column 4 (TECANYL 731 grey), row Tensile strength",57,MPa,2
obs-d0e1453036596d4c96f7,tecanyl-731-grey,,tensile_yield_strength,point,57000000.0,,,Pa,typical,"{""product_form"": ""stock_shape""}",DIN EN ISO 527-2,https://www.ensingerplastics.com/en-us/-/media/ensinger/files/document-teaser-files/brochures/shapes/engineering-plastics-manual-english.ashx,"Page 88, Material standard values, column 4 (TECANYL 731 grey), row Tensile strength at yield",57,MPa,2
obs-0d13518861a4afc60639,tecanyl-731-grey,,elongation_at_break,point,0.22,,,1,typical,"{""product_form"": ""stock_shape""}",DIN EN ISO 527-2,https://www.ensingerplastics.com/en-us/-/media/ensinger/files/document-teaser-files/brochures/shapes/engineering-plastics-manual-english.ashx,"Page 88, Material standard values, column 4 (TECANYL 731 grey), row Elongation at break",22,%,2
obs-afbfa0ede9124bcf7c41,tecanyl-731-grey,,thermal_conductivity,point,0.21,,,W/(m*K),typical,"{""product_form"": ""stock_shape""}",ISO 22007-4:2008,https://www.ensingerplastics.com/en-us/-/media/ensinger/files/document-teaser-files/brochures/shapes/engineering-plastics-manual-english.ashx,"Page 88, Material standard values, column 4 (TECANYL 731 grey), row Thermal conductivity",0.21,W/(m·K),2
obs-9110c9fb9378c2c84b51,tecanyl-731-grey,,flexural_strength,point,85000000.0,,,Pa,typical,"{""product_form"": ""stock_shape""}",DIN EN ISO 178,https://www.ensingerplastics.com/en-us/-/media/ensinger/files/document-teaser-files/brochures/shapes/engineering-plastics-manual-english.ashx,"Page 88, Material standard values, column 4 (TECANYL 731 grey), row Flexural strength",85,MPa,2
obs-68f5f66d683ffac64e5e,tecafine-pmp,,density,point,830.0,,,kg/m^3,typical,"{""product_form"": ""stock_shape""}",DIN EN ISO 1183,https://www.ensingerplastics.com/en-us/-/media/ensinger/files/document-teaser-files/brochures/shapes/engineering-plastics-manual-english.ashx,"Page 88, Material standard values, column 5 (TECAFINE PMP), row Density",0.83,g/cm³,2
obs-7fb6dbf786c1dff49e25,tecafine-pmp,,youngs_modulus,point,1000000000.0,,,Pa,typical,"{""product_form"": ""stock_shape""}",DIN EN ISO 527-2,https://www.ensingerplastics.com/en-us/-/media/ensinger/files/document-teaser-files/brochures/shapes/engineering-plastics-manual-english.ashx,"Page 88, Material standard values, column 5 (TECAFINE PMP), row Modulus of elasticity (tensile test)","1,000",MPa,4
obs-bce320ad3d6f5795424f,tecafine-pmp,,ultimate_tensile_strength,point,26000000.0,,,Pa,typical,"{""product_form"": ""stock_shape""}",DIN EN ISO 527-2,https://www.ensingerplastics.com/en-us/-/media/ensinger/files/document-teaser-files/brochures/shapes/engineering-plastics-manual-english.ashx,"Page 88, Material standard values, column 5 (TECAFINE PMP), row Tensile strength",26,MPa,2
obs-79d38f4f0150afb1dc63,tecafine-pmp,,tensile_yield_strength,point,26000000.0,,,Pa,typical,"{""product_form"": ""stock_shape""}",DIN EN ISO 527-2,https://www.ensingerplastics.com/en-us/-/media/ensinger/files/document-teaser-files/brochures/shapes/engineering-plastics-manual-english.ashx,"Page 88, Material standard values, column 5 (TECAFINE PMP), row Tensile strength at yield",26,MPa,2
obs-e796da12f7af929e0b20,tecafine-pmp,,elongation_at_break,point,0.67,,,1,typical,"{""product_form"": ""stock_shape""}",DIN EN ISO 527-2,https://www.ensingerplastics.com/en-us/-/media/ensinger/files/document-teaser-files/brochures/shapes/engineering-plastics-manual-english.ashx,"Page 88, Material standard values, column 5 (TECAFINE PMP), row Elongation at break",67,%,2
obs-3e1421c15c773b677c1f,tecafine-pmp,,flexural_strength,point,31000000.0,,,Pa,typical,"{""product_form"": ""stock_shape""}",DIN EN ISO 178,https://www.ensingerplastics.com/en-us/-/media/ensinger/files/document-teaser-files/brochures/shapes/engineering-plastics-manual-english.ashx,"Page 88, Material standard values, column 5 (TECAFINE PMP), row Flexural strength",31,MPa,2
obs-fa753e0e66227b0e8cef,tecapro-mt,,density,point,930.0,,,kg/m^3,typical,"{""product_form"": ""stock_shape""}",DIN EN ISO 1183,https://www.ensingerplastics.com/en-us/-/media/ensinger/files/document-teaser-files/brochures/shapes/engineering-plastics-manual-english.ashx,"Page 88, Material standard values, column 6 (TECAPRO MT), row Density",0.93,g/cm³,2
obs-ce8501443cc89e1160d4,tecapro-mt,,youngs_modulus,point,2000000000.0,,,Pa,typical,"{""product_form"": ""stock_shape""}",DIN EN ISO 527-2,https://www.ensingerplastics.com/en-us/-/media/ensinger/files/document-teaser-files/brochures/shapes/engineering-plastics-manual-english.ashx,"Page 88, Material standard values, column 6 (TECAPRO MT), row Modulus of elasticity (tensile test)","2,000",MPa,4
obs-4d096e2a405916d15f12,tecapro-mt,,ultimate_tensile_strength,point,34000000.0,,,Pa,typical,"{""product_form"": ""stock_shape""}",DIN EN ISO 527-2,https://www.ensingerplastics.com/en-us/-/media/ensinger/files/document-teaser-files/brochures/shapes/engineering-plastics-manual-english.ashx,"Page 88, Material standard values, column 6 (TECAPRO MT), row Tensile strength",34,MPa,2
obs-cd9648df82c4c6e4e43d,tecapro-mt,,tensile_yield_strength,point,34000000.0,,,Pa,typical,"{""product_form"": ""stock_shape""}",DIN EN ISO 527-2,https://www.ensingerplastics.com/en-us/-/media/ensinger/files/document-teaser-files/brochures/shapes/engineering-plastics-manual-english.ashx,"Page 88, Material standard values, column 6 (TECAPRO MT), row Tensile strength at yield",34,MPa,2
obs-b1290da5ec2297a14641,tecapro-mt,,elongation_at_break,point,0.67,,,1,typical,"{""product_form"": ""stock_shape""}",DIN EN ISO 527-2,https://www.ensingerplastics.com/en-us/-/media/ensinger/files/document-teaser-files/brochures/shapes/engineering-plastics-manual-english.ashx,"Page 88, Material standard values, column 6 (TECAPRO MT), row Elongation at break",67,%,2
obs-ac5416bf46cdb6a9af9c,tecapro-mt,,flexural_strength,point,54000000.0,,,Pa,typical,"{""product_form"": ""stock_shape""}",DIN EN ISO 178,https://www.ensingerplastics.com/en-us/-/media/ensinger/files/document-teaser-files/brochures/shapes/engineering-plastics-manual-english.ashx,"Page 88, Material standard values, column 6 (TECAPRO MT), row Flexural strength",54,MPa,2
obs-be60646c0de3ba72c818,tecaform-ah-natural,,density,point,1410.0,,,kg/m^3,typical,"{""product_form"": ""stock_shape""}",DIN EN ISO 1183,https://www.ensingerplastics.com/en-us/-/media/ensinger/files/document-teaser-files/brochures/shapes/engineering-plastics-manual-english.ashx,"Page 88, Material standard values, column 7 (TECAFORM AH natural), row Density",1.41,g/cm³,3
obs-e9a3fc924aadf35cdd15,tecaform-ah-natural,,youngs_modulus,point,2800000000.0,,,Pa,typical,"{""product_form"": ""stock_shape""}",DIN EN ISO 527-2,https://www.ensingerplastics.com/en-us/-/media/ensinger/files/document-teaser-files/brochures/shapes/engineering-plastics-manual-english.ashx,"Page 88, Material standard values, column 7 (TECAFORM AH natural), row Modulus of elasticity (tensile test)","2,800",MPa,4
obs-cb07983115d764d31b42,tecaform-ah-natural,,ultimate_tensile_strength,point,67000000.0,,,Pa,typical,"{""product_form"": ""stock_shape""}",DIN EN ISO 527-2,https://www.ensingerplastics.com/en-us/-/media/ensinger/files/document-teaser-files/brochures/shapes/engineering-plastics-manual-english.ashx,"Page 88, Material standard values, column 7 (TECAFORM AH natural), row Tensile strength",67,MPa,2
obs-eb2aa55fa6e27ee0d18b,tecaform-ah-natural,,tensile_yield_strength,point,67000000.0,,,Pa,typical,"{""product_form"": ""stock_shape""}",DIN EN ISO 527-2,https://www.ensingerplastics.com/en-us/-/media/ensinger/files/document-teaser-files/brochures/shapes/engineering-plastics-manual-english.ashx,"Page 88, Material standard values, column 7 (TECAFORM AH natural), row Tensile strength at yield",67,MPa,2
obs-524fda91c8b3b85c1a89,tecaform-ah-natural,,elongation_at_break,point,0.32,,,1,typical,"{""product_form"": ""stock_shape""}",DIN EN ISO 527-2,https://www.ensingerplastics.com/en-us/-/media/ensinger/files/document-teaser-files/brochures/shapes/engineering-plastics-manual-english.ashx,"Page 88, Material standard values, column 7 (TECAFORM AH natural), row Elongation at break",32,%,2
obs-d981ce28a7fac3b35c53,tecaform-ah-natural,,thermal_conductivity,point,0.39,,,W/(m*K),typical,"{""product_form"": ""stock_shape""}",ISO 22007-4:2008,https://www.ensingerplastics.com/en-us/-/media/ensinger/files/document-teaser-files/brochures/shapes/engineering-plastics-manual-english.ashx,"Page 88, Material standard values, column 7 (TECAFORM AH natural), row Thermal conductivity",0.39,W/(m·K),2
obs-3da47c7aa6455fd36a3d,tecaform-ah-natural,,flexural_strength,point,91000000.0,,,Pa,typical,"{""product_form"": ""stock_shape""}",DIN EN ISO 178,https://www.ensingerplastics.com/en-us/-/media/ensinger/files/document-teaser-files/brochures/shapes/engineering-plastics-manual-english.ashx,"Page 88, Material standard values, column 7 (TECAFORM AH natural), row Flexural strength",91,MPa,2
obs-9caef868bf7001593d93,tecaform-ah-gf25,,density,point,1590.0,,,kg/m^3,typical,"{""product_form"": ""stock_shape""}",DIN EN ISO 1183,https://www.ensingerplastics.com/en-us/-/media/ensinger/files/document-teaser-files/brochures/shapes/engineering-plastics-manual-english.ashx,"Page 88, Material standard values, column 9 (TECAFORM AH GF25), row Density",1.59,g/cm³,3
obs-983d8f8da4e8df514686,tecaform-ah-gf25,,youngs_modulus,point,4200000000.0,,,Pa,typical,"{""product_form"": ""stock_shape""}",DIN EN ISO 527-2,https://www.ensingerplastics.com/en-us/-/media/ensinger/files/document-teaser-files/brochures/shapes/engineering-plastics-manual-english.ashx,"Page 88, Material standard values, column 9 (TECAFORM AH GF25), row Modulus of elasticity (tensile test)","4,200",MPa,4
obs-6b6c95e52aee2c349f6a,tecaform-ah-gf25,,ultimate_tensile_strength,point,51000000.0,,,Pa,typical,"{""product_form"": ""stock_shape""}",DIN EN ISO 527-2,https://www.ensingerplastics.com/en-us/-/media/ensinger/files/document-teaser-files/brochures/shapes/engineering-plastics-manual-english.ashx,"Page 88, Material standard values, column 9 (TECAFORM AH GF25), row Tensile strength",51,MPa,2
obs-08dc28e84f0cc86c3252,tecaform-ah-gf25,,tensile_yield_strength,point,51000000.0,,,Pa,typical,"{""product_form"": ""stock_shape""}",DIN EN ISO 527-2,https://www.ensingerplastics.com/en-us/-/media/ensinger/files/document-teaser-files/brochures/shapes/engineering-plastics-manual-english.ashx,"Page 88, Material standard values, column 9 (TECAFORM AH GF25), row Tensile strength at yield",51,MPa,2
obs-7cc0ff64ac6b78ff26fa,tecaform-ah-gf25,,elongation_at_break,point,0.12,,,1,typical,"{""product_form"": ""stock_shape""}",DIN EN ISO 527-2,https://www.ensingerplastics.com/en-us/-/media/ensinger/files/document-teaser-files/brochures/shapes/engineering-plastics-manual-english.ashx,"Page 88, Material standard values, column 9 (TECAFORM AH GF25), row Elongation at break",12,%,2
obs-833ae1e750b75023f6a5,tecaform-ah-gf25,,thermal_conductivity,point,0.47,,,W/(m*K),typical,"{""product_form"": ""stock_shape""}",ISO 22007-4:2008,https://www.ensingerplastics.com/en-us/-/media/ensinger/files/document-teaser-files/brochures/shapes/engineering-plastics-manual-english.ashx,"Page 88, Material standard values, column 9 (TECAFORM AH GF25), row Thermal conductivity",0.47,W/(m·K),2
obs-77776f78b2e79700f9d3,tecaform-ah-gf25,,flexural_strength,point,88000000.0,,,Pa,typical,"{""product_form"": ""stock_shape""}",DIN EN ISO 178,https://www.ensingerplastics.com/en-us/-/media/ensinger/files/document-teaser-files/brochures/shapes/engineering-plastics-manual-english.ashx,"Page 88, Material standard values, column 9 (TECAFORM AH GF25), row Flexural strength",88,MPa,2
obs-9d39f6caa499d61f88bc,tecaform-ah-els,,density,point,1410.0,,,kg/m^3,typical,"{""product_form"": ""stock_shape""}",DIN EN ISO 1183,https://www.ensingerplastics.com/en-us/-/media/ensinger/files/document-teaser-files/brochures/shapes/engineering-plastics-manual-english.ashx,"Page 88, Material standard values, column 10 (TECAFORM AH ELS), row Density",1.41,g/cm³,3
obs-0f58c594f34b44cc55f2,tecaform-ah-els,,youngs_modulus,point,1800000000.0,,,Pa,typical,"{""product_form"": ""stock_shape""}",DIN EN ISO 527-2,https://www.ensingerplastics.com/en-us/-/media/ensinger/files/document-teaser-files/brochures/shapes/engineering-plastics-manual-english.ashx,"Page 88, Material standard values, column 10 (TECAFORM AH ELS), row Modulus of elasticity (tensile test)","1,800",MPa,4
obs-60d550b3eb5ed2c8803a,tecaform-ah-els,,ultimate_tensile_strength,point,42000000.0,,,Pa,typical,"{""product_form"": ""stock_shape""}",DIN EN ISO 527-2,https://www.ensingerplastics.com/en-us/-/media/ensinger/files/document-teaser-files/brochures/shapes/engineering-plastics-manual-english.ashx,"Page 88, Material standard values, column 10 (TECAFORM AH ELS), row Tensile strength",42,MPa,2
obs-92f1a51e7834e9b1a682,tecaform-ah-els,,tensile_yield_strength,point,42000000.0,,,Pa,typical,"{""product_form"": ""stock_shape""}",DIN EN ISO 527-2,https://www.ensingerplastics.com/en-us/-/media/ensinger/files/document-teaser-files/brochures/shapes/engineering-plastics-manual-english.ashx,"Page 88, Material standard values, column 10 (TECAFORM AH ELS), row Tensile strength at yield",42,MPa,2
obs-181c80c5f2a4fead08fb,tecaform-ah-els,,elongation_at_break,point,0.11,,,1,typical,"{""product_form"": ""stock_shape""}",DIN EN ISO 527-2,https://www.ensingerplastics.com/en-us/-/media/ensinger/files/document-teaser-files/brochures/shapes/engineering-plastics-manual-english.ashx,"Page 88, Material standard values, column 10 (TECAFORM AH ELS), row Elongation at break",11,%,2
obs-340801bbc9214bcacb50,tecaform-ah-els,,thermal_conductivity,point,0.46,,,W/(m*K),typical,"{""product_form"": ""stock_shape""}",ISO 22007-4:2008,https://www.ensingerplastics.com/en-us/-/media/ensinger/files/document-teaser-files/brochures/shapes/engineering-plastics-manual-english.ashx,"Page 88, Material standard values, column 10 (TECAFORM AH ELS), row Thermal conductivity",0.46,W/(m·K),2
obs-acb56072c55208c59b89,tecaform-ah-els,,flexural_strength,point,56000000.0,,,Pa,typical,"{""product_form"": ""stock_shape""}",DIN EN ISO 178,https://www.ensingerplastics.com/en-us/-/media/ensinger/files/document-teaser-files/brochures/shapes/engineering-plastics-manual-english.ashx,"Page 88, Material standard values, column 10 (TECAFORM AH ELS), row Flexural strength",56,MPa,2
obs-f318c654fef9e8ca52cd,tecaform-ah-sd,,density,point,1350.0,,,kg/m^3,typical,"{""product_form"": ""stock_shape""}",DIN EN ISO 1183,https://www.ensingerplastics.com/en-us/-/media/ensinger/files/document-teaser-files/brochures/shapes/engineering-plastics-manual-english.ashx,"Page 89, Material standard values, column 1 (TECAFORM AH SD), row Density",1.35,g/cm³,3
obs-ef0c8316a1c55c6c1955,tecaform-ah-sd,,youngs_modulus,point,1300000000.0,,,Pa,typical,"{""product_form"": ""stock_shape""}",DIN EN ISO 527-2,https://www.ensingerplastics.com/en-us/-/media/ensinger/files/document-teaser-files/brochures/shapes/engineering-plastics-manual-english.ashx,"Page 89, Material standard values, column 1 (TECAFORM AH SD), row Modulus of elasticity (tensile test)","1,300",MPa,4
obs-a78e35ba731c734724dc,tecaform-ah-sd,,ultimate_tensile_strength,point,39000000.0,,,Pa,typical,"{""product_form"": ""stock_shape""}",DIN EN ISO 527-2,https://www.ensingerplastics.com/en-us/-/media/ensinger/files/document-teaser-files/brochures/shapes/engineering-plastics-manual-english.ashx,"Page 89, Material standard values, column 1 (TECAFORM AH SD), row Tensile strength",39,MPa,2
obs-91ce479003bc8adf3105,tecaform-ah-sd,,tensile_yield_strength,point,39000000.0,,,Pa,typical,"{""product_form"": ""stock_shape""}",DIN EN ISO 527-2,https://www.ensingerplastics.com/en-us/-/media/ensinger/files/document-teaser-files/brochures/shapes/engineering-plastics-manual-english.ashx,"Page 89, Material standard values, column 1 (TECAFORM AH SD), row Tensile strength at yield",39,MPa,2
obs-889cfd36f6375b3b1457,tecaform-ah-sd,,elongation_at_break,point,0.23,,,1,typical,"{""product_form"": ""stock_shape""}",DIN EN ISO 527-2,https://www.ensingerplastics.com/en-us/-/media/ensinger/files/document-teaser-files/brochures/shapes/engineering-plastics-manual-english.ashx,"Page 89, Material standard values, column 1 (TECAFORM AH SD), row Elongation at break",23,%,2
obs-e6fb3b8ab14aa742ecfd,tecaform-ah-sd,,thermal_conductivity,point,0.3,,,W/(m*K),typical,"{""product_form"": ""stock_shape""}",ISO 22007-4:2008,https://www.ensingerplastics.com/en-us/-/media/ensinger/files/document-teaser-files/brochures/shapes/engineering-plastics-manual-english.ashx,"Page 89, Material standard values, column 1 (TECAFORM AH SD), row Thermal conductivity",0.30,W/(m·K),2
obs-d210c04c34467182e60e,tecaform-ah-sd,,flexural_strength,point,46000000.0,,,Pa,typical,"{""product_form"": ""stock_shape""}",DIN EN ISO 178,https://www.ensingerplastics.com/en-us/-/media/ensinger/files/document-teaser-files/brochures/shapes/engineering-plastics-manual-english.ashx,"Page 89, Material standard values, column 1 (TECAFORM AH SD), row Flexural strength",46,MPa,2
obs-86b315a003162b118ee1,tecaform-ah-id-blue,,density,point,1490.0,,,kg/m^3,typical,"{""product_form"": ""stock_shape""}",DIN EN ISO 1183,https://www.ensingerplastics.com/en-us/-/media/ensinger/files/document-teaser-files/brochures/shapes/engineering-plastics-manual-english.ashx,"Page 89, Material standard values, column 2 (TECAFORM AH ID blue), row Density",1.49,g/cm³,3
obs-ff3ba9bc18ab1c422b58,tecaform-ah-id-blue,,youngs_modulus,point,3200000000.0,,,Pa,typical,"{""product_form"": ""stock_shape""}",DIN EN ISO 527-2,https://www.ensingerplastics.com/en-us/-/media/ensinger/files/document-teaser-files/brochures/shapes/engineering-plastics-manual-english.ashx,"Page 89, Material standard values, column 2 (TECAFORM AH ID blue), row Modulus of elasticity (tensile test)","3,200",MPa,4
obs-ec0764fbe1fd73b96092,tecaform-ah-id-blue,,ultimate_tensile_strength,point,68000000.0,,,Pa,typical,"{""product_form"": ""stock_shape""}",DIN EN ISO 527-2,https://www.ensingerplastics.com/en-us/-/media/ensinger/files/document-teaser-files/brochures/shapes/engineering-plastics-manual-english.ashx,"Page 89, Material standard values, column 2 (TECAFORM AH ID blue), row Tensile strength",68,MPa,2
obs-3d4567a78c984b43f1ae,tecaform-ah-id-blue,,tensile_yield_strength,point,68000000.0,,,Pa,typical,"{""product_form"": ""stock_shape""}",DIN EN ISO 527-2,https://www.ensingerplastics.com/en-us/-/media/ensinger/files/document-teaser-files/brochures/shapes/engineering-plastics-manual-english.ashx,"Page 89, Material standard values, column 2 (TECAFORM AH ID blue), row Tensile strength at yield",68,MPa,2
obs-d4ba73e4d86a66d339a3,tecaform-ah-id-blue,,elongation_at_break,point,0.1,,,1,typical,"{""product_form"": ""stock_shape""}",DIN EN ISO 527-2,https://www.ensingerplastics.com/en-us/-/media/ensinger/files/document-teaser-files/brochures/shapes/engineering-plastics-manual-english.ashx,"Page 89, Material standard values, column 2 (TECAFORM AH ID blue), row Elongation at break",10,%,2
obs-2c67866d633b69338d37,tecaform-ah-id-blue,,thermal_conductivity,point,0.39,,,W/(m*K),typical,"{""product_form"": ""stock_shape""}",ISO 22007-4:2008,https://www.ensingerplastics.com/en-us/-/media/ensinger/files/document-teaser-files/brochures/shapes/engineering-plastics-manual-english.ashx,"Page 89, Material standard values, column 2 (TECAFORM AH ID blue), row Thermal conductivity",0.39,W/(m·K),2
obs-10bad260f81816f5f587,tecaform-ah-id-blue,,flexural_strength,point,100000000.0,,,Pa,typical,"{""product_form"": ""stock_shape""}",DIN EN ISO 178,https://www.ensingerplastics.com/en-us/-/media/ensinger/files/document-teaser-files/brochures/shapes/engineering-plastics-manual-english.ashx,"Page 89, Material standard values, column 2 (TECAFORM AH ID blue), row Flexural strength",100,MPa,3
obs-034add61eda5b99bcb74,tecaform-ah-la,,density,point,1360.0,,,kg/m^3,typical,"{""product_form"": ""stock_shape""}",DIN EN ISO 1183,https://www.ensingerplastics.com/en-us/-/media/ensinger/files/document-teaser-files/brochures/shapes/engineering-plastics-manual-english.ashx,"Page 89, Material standard values, column 3 (TECAFORM AH LA), row Density",1.36,g/cm³,3
obs-ca8354d70c299a769a9d,tecaform-ah-la,,youngs_modulus,point,2100000000.0,,,Pa,typical,"{""product_form"": ""stock_shape""}",DIN EN ISO 527-2,https://www.ensingerplastics.com/en-us/-/media/ensinger/files/document-teaser-files/brochures/shapes/engineering-plastics-manual-english.ashx,"Page 89, Material standard values, column 3 (TECAFORM AH LA), row Modulus of elasticity (tensile test)","2,100",MPa,4
obs-e809b74065fc4f620033,tecaform-ah-la,,ultimate_tensile_strength,point,48000000.0,,,Pa,typical,"{""product_form"": ""stock_shape""}",DIN EN ISO 527-2,https://www.ensingerplastics.com/en-us/-/media/ensinger/files/document-teaser-files/brochures/shapes/engineering-plastics-manual-english.ashx,"Page 89, Material standard values, column 3 (TECAFORM AH LA), row Tensile strength",48,MPa,2
obs-b34fc578de2baa33d441,tecaform-ah-la,,tensile_yield_strength,point,48000000.0,,,Pa,typical,"{""product_form"": ""stock_shape""}",DIN EN ISO 527-2,https://www.ensingerplastics.com/en-us/-/media/ensinger/files/document-teaser-files/brochures/shapes/engineering-plastics-manual-english.ashx,"Page 89, Material standard values, column 3 (TECAFORM AH LA), row Tensile strength at yield",48,MPa,2
obs-ca988193d3ea18c2cd0d,tecaform-ah-la,,elongation_at_break,point,0.09,,,1,typical,"{""product_form"": ""stock_shape""}",DIN EN ISO 527-2,https://www.ensingerplastics.com/en-us/-/media/ensinger/files/document-teaser-files/brochures/shapes/engineering-plastics-manual-english.ashx,"Page 89, Material standard values, column 3 (TECAFORM AH LA), row Elongation at break",9,%,1
obs-4e81241e762d06ac089c,tecaform-ah-la,,thermal_conductivity,point,0.39,,,W/(m*K),typical,"{""product_form"": ""stock_shape""}",ISO 22007-4:2008,https://www.ensingerplastics.com/en-us/-/media/ensinger/files/document-teaser-files/brochures/shapes/engineering-plastics-manual-english.ashx,"Page 89, Material standard values, column 3 (TECAFORM AH LA), row Thermal conductivity",0.39,W/(m·K),2
obs-572b0d77674989d266cf,tecaform-ah-la,,flexural_strength,point,70000000.0,,,Pa,typical,"{""product_form"": ""stock_shape""}",DIN EN ISO 178,https://www.ensingerplastics.com/en-us/-/media/ensinger/files/document-teaser-files/brochures/shapes/engineering-plastics-manual-english.ashx,"Page 89, Material standard values, column 3 (TECAFORM AH LA), row Flexural strength",70,MPa,2
obs-d955d3f135c515ca2ad9,tecaform-ah-san,,density,point,1410.0,,,kg/m^3,typical,"{""product_form"": ""stock_shape""}",DIN EN ISO 1183,https://www.ensingerplastics.com/en-us/-/media/ensinger/files/document-teaser-files/brochures/shapes/engineering-plastics-manual-english.ashx,"Page 89, Material standard values, column 4 (TECAFORM AH SAN), row Density",1.41,g/cm³,3
obs-d628578ec5b9cd620809,tecaform-ah-san,,youngs_modulus,point,2900000000.0,,,Pa,typical,"{""product_form"": ""stock_shape""}",DIN EN ISO 527-2,https://www.ensingerplastics.com/en-us/-/media/ensinger/files/document-teaser-files/brochures/shapes/engineering-plastics-manual-english.ashx,"Page 89, Material standard values, column 4 (TECAFORM AH SAN), row Modulus of elasticity (tensile test)","2,900",MPa,4
obs-98cc4737dd03822f71b5,tecaform-ah-san,,ultimate_tensile_strength,point,67000000.0,,,Pa,typical,"{""product_form"": ""stock_shape""}",DIN EN ISO 527-2,https://www.ensingerplastics.com/en-us/-/media/ensinger/files/document-teaser-files/brochures/shapes/engineering-plastics-manual-english.ashx,"Page 89, Material standard values, column 4 (TECAFORM AH SAN), row Tensile strength",67,MPa,2
obs-18b528762e5dd2b6839f,tecaform-ah-san,,tensile_yield_strength,point,69000000.0,,,Pa,typical,"{""product_form"": ""stock_shape""}",DIN EN ISO 527-2,https://www.ensingerplastics.com/en-us/-/media/ensinger/files/document-teaser-files/brochures/shapes/engineering-plastics-manual-english.ashx,"Page 89, Material standard values, column 4 (TECAFORM AH SAN), row Tensile strength at yield",69,MPa,2
obs-0fdaa99800ee4fd8f2f6,tecaform-ah-san,,elongation_at_break,point,0.18,,,1,typical,"{""product_form"": ""stock_shape""}",DIN EN ISO 527-2,https://www.ensingerplastics.com/en-us/-/media/ensinger/files/document-teaser-files/brochures/shapes/engineering-plastics-manual-english.ashx,"Page 89, Material standard values, column 4 (TECAFORM AH SAN), row Elongation at break",18,%,2
obs-3bca807038640d357a10,tecaform-ah-san,,thermal_conductivity,point,0.39,,,W/(m*K),typical,"{""product_form"": ""stock_shape""}",ISO 22007-4:2008,https://www.ensingerplastics.com/en-us/-/media/ensinger/files/document-teaser-files/brochures/shapes/engineering-plastics-manual-english.ashx,"Page 89, Material standard values, column 4 (TECAFORM AH SAN), row Thermal conductivity",0.39,W/(m·K),2
obs-56d0b21011123df4d8a2,tecaform-ah-san,,flexural_strength,point,93000000.0,,,Pa,typical,"{""product_form"": ""stock_shape""}",DIN EN ISO 178,https://www.ensingerplastics.com/en-us/-/media/ensinger/files/document-teaser-files/brochures/shapes/engineering-plastics-manual-english.ashx,"Page 89, Material standard values, column 4 (TECAFORM AH SAN), row Flexural strength",93,MPa,2
obs-d39e015b605c27408975,tecaform-ah-mt-coloured,,density,point,1410.0,,,kg/m^3,typical,"{""product_form"": ""stock_shape""}",DIN EN ISO 1183,https://www.ensingerplastics.com/en-us/-/media/ensinger/files/document-teaser-files/brochures/shapes/engineering-plastics-manual-english.ashx,"Page 89, Material standard values, column 5 (TECAFORM AH MT coloured), row Density",1.41,g/cm³,3
obs-3cdb1c0a7703a2c78f18,tecaform-ah-mt-coloured,,youngs_modulus,point,2800000000.0,,,Pa,typical,"{""product_form"": ""stock_shape""}",DIN EN ISO 527-2,https://www.ensingerplastics.com/en-us/-/media/ensinger/files/document-teaser-files/brochures/shapes/engineering-plastics-manual-english.ashx,"Page 89, Material standard values, column 5 (TECAFORM AH MT coloured), row Modulus of elasticity (tensile test)","2,800",MPa,4
obs-67b6f89cd1fce0d7c0ac,tecaform-ah-mt-coloured,,ultimate_tensile_strength,point,69000000.0,,,Pa,typical,"{""product_form"": ""stock_shape""}",DIN EN ISO 527-2,https://www.ensingerplastics.com/en-us/-/media/ensinger/files/document-teaser-files/brochures/shapes/engineering-plastics-manual-english.ashx,"Page 89, Material standard values, column 5 (TECAFORM AH MT coloured), row Tensile strength",69,MPa,2
obs-c9124cb115bf82a158c2,tecaform-ah-mt-coloured,,tensile_yield_strength,point,70000000.0,,,Pa,typical,"{""product_form"": ""stock_shape""}",DIN EN ISO 527-2,https://www.ensingerplastics.com/en-us/-/media/ensinger/files/document-teaser-files/brochures/shapes/engineering-plastics-manual-english.ashx,"Page 89, Material standard values, column 5 (TECAFORM AH MT coloured), row Tensile strength at yield",70,MPa,2
obs-9f507e9f1b6df90d61e3,tecaform-ah-mt-coloured,,elongation_at_break,point,0.3,,,1,typical,"{""product_form"": ""stock_shape""}",DIN EN ISO 527-2,https://www.ensingerplastics.com/en-us/-/media/ensinger/files/document-teaser-files/brochures/shapes/engineering-plastics-manual-english.ashx,"Page 89, Material standard values, column 5 (TECAFORM AH MT coloured), row Elongation at break",30,%,2
obs-fde502557626defbf2b8,tecaform-ah-mt-coloured,,thermal_conductivity,point,0.39,,,W/(m*K),typical,"{""product_form"": ""stock_shape""}",ISO 22007-4:2008,https://www.ensingerplastics.com/en-us/-/media/ensinger/files/document-teaser-files/brochures/shapes/engineering-plastics-manual-english.ashx,"Page 89, Material standard values, column 5 (TECAFORM AH MT coloured), row Thermal conductivity",0.39,W/(m·K),2
obs-4a246300fce77f083682,tecaform-ah-mt-coloured,,flexural_strength,point,94000000.0,,,Pa,typical,"{""product_form"": ""stock_shape""}",DIN EN ISO 178,https://www.ensingerplastics.com/en-us/-/media/ensinger/files/document-teaser-files/brochures/shapes/engineering-plastics-manual-english.ashx,"Page 89, Material standard values, column 5 (TECAFORM AH MT coloured), row Flexural strength",94,MPa,2
obs-6e0582a0ff4dd1abc7d5,tecaform-ad,,density,point,1430.0,,,kg/m^3,typical,"{""product_form"": ""stock_shape""}",DIN EN ISO 1183,https://www.ensingerplastics.com/en-us/-/media/ensinger/files/document-teaser-files/brochures/shapes/engineering-plastics-manual-english.ashx,"Page 89, Material standard values, column 6 (TECAFORM AD), row Density",1.43,g/cm³,3
obs-4dda6f1a13a68bd43f7f,tecaform-ad,,youngs_modulus,point,3400000000.0,,,Pa,typical,"{""product_form"": ""stock_shape""}",DIN EN ISO 527-2,https://www.ensingerplastics.com/en-us/-/media/ensinger/files/document-teaser-files/brochures/shapes/engineering-plastics-manual-english.ashx,"Page 89, Material standard values, column 6 (TECAFORM AD), row Modulus of elasticity (tensile test)","3,400",MPa,4
obs-8b22aeec54e6e001bed3,tecaform-ad,,ultimate_tensile_strength,point,79000000.0,,,Pa,typical,"{""product_form"": ""stock_shape""}",DIN EN ISO 527-2,https://www.ensingerplastics.com/en-us/-/media/ensinger/files/document-teaser-files/brochures/shapes/engineering-plastics-manual-english.ashx,"Page 89, Material standard values, column 6 (TECAFORM AD), row Tensile strength",79,MPa,2
obs-17fd02de19eee8d50249,tecaform-ad,,tensile_yield_strength,point,79000000.0,,,Pa,typical,"{""product_form"": ""stock_shape""}",DIN EN ISO 527-2,https://www.ensingerplastics.com/en-us/-/media/ensinger/files/document-teaser-files/brochures/shapes/engineering-plastics-manual-english.ashx,"Page 89, Material standard values, column 6 (TECAFORM AD), row Tensile strength at yield",79,MPa,2
obs-d36ff9faba1e0f8d2d0f,tecaform-ad,,elongation_at_break,point,0.45,,,1,typical,"{""product_form"": ""stock_shape""}",DIN EN ISO 527-2,https://www.ensingerplastics.com/en-us/-/media/ensinger/files/document-teaser-files/brochures/shapes/engineering-plastics-manual-english.ashx,"Page 89, Material standard values, column 6 (TECAFORM AD), row Elongation at break",45,%,2
obs-637e77f4a7bfccec9b29,tecaform-ad,,thermal_conductivity,point,0.43,,,W/(m*K),typical,"{""product_form"": ""stock_shape""}",ISO 22007-4:2008,https://www.ensingerplastics.com/en-us/-/media/ensinger/files/document-teaser-files/brochures/shapes/engineering-plastics-manual-english.ashx,"Page 89, Material standard values, column 6 (TECAFORM AD), row Thermal conductivity",0.43,W/(m·K),2
obs-fde8962f24aa11aff552,tecaform-ad,,flexural_strength,point,106000000.0,,,Pa,typical,"{""product_form"": ""stock_shape""}",DIN EN ISO 178,https://www.ensingerplastics.com/en-us/-/media/ensinger/files/document-teaser-files/brochures/shapes/engineering-plastics-manual-english.ashx,"Page 89, Material standard values, column 6 (TECAFORM AD), row Flexural strength",106,MPa,3
obs-e2d17763bb3d7709ddc1,tecaform-ad-af,,density,point,1490.0,,,kg/m^3,typical,"{""product_form"": ""stock_shape""}",DIN EN ISO 1183,https://www.ensingerplastics.com/en-us/-/media/ensinger/files/document-teaser-files/brochures/shapes/engineering-plastics-manual-english.ashx,"Page 89, Material standard values, column 8 (TECAFORM AD AF), row Density",1.49,g/cm³,3
obs-61ffc8b41e9bce9de2a3,tecaform-ad-af,,youngs_modulus,point,3000000000.0,,,Pa,typical,"{""product_form"": ""stock_shape""}",DIN EN ISO 527-2,https://www.ensingerplastics.com/en-us/-/media/ensinger/files/document-teaser-files/brochures/shapes/engineering-plastics-manual-english.ashx,"Page 89, Material standard values, column 8 (TECAFORM AD AF), row Modulus of elasticity (tensile test)","3,000",MPa,4
obs-914d37e7d9757aeb1424,tecaform-ad-af,,ultimate_tensile_strength,point,53000000.0,,,Pa,typical,"{""product_form"": ""stock_shape""}",DIN EN ISO 527-2,https://www.ensingerplastics.com/en-us/-/media/ensinger/files/document-teaser-files/brochures/shapes/engineering-plastics-manual-english.ashx,"Page 89, Material standard values, column 8 (TECAFORM AD AF), row Tensile strength",53,MPa,2
obs-b8790e2f8069d597afb8,tecaform-ad-af,,tensile_yield_strength,point,53000000.0,,,Pa,typical,"{""product_form"": ""stock_shape""}",DIN EN ISO 527-2,https://www.ensingerplastics.com/en-us/-/media/ensinger/files/document-teaser-files/brochures/shapes/engineering-plastics-manual-english.ashx,"Page 89, Material standard values, column 8 (TECAFORM AD AF), row Tensile strength at yield",53,MPa,2
obs-8ccdd108025b65bc97c9,tecaform-ad-af,,elongation_at_break,point,0.08,,,1,typical,"{""product_form"": ""stock_shape""}",DIN EN ISO 527-2,https://www.ensingerplastics.com/en-us/-/media/ensinger/files/document-teaser-files/brochures/shapes/engineering-plastics-manual-english.ashx,"Page 89, Material standard values, column 8 (TECAFORM AD AF), row Elongation at break",8,%,1
obs-233bb92fcedb573ae0ab,tecaform-ad-af,,thermal_conductivity,point,0.46,,,W/(m*K),typical,"{""product_form"": ""stock_shape""}",ISO 22007-4:2008,https://www.ensingerplastics.com/en-us/-/media/ensinger/files/document-teaser-files/brochures/shapes/engineering-plastics-manual-english.ashx,"Page 89, Material standard values, column 8 (TECAFORM AD AF), row Thermal conductivity",0.46,W/(m·K),2
obs-b476d43524d2653fe8a2,tecaform-ad-af,,flexural_strength,point,85000000.0,,,Pa,typical,"{""product_form"": ""stock_shape""}",DIN EN ISO 178,https://www.ensingerplastics.com/en-us/-/media/ensinger/files/document-teaser-files/brochures/shapes/engineering-plastics-manual-english.ashx,"Page 89, Material standard values, column 8 (TECAFORM AD AF), row Flexural strength",85,MPa,2
obs-f59a090f86d93883757f,tecast-t,,density,point,1150.0,,,kg/m^3,typical,"{""product_form"": ""stock_shape""}",DIN EN ISO 1183,https://www.ensingerplastics.com/en-us/-/media/ensinger/files/document-teaser-files/brochures/shapes/engineering-plastics-manual-english.ashx,"Page 89, Material standard values, column 9 (TECAST T), row Density",1.15,g/cm³,3
obs-1fdc16198133daacd086,tecast-t,,youngs_modulus,point,3500000000.0,,,Pa,typical,"{""product_form"": ""stock_shape""}",DIN EN ISO 527-2,https://www.ensingerplastics.com/en-us/-/media/ensinger/files/document-teaser-files/brochures/shapes/engineering-plastics-manual-english.ashx,"Page 89, Material standard values, column 9 (TECAST T), row Modulus of elasticity (tensile test)","3,500",MPa,4
obs-0e2f95319cf8f8d524ab,tecast-t,,ultimate_tensile_strength,point,83000000.0,,,Pa,typical,"{""product_form"": ""stock_shape""}",DIN EN ISO 527-2,https://www.ensingerplastics.com/en-us/-/media/ensinger/files/document-teaser-files/brochures/shapes/engineering-plastics-manual-english.ashx,"Page 89, Material standard values, column 9 (TECAST T), row Tensile strength",83,MPa,2
obs-d2e538e1065c5f2c1207,tecast-t,,tensile_yield_strength,point,80000000.0,,,Pa,typical,"{""product_form"": ""stock_shape""}",DIN EN ISO 527-2,https://www.ensingerplastics.com/en-us/-/media/ensinger/files/document-teaser-files/brochures/shapes/engineering-plastics-manual-english.ashx,"Page 89, Material standard values, column 9 (TECAST T), row Tensile strength at yield",80,MPa,2
obs-7e00062653adb48f4207,tecast-t,,elongation_at_break,point,0.55,,,1,typical,"{""product_form"": ""stock_shape""}",DIN EN ISO 527-2,https://www.ensingerplastics.com/en-us/-/media/ensinger/files/document-teaser-files/brochures/shapes/engineering-plastics-manual-english.ashx,"Page 89, Material standard values, column 9 (TECAST T), row Elongation at break",55,%,2
obs-549f7d7c86706da11960,tecast-t,,thermal_conductivity,point,0.38,,,W/(m*K),typical,"{""product_form"": ""stock_shape""}",ISO 22007-4:2008,https://www.ensingerplastics.com/en-us/-/media/ensinger/files/document-teaser-files/brochures/shapes/engineering-plastics-manual-english.ashx,"Page 89, Material standard values, column 9 (TECAST T), row Thermal conductivity",0.38,W/(m·K),2
obs-899f44a69688a929f002,tecast-t,,flexural_strength,point,109000000.0,,,Pa,typical,"{""product_form"": ""stock_shape""}",DIN EN ISO 178,https://www.ensingerplastics.com/en-us/-/media/ensinger/files/document-teaser-files/brochures/shapes/engineering-plastics-manual-english.ashx,"Page 89, Material standard values, column 9 (TECAST T), row Flexural strength",109,MPa,3
obs-3f068642106857616efa,tecast-tm,,density,point,1150.0,,,kg/m^3,typical,"{""product_form"": ""stock_shape""}",DIN EN ISO 1183,https://www.ensingerplastics.com/en-us/-/media/ensinger/files/document-teaser-files/brochures/shapes/engineering-plastics-manual-english.ashx,"Page 89, Material standard values, column 10 (TECAST TM), row Density",1.15,g/cm³,3
obs-0c2cfde12b73a84c4f49,tecast-tm,,youngs_modulus,point,3200000000.0,,,Pa,typical,"{""product_form"": ""stock_shape""}",DIN EN ISO 527-2,https://www.ensingerplastics.com/en-us/-/media/ensinger/files/document-teaser-files/brochures/shapes/engineering-plastics-manual-english.ashx,"Page 89, Material standard values, column 10 (TECAST TM), row Modulus of elasticity (tensile test)","3,200",MPa,4
obs-aff51a0c9614767cd388,tecast-tm,,ultimate_tensile_strength,point,82000000.0,,,Pa,typical,"{""product_form"": ""stock_shape""}",DIN EN ISO 527-2,https://www.ensingerplastics.com/en-us/-/media/ensinger/files/document-teaser-files/brochures/shapes/engineering-plastics-manual-english.ashx,"Page 89, Material standard values, column 10 (TECAST TM), row Tensile strength",82,MPa,2
obs-bf1e6d304ee7c7cea8af,tecast-tm,,tensile_yield_strength,point,80000000.0,,,Pa,typical,"{""product_form"": ""stock_shape""}",DIN EN ISO 527-2,https://www.ensingerplastics.com/en-us/-/media/ensinger/files/document-teaser-files/brochures/shapes/engineering-plastics-manual-english.ashx,"Page 89, Material standard values, column 10 (TECAST TM), row Tensile strength at yield",80,MPa,2
obs-631bf34efcdc0f4f75f2,tecast-tm,,elongation_at_break,point,0.55,,,1,typical,"{""product_form"": ""stock_shape""}",DIN EN ISO 527-2,https://www.ensingerplastics.com/en-us/-/media/ensinger/files/document-teaser-files/brochures/shapes/engineering-plastics-manual-english.ashx,"Page 89, Material standard values, column 10 (TECAST TM), row Elongation at break",55,%,2
obs-e6e2c658242fb87ac693,tecast-tm,,thermal_conductivity,point,0.33,,,W/(m*K),typical,"{""product_form"": ""stock_shape""}",ISO 22007-4:2008,https://www.ensingerplastics.com/en-us/-/media/ensinger/files/document-teaser-files/brochures/shapes/engineering-plastics-manual-english.ashx,"Page 89, Material standard values, column 10 (TECAST TM), row Thermal conductivity",0.33,W/(m·K),2
obs-b795cc82ec5852eccfa3,tecast-tm,,flexural_strength,point,102000000.0,,,Pa,typical,"{""product_form"": ""stock_shape""}",DIN EN ISO 178,https://www.ensingerplastics.com/en-us/-/media/ensinger/files/document-teaser-files/brochures/shapes/engineering-plastics-manual-english.ashx,"Page 89, Material standard values, column 10 (TECAST TM), row Flexural strength",102,MPa,3
obs-a66ed47cd85f83419ea2,tecast-l-black,,density,point,1130.0,,,kg/m^3,typical,"{""product_form"": ""stock_shape""}",DIN EN ISO 1183,https://www.ensingerplastics.com/en-us/-/media/ensinger/files/document-teaser-files/brochures/shapes/engineering-plastics-manual-english.ashx,"Page 90, Material standard values, column 1 (TECAST L black), row Density",1.13,g/cm³,3
obs-892cafc15530f29c472c,tecast-l-black,,youngs_modulus,point,2900000000.0,,,Pa,typical,"{""product_form"": ""stock_shape""}",DIN EN ISO 527-2,https://www.ensingerplastics.com/en-us/-/media/ensinger/files/document-teaser-files/brochures/shapes/engineering-plastics-manual-english.ashx,"Page 90, Material standard values, column 1 (TECAST L black), row Modulus of elasticity (tensile test)","2,900",MPa,4
obs-474958aec46ebb10bade,tecast-l-black,,ultimate_tensile_strength,point,69000000.0,,,Pa,typical,"{""product_form"": ""stock_shape""}",DIN EN ISO 527-2,https://www.ensingerplastics.com/en-us/-/media/ensinger/files/document-teaser-files/brochures/shapes/engineering-plastics-manual-english.ashx,"Page 90, Material standard values, column 1 (TECAST L black), row Tensile strength",69,MPa,2
obs-9a43609d8d6fa934ecf3,tecast-l-black,,tensile_yield_strength,point,66000000.0,,,Pa,typical,"{""product_form"": ""stock_shape""}",DIN EN ISO 527-2,https://www.ensingerplastics.com/en-us/-/media/ensinger/files/document-teaser-files/brochures/shapes/engineering-plastics-manual-english.ashx,"Page 90, Material standard values, column 1 (TECAST L black), row Tensile strength at yield",66,MPa,2
obs-c22273f7a88cd8e088f9,tecast-l-black,,elongation_at_break,point,0.5,,,1,typical,"{""product_form"": ""stock_shape""}",DIN EN ISO 527-2,https://www.ensingerplastics.com/en-us/-/media/ensinger/files/document-teaser-files/brochures/shapes/engineering-plastics-manual-english.ashx,"Page 90, Material standard values, column 1 (TECAST L black), row Elongation at break",50,%,2
obs-33abbcbdbc5b19f36044,tecast-l-black,,thermal_conductivity,point,0.37,,,W/(m*K),typical,"{""product_form"": ""stock_shape""}",ISO 22007-4:2008,https://www.ensingerplastics.com/en-us/-/media/ensinger/files/document-teaser-files/brochures/shapes/engineering-plastics-manual-english.ashx,"Page 90, Material standard values, column 1 (TECAST L black), row Thermal conductivity",0.37,W/(m·K),2
obs-d4bb9f37dc1e943e3565,tecast-l-black,,flexural_strength,point,95000000.0,,,Pa,typical,"{""product_form"": ""stock_shape""}",DIN EN ISO 178,https://www.ensingerplastics.com/en-us/-/media/ensinger/files/document-teaser-files/brochures/shapes/engineering-plastics-manual-english.ashx,"Page 90, Material standard values, column 1 (TECAST L black), row Flexural strength",95,MPa,2
obs-4f49c80ca3f9487765b6,tecaglide-green,,density,point,1130.0,,,kg/m^3,typical,"{""product_form"": ""stock_shape""}",DIN EN ISO 1183,https://www.ensingerplastics.com/en-us/-/media/ensinger/files/document-teaser-files/brochures/shapes/engineering-plastics-manual-english.ashx,"Page 90, Material standard values, column 4 (TECAGLIDE green), row Density",1.13,g/cm³,3
obs-326f2fcf7b033f77e5e1,tecaglide-green,,youngs_modulus,point,3200000000.0,,,Pa,typical,"{""product_form"": ""stock_shape""}",DIN EN ISO 527-2,https://www.ensingerplastics.com/en-us/-/media/ensinger/files/document-teaser-files/brochures/shapes/engineering-plastics-manual-english.ashx,"Page 90, Material standard values, column 4 (TECAGLIDE green), row Modulus of elasticity (tensile test)","3,200",MPa,4
obs-226e207157851b3d7fd4,tecaglide-green,,ultimate_tensile_strength,point,76000000.0,,,Pa,typical,"{""product_form"": ""stock_shape""}",DIN EN ISO 527-2,https://www.ensingerplastics.com/en-us/-/media/ensinger/files/document-teaser-files/brochures/shapes/engineering-plastics-manual-english.ashx,"Page 90, Material standard values, column 4 (TECAGLIDE green), row Tensile strength",76,MPa,2
obs-91e1589defef7c7240eb,tecaglide-green,,tensile_yield_strength,point,76000000.0,,,Pa,typical,"{""product_form"": ""stock_shape""}",DIN EN ISO 527-2,https://www.ensingerplastics.com/en-us/-/media/ensinger/files/document-teaser-files/brochures/shapes/engineering-plastics-manual-english.ashx,"Page 90, Material standard values, column 4 (TECAGLIDE green), row Tensile strength at yield",76,MPa,2
obs-00ea0ac160500a405e19,tecaglide-green,,elongation_at_break,point,0.18,,,1,typical,"{""product_form"": ""stock_shape""}",DIN EN ISO 527-2,https://www.ensingerplastics.com/en-us/-/media/ensinger/files/document-teaser-files/brochures/shapes/engineering-plastics-manual-english.ashx,"Page 90, Material standard values, column 4 (TECAGLIDE green), row Elongation at break",18,%,2
obs-16bb196ae7d1e5e52c45,tecaglide-green,,thermal_conductivity,point,0.38,,,W/(m*K),typical,"{""product_form"": ""stock_shape""}",ISO 22007-4:2008,https://www.ensingerplastics.com/en-us/-/media/ensinger/files/document-teaser-files/brochures/shapes/engineering-plastics-manual-english.ashx,"Page 90, Material standard values, column 4 (TECAGLIDE green), row Thermal conductivity",0.38,W/(m·K),2
obs-8f483305f31002e51987,tecaglide-green,,flexural_strength,point,103000000.0,,,Pa,typical,"{""product_form"": ""stock_shape""}",DIN EN ISO 178,https://www.ensingerplastics.com/en-us/-/media/ensinger/files/document-teaser-files/brochures/shapes/engineering-plastics-manual-english.ashx,"Page 90, Material standard values, column 4 (TECAGLIDE green), row Flexural strength",103,MPa,3
obs-cc5819f7b17e16685e0f,tecarim-1500-yellow,,density,point,1110.0,,,kg/m^3,typical,"{""product_form"": ""stock_shape""}",DIN EN ISO 1183,https://www.ensingerplastics.com/en-us/-/media/ensinger/files/document-teaser-files/brochures/shapes/engineering-plastics-manual-english.ashx,"Page 90, Material standard values, column 5 (TECARIM 1500 yellow), row Density",1.11,g/cm³,3
obs-3ce153b0e3e2eacdd4fc,tecarim-1500-yellow,,youngs_modulus,point,2200000000.0,,,Pa,typical,"{""product_form"": ""stock_shape""}",DIN EN ISO 527-2,https://www.ensingerplastics.com/en-us/-/media/ensinger/files/document-teaser-files/brochures/shapes/engineering-plastics-manual-english.ashx,"Page 90, Material standard values, column 5 (TECARIM 1500 yellow), row Modulus of elasticity (tensile test)","2,200",MPa,4
obs-a6c262d4fa38102f58e8,tecarim-1500-yellow,,ultimate_tensile_strength,point,53000000.0,,,Pa,typical,"{""product_form"": ""stock_shape""}",DIN EN ISO 527-2,https://www.ensingerplastics.com/en-us/-/media/ensinger/files/document-teaser-files/brochures/shapes/engineering-plastics-manual-english.ashx,"Page 90, Material standard values, column 5 (TECARIM 1500 yellow), row Tensile strength",53,MPa,2
obs-e2589da08e3d7080ba06,tecarim-1500-yellow,,tensile_yield_strength,point,53000000.0,,,Pa,typical,"{""product_form"": ""stock_shape""}",DIN EN ISO 527-2,https://www.ensingerplastics.com/en-us/-/media/ensinger/files/document-teaser-files/brochures/shapes/engineering-plastics-manual-english.ashx,"Page 90, Material standard values, column 5 (TECARIM 1500 yellow), row Tensile strength at yield",53,MPa,2
obs-1b8f4eb679473c0cc691,tecarim-1500-yellow,,elongation_at_break,point,0.58,,,1,typical,"{""product_form"": ""stock_shape""}",DIN EN ISO 527-2,https://www.ensingerplastics.com/en-us/-/media/ensinger/files/document-teaser-files/brochures/shapes/engineering-plastics-manual-english.ashx,"Page 90, Material standard values, column 5 (TECARIM 1500 yellow), row Elongation at break",58,%,2
obs-9b9d8d4853aba3ed7a3b,tecarim-1500-yellow,,thermal_conductivity,point,0.32,,,W/(m*K),typical,"{""product_form"": ""stock_shape""}",ISO 22007-4:2008,https://www.ensingerplastics.com/en-us/-/media/ensinger/files/document-teaser-files/brochures/shapes/engineering-plastics-manual-english.ashx,"Page 90, Material standard values, column 5 (TECARIM 1500 yellow), row Thermal conductivity",0.32,W/(m·K),2
obs-d08b81021997692ead49,tecarim-1500-yellow,,flexural_strength,point,73000000.0,,,Pa,typical,"{""product_form"": ""stock_shape""}",DIN EN ISO 178,https://www.ensingerplastics.com/en-us/-/media/ensinger/files/document-teaser-files/brochures/shapes/engineering-plastics-manual-english.ashx,"Page 90, Material standard values, column 5 (TECARIM 1500 yellow), row Flexural strength",73,MPa,2
obs-9675e7ca62ff43eef11e,tecamid-6,,density,point,1140.0,,,kg/m^3,typical,"{""product_form"": ""stock_shape""}",DIN EN ISO 1183,https://www.ensingerplastics.com/en-us/-/media/ensinger/files/document-teaser-files/brochures/shapes/engineering-plastics-manual-english.ashx,"Page 90, Material standard values, column 6 (TECAMID 6), row Density",1.14,g/cm³,3
obs-99293a3bdd90b60beddd,tecamid-6,,youngs_modulus,point,3300000000.0,,,Pa,typical,"{""product_form"": ""stock_shape""}",DIN EN ISO 527-2,https://www.ensingerplastics.com/en-us/-/media/ensinger/files/document-teaser-files/brochures/shapes/engineering-plastics-manual-english.ashx,"Page 90, Material standard values, column 6 (TECAMID 6), row Modulus of elasticity (tensile test)","3,300",MPa,4
obs-16f8ab6b0e1f4ae9d56c,tecamid-6,,ultimate_tensile_strength,point,79000000.0,,,Pa,typical,"{""product_form"": ""stock_shape""}",DIN EN ISO 527-2,https://www.ensingerplastics.com/en-us/-/media/ensinger/files/document-teaser-files/brochures/shapes/engineering-plastics-manual-english.ashx,"Page 90, Material standard values, column 6 (TECAMID 6), row Tensile strength",79,MPa,2
obs-5ff8f4e4e82c086cf32c,tecamid-6,,tensile_yield_strength,point,78000000.0,,,Pa,typical,"{""product_form"": ""stock_shape""}",DIN EN ISO 527-2,https://www.ensingerplastics.com/en-us/-/media/ensinger/files/document-teaser-files/brochures/shapes/engineering-plastics-manual-english.ashx,"Page 90, Material standard values, column 6 (TECAMID 6), row Tensile strength at yield",78,MPa,2
obs-bb0d1ea3881a307a5fe5,tecamid-6,,elongation_at_break,point,1.3,,,1,typical,"{""product_form"": ""stock_shape""}",DIN EN ISO 527-2,https://www.ensingerplastics.com/en-us/-/media/ensinger/files/document-teaser-files/brochures/shapes/engineering-plastics-manual-english.ashx,"Page 90, Material standard values, column 6 (TECAMID 6), row Elongation at break",130,%,3
obs-1fa6d2600547d54309fc,tecamid-6,,thermal_conductivity,point,0.37,,,W/(m*K),typical,"{""product_form"": ""stock_shape""}",ISO 22007-4:2008,https://www.ensingerplastics.com/en-us/-/media/ensinger/files/document-teaser-files/brochures/shapes/engineering-plastics-manual-english.ashx,"Page 90, Material standard values, column 6 (TECAMID 6), row Thermal conductivity",0.37,W/(m·K),2
obs-3205e67731e150579dca,tecamid-6,,flexural_strength,point,100000000.0,,,Pa,typical,"{""product_form"": ""stock_shape""}",DIN EN ISO 178,https://www.ensingerplastics.com/en-us/-/media/ensinger/files/document-teaser-files/brochures/shapes/engineering-plastics-manual-english.ashx,"Page 90, Material standard values, column 6 (TECAMID 6), row Flexural strength",100,MPa,3
obs-6107ee9d6bacd874379a,tecam-6-mo-black,,density,point,1140.0,,,kg/m^3,typical,"{""product_form"": ""stock_shape""}",DIN EN ISO 1183,https://www.ensingerplastics.com/en-us/-/media/ensinger/files/document-teaser-files/brochures/shapes/engineering-plastics-manual-english.ashx,"Page 90, Material standard values, column 7 (TECAM 6 MO black), row Density",1.14,g/cm³,3
obs-072f9c1375510562f6ab,tecam-6-mo-black,,youngs_modulus,point,3300000000.0,,,Pa,typical,"{""product_form"": ""stock_shape""}",DIN EN ISO 527-2,https://www.ensingerplastics.com/en-us/-/media/ensinger/files/document-teaser-files/brochures/shapes/engineering-plastics-manual-english.ashx,"Page 90, Material standard values, column 7 (TECAM 6 MO black), row Modulus of elasticity (tensile test)","3,300",MPa,4
obs-d4e85ac1edba1b93fe5e,tecam-6-mo-black,,ultimate_tensile_strength,point,84000000.0,,,Pa,typical,"{""product_form"": ""stock_shape""}",DIN EN ISO 527-2,https://www.ensingerplastics.com/en-us/-/media/ensinger/files/document-teaser-files/brochures/shapes/engineering-plastics-manual-english.ashx,"Page 90, Material standard values, column 7 (TECAM 6 MO black), row Tensile strength",84,MPa,2
obs-4dc128e4f2e854dbf2fd,tecam-6-mo-black,,tensile_yield_strength,point,82000000.0,,,Pa,typical,"{""product_form"": ""stock_shape""}",DIN EN ISO 527-2,https://www.ensingerplastics.com/en-us/-/media/ensinger/files/document-teaser-files/brochures/shapes/engineering-plastics-manual-english.ashx,"Page 90, Material standard values, column 7 (TECAM 6 MO black), row Tensile strength at yield",82,MPa,2
obs-f7a41c796d816e1a1a18,tecam-6-mo-black,,elongation_at_break,point,0.37,,,1,typical,"{""product_form"": ""stock_shape""}",DIN EN ISO 527-2,https://www.ensingerplastics.com/en-us/-/media/ensinger/files/document-teaser-files/brochures/shapes/engineering-plastics-manual-english.ashx,"Page 90, Material standard values, column 7 (TECAM 6 MO black), row Elongation at break",37,%,2
obs-0ab0d4324856f6d0391b,tecam-6-mo-black,,thermal_conductivity,point,0.37,,,W/(m*K),typical,"{""product_form"": ""stock_shape""}",ISO 22007-4:2008,https://www.ensingerplastics.com/en-us/-/media/ensinger/files/document-teaser-files/brochures/shapes/engineering-plastics-manual-english.ashx,"Page 90, Material standard values, column 7 (TECAM 6 MO black), row Thermal conductivity",0.37,W/(m·K),2
obs-0028f618e03dd54d1897,tecam-6-mo-black,,flexural_strength,point,110000000.0,,,Pa,typical,"{""product_form"": ""stock_shape""}",DIN EN ISO 178,https://www.ensingerplastics.com/en-us/-/media/ensinger/files/document-teaser-files/brochures/shapes/engineering-plastics-manual-english.ashx,"Page 90, Material standard values, column 7 (TECAM 6 MO black), row Flexural strength",110,MPa,3
obs-a88029ade3d21394899a,tecamid-6-gf25,,density,point,1330.0,,,kg/m^3,typical,"{""product_form"": ""stock_shape""}",DIN EN ISO 1183,https://www.ensingerplastics.com/en-us/-/media/ensinger/files/document-teaser-files/brochures/shapes/engineering-plastics-manual-english.ashx,"Page 90, Material standard values, column 8 (TECAMID 6 GF25), row Density",1.33,g/cm³,3
obs-01c63eead4175fd642d5,tecamid-6-gf25,,youngs_modulus,point,5100000000.0,,,Pa,typical,"{""product_form"": ""stock_shape""}",DIN EN ISO 527-2,https://www.ensingerplastics.com/en-us/-/media/ensinger/files/document-teaser-files/brochures/shapes/engineering-plastics-manual-english.ashx,"Page 90, Material standard values, column 8 (TECAMID 6 GF25), row Modulus of elasticity (tensile test)","5,100",MPa,4
obs-ad3ae2c6fc9fd7c029fc,tecamid-6-gf25,,ultimate_tensile_strength,point,96000000.0,,,Pa,typical,"{""product_form"": ""stock_shape""}",DIN EN ISO 527-2,https://www.ensingerplastics.com/en-us/-/media/ensinger/files/document-teaser-files/brochures/shapes/engineering-plastics-manual-english.ashx,"Page 90, Material standard values, column 8 (TECAMID 6 GF25), row Tensile strength",96,MPa,2
obs-d27e13b59bd31d3a58f3,tecamid-6-gf25,,tensile_yield_strength,point,96000000.0,,,Pa,typical,"{""product_form"": ""stock_shape""}",DIN EN ISO 527-2,https://www.ensingerplastics.com/en-us/-/media/ensinger/files/document-teaser-files/brochures/shapes/engineering-plastics-manual-english.ashx,"Page 90, Material standard values, column 8 (TECAMID 6 GF25), row Tensile strength at yield",96,MPa,2
obs-3eb625b9da8482d477db,tecamid-6-gf25,,elongation_at_break,point,0.11,,,1,typical,"{""product_form"": ""stock_shape""}",DIN EN ISO 527-2,https://www.ensingerplastics.com/en-us/-/media/ensinger/files/document-teaser-files/brochures/shapes/engineering-plastics-manual-english.ashx,"Page 90, Material standard values, column 8 (TECAMID 6 GF25), row Elongation at break",11,%,2
obs-cf7ea4234d8d500b1b6d,tecamid-6-gf25,,thermal_conductivity,point,0.4,,,W/(m*K),typical,"{""product_form"": ""stock_shape""}",ISO 22007-4:2008,https://www.ensingerplastics.com/en-us/-/media/ensinger/files/document-teaser-files/brochures/shapes/engineering-plastics-manual-english.ashx,"Page 90, Material standard values, column 8 (TECAMID 6 GF25), row Thermal conductivity",0.40,W/(m·K),2
obs-e602419d43e0ffb50a5f,tecamid-6-gf25,,flexural_strength,point,143000000.0,,,Pa,typical,"{""product_form"": ""stock_shape""}",DIN EN ISO 178,https://www.ensingerplastics.com/en-us/-/media/ensinger/files/document-teaser-files/brochures/shapes/engineering-plastics-manual-english.ashx,"Page 90, Material standard values, column 8 (TECAMID 6 GF25), row Flexural strength",143,MPa,3
obs-62e5c66d65b66f38a737,tecamid-6-gf30-black,,density,point,1360.0,,,kg/m^3,typical,"{""product_form"": ""stock_shape""}",DIN EN ISO 1183,https://www.ensingerplastics.com/en-us/-/media/ensinger/files/document-teaser-files/brochures/shapes/engineering-plastics-manual-english.ashx,"Page 90, Material standard values, column 9 (TECAMID 6 GF30 black), row Density",1.36,g/cm³,3
obs-c00d628e8792fce8db2f,tecamid-6-gf30-black,,youngs_modulus,point,5700000000.0,,,Pa,typical,"{""product_form"": ""stock_shape""}",DIN EN ISO 527-2,https://www.ensingerplastics.com/en-us/-/media/ensinger/files/document-teaser-files/brochures/shapes/engineering-plastics-manual-english.ashx,"Page 90, Material standard values, column 9 (TECAMID 6 GF30 black), row Modulus of elasticity (tensile test)","5,700",MPa,4
obs-097740cdcc9b9c2af286,tecamid-6-gf30-black,,ultimate_tensile_strength,point,98000000.0,,,Pa,typical,"{""product_form"": ""stock_shape""}",DIN EN ISO 527-2,https://www.ensingerplastics.com/en-us/-/media/ensinger/files/document-teaser-files/brochures/shapes/engineering-plastics-manual-english.ashx,"Page 90, Material standard values, column 9 (TECAMID 6 GF30 black), row Tensile strength",98,MPa,2
obs-f5e7df12803dd54dece2,tecamid-6-gf30-black,,tensile_yield_strength,point,98000000.0,,,Pa,typical,"{""product_form"": ""stock_shape""}",DIN EN ISO 527-2,https://www.ensingerplastics.com/en-us/-/media/ensinger/files/document-teaser-files/brochures/shapes/engineering-plastics-manual-english.ashx,"Page 90, Material standard values, column 9 (TECAMID 6 GF30 black), row Tensile strength at yield",98,MPa,2
obs-1a3661b56a866d7b6dc0,tecamid-6-gf30-black,,elongation_at_break,point,0.05,,,1,typical,"{""product_form"": ""stock_shape""}",DIN EN ISO 527-2,https://www.ensingerplastics.com/en-us/-/media/ensinger/files/document-teaser-files/brochures/shapes/engineering-plastics-manual-english.ashx,"Page 90, Material standard values, column 9 (TECAMID 6 GF30 black), row Elongation at break",5,%,1
obs-2d0bde33d13547f3b555,tecamid-6-gf30-black,,thermal_conductivity,point,0.41,,,W/(m*K),typical,"{""product_form"": ""stock_shape""}",ISO 22007-4:2008,https://www.ensingerplastics.com/en-us/-/media/ensinger/files/document-teaser-files/brochures/shapes/engineering-plastics-manual-english.ashx,"Page 90, Material standard values, column 9 (TECAMID 6 GF30 black), row Thermal conductivity",0.41,W/(m·K),2
obs-c0629e73b64052fcdc91,tecamid-6-gf30-black,,flexural_strength,point,140000000.0,,,Pa,typical,"{""product_form"": ""stock_shape""}",DIN EN ISO 178,https://www.ensingerplastics.com/en-us/-/media/ensinger/files/document-teaser-files/brochures/shapes/engineering-plastics-manual-english.ashx,"Page 90, Material standard values, column 9 (TECAMID 6 GF30 black), row Flexural strength",140,MPa,3
obs-aafba552a1ebae4d52f7,tecamid-66,,density,point,1150.0,,,kg/m^3,typical,"{""product_form"": ""stock_shape""}",DIN EN ISO 1183,https://www.ensingerplastics.com/en-us/-/media/ensinger/files/document-teaser-files/brochures/shapes/engineering-plastics-manual-english.ashx,"Page 90, Material standard values, column 10 (TECAMID 66), row Density",1.15,g/cm³,3
obs-1004089f7ae50d9e0188,tecamid-66,,youngs_modulus,point,3500000000.0,,,Pa,typical,"{""product_form"": ""stock_shape""}",DIN EN ISO 527-2,https://www.ensingerplastics.com/en-us/-/media/ensinger/files/document-teaser-files/brochures/shapes/engineering-plastics-manual-english.ashx,"Page 90, Material standard values, column 10 (TECAMID 66), row Modulus of elasticity (tensile test)","3,500",MPa,4
obs-ba0a0a22021ab6b28af9,tecamid-66,,ultimate_tensile_strength,point,85000000.0,,,Pa,typical,"{""product_form"": ""stock_shape""}",DIN EN ISO 527-2,https://www.ensingerplastics.com/en-us/-/media/ensinger/files/document-teaser-files/brochures/shapes/engineering-plastics-manual-english.ashx,"Page 90, Material standard values, column 10 (TECAMID 66), row Tensile strength",85,MPa,2
obs-5750ec0d50140680ad02,tecamid-66,,tensile_yield_strength,point,84000000.0,,,Pa,typical,"{""product_form"": ""stock_shape""}",DIN EN ISO 527-2,https://www.ensingerplastics.com/en-us/-/media/ensinger/files/document-teaser-files/brochures/shapes/engineering-plastics-manual-english.ashx,"Page 90, Material standard values, column 10 (TECAMID 66), row Tensile strength at yield",84,MPa,2
obs-0f14453a637ba2ea91be,tecamid-66,,elongation_at_break,point,0.7000000000000001,,,1,typical,"{""product_form"": ""stock_shape""}",DIN EN ISO 527-2,https://www.ensingerplastics.com/en-us/-/media/ensinger/files/document-teaser-files/brochures/shapes/engineering-plastics-manual-english.ashx,"Page 90, Material standard values, column 10 (TECAMID 66), row Elongation at break",70,%,2
obs-660f2f55fdc8baa006a8,tecamid-66,,thermal_conductivity,point,0.36,,,W/(m*K),typical,"{""product_form"": ""stock_shape""}",ISO 22007-4:2008,https://www.ensingerplastics.com/en-us/-/media/ensinger/files/document-teaser-files/brochures/shapes/engineering-plastics-manual-english.ashx,"Page 90, Material standard values, column 10 (TECAMID 66), row Thermal conductivity",0.36,W/(m·K),2
obs-7c5f2e8e7406b8fa2361,tecamid-66,,flexural_strength,point,110000000.0,,,Pa,typical,"{""product_form"": ""stock_shape""}",DIN EN ISO 178,https://www.ensingerplastics.com/en-us/-/media/ensinger/files/document-teaser-files/brochures/shapes/engineering-plastics-manual-english.ashx,"Page 90, Material standard values, column 10 (TECAMID 66), row Flexural strength",110,MPa,3
obs-109ad5fa0f0db0401ed8,tecamid-66-mh,,density,point,1150.0,,,kg/m^3,typical,"{""product_form"": ""stock_shape""}",DIN EN ISO 1183,https://www.ensingerplastics.com/en-us/-/media/ensinger/files/document-teaser-files/brochures/shapes/engineering-plastics-manual-english.ashx,"Page 91, Material standard values, column 1 (TECAMID 66 MH), row Density",1.15,g/cm³,3
obs-088c53f73180c8830491,tecamid-66-mh,,youngs_modulus,point,3200000000.0,,,Pa,typical,"{""product_form"": ""stock_shape""}",DIN EN ISO 527-2,https://www.ensingerplastics.com/en-us/-/media/ensinger/files/document-teaser-files/brochures/shapes/engineering-plastics-manual-english.ashx,"Page 91, Material standard values, column 1 (TECAMID 66 MH), row Modulus of elasticity (tensile test)","3,200",MPa,4
obs-29b2928f03e0b9c21e05,tecamid-66-mh,,ultimate_tensile_strength,point,84000000.0,,,Pa,typical,"{""product_form"": ""stock_shape""}",DIN EN ISO 527-2,https://www.ensingerplastics.com/en-us/-/media/ensinger/files/document-teaser-files/brochures/shapes/engineering-plastics-manual-english.ashx,"Page 91, Material standard values, column 1 (TECAMID 66 MH), row Tensile strength",84,MPa,2
obs-bc417d351ec394c0d517,tecamid-66-mh,,tensile_yield_strength,point,83000000.0,,,Pa,typical,"{""product_form"": ""stock_shape""}",DIN EN ISO 527-2,https://www.ensingerplastics.com/en-us/-/media/ensinger/files/document-teaser-files/brochures/shapes/engineering-plastics-manual-english.ashx,"Page 91, Material standard values, column 1 (TECAMID 66 MH), row Tensile strength at yield",83,MPa,2
obs-62efe838a35812fbba5a,tecamid-66-mh,,elongation_at_break,point,0.4,,,1,typical,"{""product_form"": ""stock_shape""}",DIN EN ISO 527-2,https://www.ensingerplastics.com/en-us/-/media/ensinger/files/document-teaser-files/brochures/shapes/engineering-plastics-manual-english.ashx,"Page 91, Material standard values, column 1 (TECAMID 66 MH), row Elongation at break",40,%,2
obs-5a9c76a950191417aa29,tecamid-66-mh,,thermal_conductivity,point,0.36,,,W/(m*K),typical,"{""product_form"": ""stock_shape""}",ISO 22007-4:2008,https://www.ensingerplastics.com/en-us/-/media/ensinger/files/document-teaser-files/brochures/shapes/engineering-plastics-manual-english.ashx,"Page 91, Material standard values, column 1 (TECAMID 66 MH), row Thermal conductivity",0.36,W/(m·K),2
obs-9382a0a829fb29e137f5,tecamid-66-mh,,flexural_strength,point,114000000.0,,,Pa,typical,"{""product_form"": ""stock_shape""}",DIN EN ISO 178,https://www.ensingerplastics.com/en-us/-/media/ensinger/files/document-teaser-files/brochures/shapes/engineering-plastics-manual-english.ashx,"Page 91, Material standard values, column 1 (TECAMID 66 MH), row Flexural strength",114,MPa,3
obs-50c34d6fdc4537573496,tecamid-66-gf30-black,,density,point,1340.0,,,kg/m^3,typical,"{""product_form"": ""stock_shape""}",DIN EN ISO 1183,https://www.ensingerplastics.com/en-us/-/media/ensinger/files/document-teaser-files/brochures/shapes/engineering-plastics-manual-english.ashx,"Page 91, Material standard values, column 2 (TECAMID 66 GF30 black), row Density",1.34,g/cm³,3
obs-b98c3c9575d2cde4794e,tecamid-66-gf30-black,,youngs_modulus,point,5500000000.0,,,Pa,typical,"{""product_form"": ""stock_shape""}",DIN EN ISO 527-2,https://www.ensingerplastics.com/en-us/-/media/ensinger/files/document-teaser-files/brochures/shapes/engineering-plastics-manual-english.ashx,"Page 91, Material standard values, column 2 (TECAMID 66 GF30 black), row Modulus of elasticity (tensile test)","5,500",MPa,4
obs-4d991d68817bfa2028af,tecamid-66-gf30-black,,ultimate_tensile_strength,point,91000000.0,,,Pa,typical,"{""product_form"": ""stock_shape""}",DIN EN ISO 527-2,https://www.ensingerplastics.com/en-us/-/media/ensinger/files/document-teaser-files/brochures/shapes/engineering-plastics-manual-english.ashx,"Page 91, Material standard values, column 2 (TECAMID 66 GF30 black), row Tensile strength",91,MPa,2
obs-35fce41c4c6b0018e757,tecamid-66-gf30-black,,tensile_yield_strength,point,91000000.0,,,Pa,typical,"{""product_form"": ""stock_shape""}",DIN EN ISO 527-2,https://www.ensingerplastics.com/en-us/-/media/ensinger/files/document-teaser-files/brochures/shapes/engineering-plastics-manual-english.ashx,"Page 91, Material standard values, column 2 (TECAMID 66 GF30 black), row Tensile strength at yield",91,MPa,2
obs-9efbe4e2a797ddc021a3,tecamid-66-gf30-black,,elongation_at_break,point,0.14,,,1,typical,"{""product_form"": ""stock_shape""}",DIN EN ISO 527-2,https://www.ensingerplastics.com/en-us/-/media/ensinger/files/document-teaser-files/brochures/shapes/engineering-plastics-manual-english.ashx,"Page 91, Material standard values, column 2 (TECAMID 66 GF30 black), row Elongation at break",14,%,2
obs-220b49a33d2e907e98d2,tecamid-66-gf30-black,,thermal_conductivity,point,0.39,,,W/(m*K),typical,"{""product_form"": ""stock_shape""}",ISO 22007-4:2008,https://www.ensingerplastics.com/en-us/-/media/ensinger/files/document-teaser-files/brochures/shapes/engineering-plastics-manual-english.ashx,"Page 91, Material standard values, column 2 (TECAMID 66 GF30 black), row Thermal conductivity",0.39,W/(m·K),2
obs-0754bee98c727e35ae7a,tecamid-66-gf30-black,,flexural_strength,point,135000000.0,,,Pa,typical,"{""product_form"": ""stock_shape""}",DIN EN ISO 178,https://www.ensingerplastics.com/en-us/-/media/ensinger/files/document-teaser-files/brochures/shapes/engineering-plastics-manual-english.ashx,"Page 91, Material standard values, column 2 (TECAMID 66 GF30 black), row Flexural strength",135,MPa,3
obs-d9c0135d79b758e48775,tecamid-66-cf20-black,,density,point,1230.0,,,kg/m^3,typical,"{""product_form"": ""stock_shape""}",DIN EN ISO 1183,https://www.ensingerplastics.com/en-us/-/media/ensinger/files/document-teaser-files/brochures/shapes/engineering-plastics-manual-english.ashx,"Page 91, Material standard values, column 3 (TECAMID 66 CF20 black), row Density",1.23,g/cm³,3
obs-0318c6539ecda9016b53,tecamid-66-cf20-black,,youngs_modulus,point,5100000000.0,,,Pa,typical,"{""product_form"": ""stock_shape""}",DIN EN ISO 527-2,https://www.ensingerplastics.com/en-us/-/media/ensinger/files/document-teaser-files/brochures/shapes/engineering-plastics-manual-english.ashx,"Page 91, Material standard values, column 3 (TECAMID 66 CF20 black), row Modulus of elasticity (tensile test)","5,100",MPa,4
obs-e48da4b39b3d09726ff4,tecamid-66-cf20-black,,ultimate_tensile_strength,point,104000000.0,,,Pa,typical,"{""product_form"": ""stock_shape""}",DIN EN ISO 527-2,https://www.ensingerplastics.com/en-us/-/media/ensinger/files/document-teaser-files/brochures/shapes/engineering-plastics-manual-english.ashx,"Page 91, Material standard values, column 3 (TECAMID 66 CF20 black), row Tensile strength",104,MPa,3
obs-91738f21700f12f66503,tecamid-66-cf20-black,,tensile_yield_strength,point,104000000.0,,,Pa,typical,"{""product_form"": ""stock_shape""}",DIN EN ISO 527-2,https://www.ensingerplastics.com/en-us/-/media/ensinger/files/document-teaser-files/brochures/shapes/engineering-plastics-manual-english.ashx,"Page 91, Material standard values, column 3 (TECAMID 66 CF20 black), row Tensile strength at yield",104,MPa,3
obs-d3325f2234484ff91526,tecamid-66-cf20-black,,elongation_at_break,point,0.13,,,1,typical,"{""product_form"": ""stock_shape""}",DIN EN ISO 527-2,https://www.ensingerplastics.com/en-us/-/media/ensinger/files/document-teaser-files/brochures/shapes/engineering-plastics-manual-english.ashx,"Page 91, Material standard values, column 3 (TECAMID 66 CF20 black), row Elongation at break",13,%,2
obs-261acc703c641768b302,tecamid-66-cf20-black,,thermal_conductivity,point,0.72,,,W/(m*K),typical,"{""product_form"": ""stock_shape""}",ISO 22007-4:2008,https://www.ensingerplastics.com/en-us/-/media/ensinger/files/document-teaser-files/brochures/shapes/engineering-plastics-manual-english.ashx,"Page 91, Material standard values, column 3 (TECAMID 66 CF20 black), row Thermal conductivity",0.72,W/(m·K),2
obs-d8561e1e6c94e3e3e3f5,tecamid-66-cf20-black,,flexural_strength,point,135000000.0,,,Pa,typical,"{""product_form"": ""stock_shape""}",DIN EN ISO 178,https://www.ensingerplastics.com/en-us/-/media/ensinger/files/document-teaser-files/brochures/shapes/engineering-plastics-manual-english.ashx,"Page 91, Material standard values, column 3 (TECAMID 66 CF20 black), row Flexural strength",135,MPa,3
obs-818dc14c6da432c58914,tecamid-66-hi,,density,point,1150.0,,,kg/m^3,typical,"{""product_form"": ""stock_shape""}",DIN EN ISO 1183,https://www.ensingerplastics.com/en-us/-/media/ensinger/files/document-teaser-files/brochures/shapes/engineering-plastics-manual-english.ashx,"Page 91, Material standard values, column 4 (TECAMID 66 HI), row Density",1.15,g/cm³,3
obs-591ee53917541510ea3a,tecamid-66-hi,,youngs_modulus,point,3400000000.0,,,Pa,typical,"{""product_form"": ""stock_shape""}",DIN EN ISO 527-2,https://www.ensingerplastics.com/en-us/-/media/ensinger/files/document-teaser-files/brochures/shapes/engineering-plastics-manual-english.ashx,"Page 91, Material standard values, column 4 (TECAMID 66 HI), row Modulus of elasticity (tensile test)","3,400",MPa,4
obs-3817d1b3dbf0a21c6dea,tecamid-66-hi,,ultimate_tensile_strength,point,89000000.0,,,Pa,typical,"{""product_form"": ""stock_shape""}",DIN EN ISO 527-2,https://www.ensingerplastics.com/en-us/-/media/ensinger/files/document-teaser-files/brochures/shapes/engineering-plastics-manual-english.ashx,"Page 91, Material standard values, column 4 (TECAMID 66 HI), row Tensile strength",89,MPa,2
obs-a9c9f173fa131298263d,tecamid-66-hi,,tensile_yield_strength,point,72000000.0,,,Pa,typical,"{""product_form"": ""stock_shape""}",DIN EN ISO 527-2,https://www.ensingerplastics.com/en-us/-/media/ensinger/files/document-teaser-files/brochures/shapes/engineering-plastics-manual-english.ashx,"Page 91, Material standard values, column 4 (TECAMID 66 HI), row Tensile strength at yield",72,MPa,2
obs-1189d9b1b021457648e9,tecamid-66-hi,,elongation_at_break,point,0.25,,,1,typical,"{""product_form"": ""stock_shape""}",DIN EN ISO 527-2,https://www.ensingerplastics.com/en-us/-/media/ensinger/files/document-teaser-files/brochures/shapes/engineering-plastics-manual-english.ashx,"Page 91, Material standard values, column 4 (TECAMID 66 HI), row Elongation at break",25,%,2
obs-1140f46458a2441d07f7,tecamid-66-hi,,thermal_conductivity,point,0.36,,,W/(m*K),typical,"{""product_form"": ""stock_shape""}",ISO 22007-4:2008,https://www.ensingerplastics.com/en-us/-/media/ensinger/files/document-teaser-files/brochures/shapes/engineering-plastics-manual-english.ashx,"Page 91, Material standard values, column 4 (TECAMID 66 HI), row Thermal conductivity",0.36,W/(m·K),2
obs-e499ff8cd4471a9e900c,tecamid-66-hi,,flexural_strength,point,112000000.0,,,Pa,typical,"{""product_form"": ""stock_shape""}",DIN EN ISO 178,https://www.ensingerplastics.com/en-us/-/media/ensinger/files/document-teaser-files/brochures/shapes/engineering-plastics-manual-english.ashx,"Page 91, Material standard values, column 4 (TECAMID 66 HI), row Flexural strength",112,MPa,3
obs-134d2448602fc8d1ce03,tecamid-66-la,,density,point,1110.0,,,kg/m^3,typical,"{""product_form"": ""stock_shape""}",DIN EN ISO 1183,https://www.ensingerplastics.com/en-us/-/media/ensinger/files/document-teaser-files/brochures/shapes/engineering-plastics-manual-english.ashx,"Page 91, Material standard values, column 5 (TECAMID 66 LA), row Density",1.11,g/cm³,3
obs-e6841d4e061486354b9f,tecamid-66-la,,youngs_modulus,point,3100000000.0,,,Pa,typical,"{""product_form"": ""stock_shape""}",DIN EN ISO 527-2,https://www.ensingerplastics.com/en-us/-/media/ensinger/files/document-teaser-files/brochures/shapes/engineering-plastics-manual-english.ashx,"Page 91, Material standard values, column 5 (TECAMID 66 LA), row Modulus of elasticity (tensile test)","3,100",MPa,4
obs-73546f7b0989c3d83813,tecamid-66-la,,ultimate_tensile_strength,point,76000000.0,,,Pa,typical,"{""product_form"": ""stock_shape""}",DIN EN ISO 527-2,https://www.ensingerplastics.com/en-us/-/media/ensinger/files/document-teaser-files/brochures/shapes/engineering-plastics-manual-english.ashx,"Page 91, Material standard values, column 5 (TECAMID 66 LA), row Tensile strength",76,MPa,2
obs-b0e376535bb4e29bdcf5,tecamid-66-la,,tensile_yield_strength,point,76000000.0,,,Pa,typical,"{""product_form"": ""stock_shape""}",DIN EN ISO 527-2,https://www.ensingerplastics.com/en-us/-/media/ensinger/files/document-teaser-files/brochures/shapes/engineering-plastics-manual-english.ashx,"Page 91, Material standard values, column 5 (TECAMID 66 LA), row Tensile strength at yield",76,MPa,2
obs-ab8c3e58f2d7507defcc,tecamid-66-la,,elongation_at_break,point,0.14,,,1,typical,"{""product_form"": ""stock_shape""}",DIN EN ISO 527-2,https://www.ensingerplastics.com/en-us/-/media/ensinger/files/document-teaser-files/brochures/shapes/engineering-plastics-manual-english.ashx,"Page 91, Material standard values, column 5 (TECAMID 66 LA), row Elongation at break",14,%,2
obs-73004fa697ccf7549fb7,tecamid-66-la,,thermal_conductivity,point,0.36,,,W/(m*K),typical,"{""product_form"": ""stock_shape""}",ISO 22007-4:2008,https://www.ensingerplastics.com/en-us/-/media/ensinger/files/document-teaser-files/brochures/shapes/engineering-plastics-manual-english.ashx,"Page 91, Material standard values, column 5 (TECAMID 66 LA), row Thermal conductivity",0.36,W/(m·K),2
obs-e07a7b39b86fddc1f876,tecamid-66-la,,flexural_strength,point,102000000.0,,,Pa,typical,"{""product_form"": ""stock_shape""}",DIN EN ISO 178,https://www.ensingerplastics.com/en-us/-/media/ensinger/files/document-teaser-files/brochures/shapes/engineering-plastics-manual-english.ashx,"Page 91, Material standard values, column 5 (TECAMID 66 LA), row Flexural strength",102,MPa,3
obs-0bb134401e2328f4109d,tecamid-66-x-gf50,,density,point,1610.0,,,kg/m^3,typical,"{""product_form"": ""stock_shape""}",DIN EN ISO 1183,https://www.ensingerplastics.com/en-us/-/media/ensinger/files/document-teaser-files/brochures/shapes/engineering-plastics-manual-english.ashx,"Page 91, Material standard values, column 6 (TECAMID 66/X GF50), row Density",1.61,g/cm³,3
obs-48529e132cf77c66b2ce,tecamid-66-x-gf50,,youngs_modulus,point,8700000000.0,,,Pa,typical,"{""product_form"": ""stock_shape""}",DIN EN ISO 527-2,https://www.ensingerplastics.com/en-us/-/media/ensinger/files/document-teaser-files/brochures/shapes/engineering-plastics-manual-english.ashx,"Page 91, Material standard values, column 6 (TECAMID 66/X GF50), row Modulus of elasticity (tensile test)","8,700",MPa,4
obs-9ee7412aa9dfe5c89b8d,tecamid-66-x-gf50,,ultimate_tensile_strength,point,115000000.0,,,Pa,typical,"{""product_form"": ""stock_shape""}",DIN EN ISO 527-2,https://www.ensingerplastics.com/en-us/-/media/ensinger/files/document-teaser-files/brochures/shapes/engineering-plastics-manual-english.ashx,"Page 91, Material standard values, column 6 (TECAMID 66/X GF50), row Tensile strength",115,MPa,3
obs-aab7e7e634064fd8eb59,tecamid-66-x-gf50,,tensile_yield_strength,point,115000000.0,,,Pa,typical,"{""product_form"": ""stock_shape""}",DIN EN ISO 527-2,https://www.ensingerplastics.com/en-us/-/media/ensinger/files/document-teaser-files/brochures/shapes/engineering-plastics-manual-english.ashx,"Page 91, Material standard values, column 6 (TECAMID 66/X GF50), row Tensile strength at yield",115,MPa,3
obs-cd957e7d8fdf825e8ca1,tecamid-66-x-gf50,,elongation_at_break,point,0.02,,,1,typical,"{""product_form"": ""stock_shape""}",DIN EN ISO 527-2,https://www.ensingerplastics.com/en-us/-/media/ensinger/files/document-teaser-files/brochures/shapes/engineering-plastics-manual-english.ashx,"Page 91, Material standard values, column 6 (TECAMID 66/X GF50), row Elongation at break",2,%,1
obs-4df8af22570455539cc9,tecamid-66-x-gf50,,flexural_strength,point,200000000.0,,,Pa,typical,"{""product_form"": ""stock_shape""}",DIN EN ISO 178,https://www.ensingerplastics.com/en-us/-/media/ensinger/files/document-teaser-files/brochures/shapes/engineering-plastics-manual-english.ashx,"Page 91, Material standard values, column 6 (TECAMID 66/X GF50), row Flexural strength",200,MPa,3
obs-27bafbe847d440b31554,tecamid-46-redbrown,,density,point,1190.0,,,kg/m^3,typical,"{""product_form"": ""stock_shape""}",DIN EN ISO 1183,https://www.ensingerplastics.com/en-us/-/media/ensinger/files/document-teaser-files/brochures/shapes/engineering-plastics-manual-english.ashx,"Page 91, Material standard values, column 7 (TECAMID 46 redbrown), row Density",1.19,g/cm³,3
obs-a3f0499156803f369bc0,tecamid-46-redbrown,,youngs_modulus,point,3300000000.0,,,Pa,typical,"{""product_form"": ""stock_shape""}",DIN EN ISO 527-2,https://www.ensingerplastics.com/en-us/-/media/ensinger/files/document-teaser-files/brochures/shapes/engineering-plastics-manual-english.ashx,"Page 91, Material standard values, column 7 (TECAMID 46 redbrown), row Modulus of elasticity (tensile test)","3,300",MPa,4
obs-01b4c3dcd4db683db146,tecamid-46-redbrown,,ultimate_tensile_strength,point,106000000.0,,,Pa,typical,"{""product_form"": ""stock_shape""}",DIN EN ISO 527-2,https://www.ensingerplastics.com/en-us/-/media/ensinger/files/document-teaser-files/brochures/shapes/engineering-plastics-manual-english.ashx,"Page 91, Material standard values, column 7 (TECAMID 46 redbrown), row Tensile strength",106,MPa,3
obs-6fbf0756ea8c8ed3c0c2,tecamid-46-redbrown,,tensile_yield_strength,point,106000000.0,,,Pa,typical,"{""product_form"": ""stock_shape""}",DIN EN ISO 527-2,https://www.ensingerplastics.com/en-us/-/media/ensinger/files/document-teaser-files/brochures/shapes/engineering-plastics-manual-english.ashx,"Page 91, Material standard values, column 7 (TECAMID 46 redbrown), row Tensile strength at yield",106,MPa,3
obs-ec9b5e10bb2f1f815e05,tecamid-46-redbrown,,elongation_at_break,point,0.32,,,1,typical,"{""product_form"": ""stock_shape""}",DIN EN ISO 527-2,https://www.ensingerplastics.com/en-us/-/media/ensinger/files/document-teaser-files/brochures/shapes/engineering-plastics-manual-english.ashx,"Page 91, Material standard values, column 7 (TECAMID 46 redbrown), row Elongation at break",32,%,2
obs-583c547392adb1f65320,tecamid-46-redbrown,,thermal_conductivity,point,0.37,,,W/(m*K),typical,"{""product_form"": ""stock_shape""}",ISO 22007-4:2008,https://www.ensingerplastics.com/en-us/-/media/ensinger/files/document-teaser-files/brochures/shapes/engineering-plastics-manual-english.ashx,"Page 91, Material standard values, column 7 (TECAMID 46 redbrown), row Thermal conductivity",0.37,W/(m·K),2
obs-dd7e09bb11cf2be540a3,tecamid-46-redbrown,,flexural_strength,point,132000000.0,,,Pa,typical,"{""product_form"": ""stock_shape""}",DIN EN ISO 178,https://www.ensingerplastics.com/en-us/-/media/ensinger/files/document-teaser-files/brochures/shapes/engineering-plastics-manual-english.ashx,"Page 91, Material standard values, column 7 (TECAMID 46 redbrown), row Flexural strength",132,MPa,3
obs-3823d3752ba509dd6253,tecamid-12,,density,point,1020.0,,,kg/m^3,typical,"{""product_form"": ""stock_shape""}",DIN EN ISO 1183,https://www.ensingerplastics.com/en-us/-/media/ensinger/files/document-teaser-files/brochures/shapes/engineering-plastics-manual-english.ashx,"Page 91, Material standard values, column 8 (TECAMID 12), row Density",1.02,g/cm³,3
obs-bb36288526eef8918630,tecamid-12,,youngs_modulus,point,1800000000.0,,,Pa,typical,"{""product_form"": ""stock_shape""}",DIN EN ISO 527-2,https://www.ensingerplastics.com/en-us/-/media/ensinger/files/document-teaser-files/brochures/shapes/engineering-plastics-manual-english.ashx,"Page 91, Material standard values, column 8 (TECAMID 12), row Modulus of elasticity (tensile test)","1,800",MPa,4
obs-f665eea0a767bb7d6a24,tecamid-12,,ultimate_tensile_strength,point,53000000.0,,,Pa,typical,"{""product_form"": ""stock_shape""}",DIN EN ISO 527-2,https://www.ensingerplastics.com/en-us/-/media/ensinger/files/document-teaser-files/brochures/shapes/engineering-plastics-manual-english.ashx,"Page 91, Material standard values, column 8 (TECAMID 12), row Tensile strength",53,MPa,2
obs-a4353907e33dad7ff75c,tecamid-12,,tensile_yield_strength,point,54000000.0,,,Pa,typical,"{""product_form"": ""stock_shape""}",DIN EN ISO 527-2,https://www.ensingerplastics.com/en-us/-/media/ensinger/files/document-teaser-files/brochures/shapes/engineering-plastics-manual-english.ashx,"Page 91, Material standard values, column 8 (TECAMID 12), row Tensile strength at yield",54,MPa,2
obs-4ee9ac415d83f0ab2fbc,tecamid-12,,elongation_at_break,point,2.0,,,1,typical,"{""product_form"": ""stock_shape""}",DIN EN ISO 527-2,https://www.ensingerplastics.com/en-us/-/media/ensinger/files/document-teaser-files/brochures/shapes/engineering-plastics-manual-english.ashx,"Page 91, Material standard values, column 8 (TECAMID 12), row Elongation at break",200,%,3
obs-fc24af25c8a354afda12,tecamid-12,,thermal_conductivity,point,0.3,,,W/(m*K),typical,"{""product_form"": ""stock_shape""}",ISO 22007-4:2008,https://www.ensingerplastics.com/en-us/-/media/ensinger/files/document-teaser-files/brochures/shapes/engineering-plastics-manual-english.ashx,"Page 91, Material standard values, column 8 (TECAMID 12), row Thermal conductivity",0.30,W/(m·K),2
obs-b35bd1d25b1ee712a9f5,tecamid-12,,flexural_strength,point,68000000.0,,,Pa,typical,"{""product_form"": ""stock_shape""}",DIN EN ISO 178,https://www.ensingerplastics.com/en-us/-/media/ensinger/files/document-teaser-files/brochures/shapes/engineering-plastics-manual-english.ashx,"Page 91, Material standard values, column 8 (TECAMID 12), row Flexural strength",68,MPa,2
obs-87e00e160919f4606930,tecapet,,density,point,1360.0,,,kg/m^3,typical,"{""product_form"": ""stock_shape""}",DIN EN ISO 1183,https://www.ensingerplastics.com/en-us/-/media/ensinger/files/document-teaser-files/brochures/shapes/engineering-plastics-manual-english.ashx,"Page 91, Material standard values, column 9 (TECAPET), row Density",1.36,g/cm³,3
obs-3c630f427fe8f67e3883,tecapet,,youngs_modulus,point,3100000000.0,,,Pa,typical,"{""product_form"": ""stock_shape""}",DIN EN ISO 527-2,https://www.ensingerplastics.com/en-us/-/media/ensinger/files/document-teaser-files/brochures/shapes/engineering-plastics-manual-english.ashx,"Page 91, Material standard values, column 9 (TECAPET), row Modulus of elasticity (tensile test)","3,100",MPa,4
obs-71db7844ce19658f648f,tecapet,,ultimate_tensile_strength,point,79000000.0,,,Pa,typical,"{""product_form"": ""stock_shape""}",DIN EN ISO 527-2,https://www.ensingerplastics.com/en-us/-/media/ensinger/files/document-teaser-files/brochures/shapes/engineering-plastics-manual-english.ashx,"Page 91, Material standard values, column 9 (TECAPET), row Tensile strength",79,MPa,2
obs-626334923ea9dbf32f47,tecapet,,tensile_yield_strength,point,79000000.0,,,Pa,typical,"{""product_form"": ""stock_shape""}",DIN EN ISO 527-2,https://www.ensingerplastics.com/en-us/-/media/ensinger/files/document-teaser-files/brochures/shapes/engineering-plastics-manual-english.ashx,"Page 91, Material standard values, column 9 (TECAPET), row Tensile strength at yield",79,MPa,2
obs-e39c126b41a78ffea3f8,tecapet,,elongation_at_break,point,0.1,,,1,typical,"{""product_form"": ""stock_shape""}",DIN EN ISO 527-2,https://www.ensingerplastics.com/en-us/-/media/ensinger/files/document-teaser-files/brochures/shapes/engineering-plastics-manual-english.ashx,"Page 91, Material standard values, column 9 (TECAPET), row Elongation at break",10,%,2
obs-712f7694703c5a67c3c5,tecapet,,flexural_strength,point,121000000.0,,,Pa,typical,"{""product_form"": ""stock_shape""}",DIN EN ISO 178,https://www.ensingerplastics.com/en-us/-/media/ensinger/files/document-teaser-files/brochures/shapes/engineering-plastics-manual-english.ashx,"Page 91, Material standard values, column 9 (TECAPET), row Flexural strength",121,MPa,3
obs-65484fbb03e270afa458,tecapet-tf,,density,point,1430.0,,,kg/m^3,typical,"{""product_form"": ""stock_shape""}",DIN EN ISO 1183,https://www.ensingerplastics.com/en-us/-/media/ensinger/files/document-teaser-files/brochures/shapes/engineering-plastics-manual-english.ashx,"Page 92, Material standard values, column 1 (TECAPET TF), row Density",1.43,g/cm³,3
obs-e0071d31927bbf52b6d2,tecapet-tf,,youngs_modulus,point,3200000000.0,,,Pa,typical,"{""product_form"": ""stock_shape""}",DIN EN ISO 527-2,https://www.ensingerplastics.com/en-us/-/media/ensinger/files/document-teaser-files/brochures/shapes/engineering-plastics-manual-english.ashx,"Page 92, Material standard values, column 1 (TECAPET TF), row Modulus of elasticity (tensile test)","3,200",MPa,4
obs-1e7d3157cd3c46691412,tecapet-tf,,ultimate_tensile_strength,point,78000000.0,,,Pa,typical,"{""product_form"": ""stock_shape""}",DIN EN ISO 527-2,https://www.ensingerplastics.com/en-us/-/media/ensinger/files/document-teaser-files/brochures/shapes/engineering-plastics-manual-english.ashx,"Page 92, Material standard values, column 1 (TECAPET TF), row Tensile strength",78,MPa,2
obs-19ed7f4b0f77da537a9a,tecapet-tf,,tensile_yield_strength,point,78000000.0,,,Pa,typical,"{""product_form"": ""stock_shape""}",DIN EN ISO 527-2,https://www.ensingerplastics.com/en-us/-/media/ensinger/files/document-teaser-files/brochures/shapes/engineering-plastics-manual-english.ashx,"Page 92, Material standard values, column 1 (TECAPET TF), row Tensile strength at yield",78,MPa,2
obs-11c5ba82e7f32c4c3bd4,tecapet-tf,,elongation_at_break,point,0.06,,,1,typical,"{""product_form"": ""stock_shape""}",DIN EN ISO 527-2,https://www.ensingerplastics.com/en-us/-/media/ensinger/files/document-teaser-files/brochures/shapes/engineering-plastics-manual-english.ashx,"Page 92, Material standard values, column 1 (TECAPET TF), row Elongation at break",6,%,1
obs-1994ca273da1e7f4ff59,tecapet-tf,,flexural_strength,point,119000000.0,,,Pa,typical,"{""product_form"": ""stock_shape""}",DIN EN ISO 178,https://www.ensingerplastics.com/en-us/-/media/ensinger/files/document-teaser-files/brochures/shapes/engineering-plastics-manual-english.ashx,"Page 92, Material standard values, column 1 (TECAPET TF), row Flexural strength",119,MPa,3
obs-a5029ced468cd704ba0f,tecadur-pet,,density,point,1390.0,,,kg/m^3,typical,"{""product_form"": ""stock_shape""}",DIN EN ISO 1183,https://www.ensingerplastics.com/en-us/-/media/ensinger/files/document-teaser-files/brochures/shapes/engineering-plastics-manual-english.ashx,"Page 92, Material standard values, column 2 (TECADUR PET), row Density",1.39,g/cm³,3
obs-6535a1cce32fe86a7bb3,tecadur-pet,,youngs_modulus,point,3300000000.0,,,Pa,typical,"{""product_form"": ""stock_shape""}",DIN EN ISO 527-2,https://www.ensingerplastics.com/en-us/-/media/ensinger/files/document-teaser-files/brochures/shapes/engineering-plastics-manual-english.ashx,"Page 92, Material standard values, column 2 (TECADUR PET), row Modulus of elasticity (tensile test)","3,300",MPa,4
obs-686e6f7a95b916bcfb8b,tecadur-pet,,ultimate_tensile_strength,point,91000000.0,,,Pa,typical,"{""product_form"": ""stock_shape""}",DIN EN ISO 527-2,https://www.ensingerplastics.com/en-us/-/media/ensinger/files/document-teaser-files/brochures/shapes/engineering-plastics-manual-english.ashx,"Page 92, Material standard values, column 2 (TECADUR PET), row Tensile strength",91,MPa,2
obs-6039d2f8cc6a74a312e7,tecadur-pet,,tensile_yield_strength,point,91000000.0,,,Pa,typical,"{""product_form"": ""stock_shape""}",DIN EN ISO 527-2,https://www.ensingerplastics.com/en-us/-/media/ensinger/files/document-teaser-files/brochures/shapes/engineering-plastics-manual-english.ashx,"Page 92, Material standard values, column 2 (TECADUR PET), row Tensile strength at yield",91,MPa,2
obs-0c4e13425e238578e845,tecadur-pet,,elongation_at_break,point,0.14,,,1,typical,"{""product_form"": ""stock_shape""}",DIN EN ISO 527-2,https://www.ensingerplastics.com/en-us/-/media/ensinger/files/document-teaser-files/brochures/shapes/engineering-plastics-manual-english.ashx,"Page 92, Material standard values, column 2 (TECADUR PET), row Elongation at break",14,%,2
obs-62a46e2dc68c2bbfe084,tecadur-pet,,flexural_strength,point,134000000.0,,,Pa,typical,"{""product_form"": ""stock_shape""}",DIN EN ISO 178,https://www.ensingerplastics.com/en-us/-/media/ensinger/files/document-teaser-files/brochures/shapes/engineering-plastics-manual-english.ashx,"Page 92, Material standard values, column 2 (TECADUR PET), row Flexural strength",134,MPa,3
obs-0fd5b787ec05a5b8ed62,tecadur-pbt-gf30,,density,point,1460.0,,,kg/m^3,typical,"{""product_form"": ""stock_shape""}",DIN EN ISO 1183,https://www.ensingerplastics.com/en-us/-/media/ensinger/files/document-teaser-files/brochures/shapes/engineering-plastics-manual-english.ashx,"Page 92, Material standard values, column 3 (TECADUR PBT GF30), row Density",1.46,g/cm³,3
obs-a8c970b042021a8b51f5,tecadur-pbt-gf30,,youngs_modulus,point,3400000000.0,,,Pa,typical,"{""product_form"": ""stock_shape""}",DIN EN ISO 527-2,https://www.ensingerplastics.com/en-us/-/media/ensinger/files/document-teaser-files/brochures/shapes/engineering-plastics-manual-english.ashx,"Page 92, Material standard values, column 3 (TECADUR PBT GF30), row Modulus of elasticity (tensile test)","3,400",MPa,4
obs-749a2330a986b7e30ab7,tecadur-pbt-gf30,,ultimate_tensile_strength,point,46000000.0,,,Pa,typical,"{""product_form"": ""stock_shape""}",DIN EN ISO 527-2,https://www.ensingerplastics.com/en-us/-/media/ensinger/files/document-teaser-files/brochures/shapes/engineering-plastics-manual-english.ashx,"Page 92, Material standard values, column 3 (TECADUR PBT GF30), row Tensile strength",46,MPa,2
obs-450e56931e5a6aba727e,tecadur-pbt-gf30,,tensile_yield_strength,point,46000000.0,,,Pa,typical,"{""product_form"": ""stock_shape""}",DIN EN ISO 527-2,https://www.ensingerplastics.com/en-us/-/media/ensinger/files/document-teaser-files/brochures/shapes/engineering-plastics-manual-english.ashx,"Page 92, Material standard values, column 3 (TECADUR PBT GF30), row Tensile strength at yield",46,MPa,2
obs-3a561bf08beca42fbb7e,tecadur-pbt-gf30,,elongation_at_break,point,0.06,,,1,typical,"{""product_form"": ""stock_shape""}",DIN EN ISO 527-2,https://www.ensingerplastics.com/en-us/-/media/ensinger/files/document-teaser-files/brochures/shapes/engineering-plastics-manual-english.ashx,"Page 92, Material standard values, column 3 (TECADUR PBT GF30), row Elongation at break",6,%,1
obs-582c4e1c18477914139a,tecadur-pbt-gf30,,thermal_conductivity,point,0.33,,,W/(m*K),typical,"{""product_form"": ""stock_shape""}",ISO 22007-4:2008,https://www.ensingerplastics.com/en-us/-/media/ensinger/files/document-teaser-files/brochures/shapes/engineering-plastics-manual-english.ashx,"Page 92, Material standard values, column 3 (TECADUR PBT GF30), row Thermal conductivity",0.33,W/(m·K),2
obs-f13349794c0330466031,tecadur-pbt-gf30,,flexural_strength,point,78000000.0,,,Pa,typical,"{""product_form"": ""stock_shape""}",DIN EN ISO 178,https://www.ensingerplastics.com/en-us/-/media/ensinger/files/document-teaser-files/brochures/shapes/engineering-plastics-manual-english.ashx,"Page 92, Material standard values, column 3 (TECADUR PBT GF30), row Flexural strength",78,MPa,2
obs-62dbcbb77f5ec1b5726e,tecanat,,density,point,1190.0,,,kg/m^3,typical,"{""product_form"": ""stock_shape""}",DIN EN ISO 1183,https://www.ensingerplastics.com/en-us/-/media/ensinger/files/document-teaser-files/brochures/shapes/engineering-plastics-manual-english.ashx,"Page 92, Material standard values, column 4 (TECANAT), row Density",1.19,g/cm³,3
obs-104aefbdc20f663be2f8,tecanat,,youngs_modulus,point,2200000000.0,,,Pa,typical,"{""product_form"": ""stock_shape""}",DIN EN ISO 527-2,https://www.ensingerplastics.com/en-us/-/media/ensinger/files/document-teaser-files/brochures/shapes/engineering-plastics-manual-english.ashx,"Page 92, Material standard values, column 4 (TECANAT), row Modulus of elasticity (tensile test)","2,200",MPa,4
obs-e13bd836feeb2740f43c,tecanat,,ultimate_tensile_strength,point,69000000.0,,,Pa,typical,"{""product_form"": ""stock_shape""}",DIN EN ISO 527-2,https://www.ensingerplastics.com/en-us/-/media/ensinger/files/document-teaser-files/brochures/shapes/engineering-plastics-manual-english.ashx,"Page 92, Material standard values, column 4 (TECANAT), row Tensile strength",69,MPa,2
obs-5eb6fdeee9265af1cc88,tecanat,,tensile_yield_strength,point,69000000.0,,,Pa,typical,"{""product_form"": ""stock_shape""}",DIN EN ISO 527-2,https://www.ensingerplastics.com/en-us/-/media/ensinger/files/document-teaser-files/brochures/shapes/engineering-plastics-manual-english.ashx,"Page 92, Material standard values, column 4 (TECANAT), row Tensile strength at yield",69,MPa,2
obs-7a9e1605e34b4f77f440,tecanat,,elongation_at_break,point,0.9,,,1,typical,"{""product_form"": ""stock_shape""}",DIN EN ISO 527-2,https://www.ensingerplastics.com/en-us/-/media/ensinger/files/document-teaser-files/brochures/shapes/engineering-plastics-manual-english.ashx,"Page 92, Material standard values, column 4 (TECANAT), row Elongation at break",90,%,2
obs-58172d0c5184baef4762,tecanat,,thermal_conductivity,point,0.25,,,W/(m*K),typical,"{""product_form"": ""stock_shape""}",ISO 22007-4:2008,https://www.ensingerplastics.com/en-us/-/media/ensinger/files/document-teaser-files/brochures/shapes/engineering-plastics-manual-english.ashx,"Page 92, Material standard values, column 4 (TECANAT), row Thermal conductivity",0.25,W/(m·K),2
obs-c5e8ff6e94f11bfe9353,tecanat,,flexural_strength,point,97000000.0,,,Pa,typical,"{""product_form"": ""stock_shape""}",DIN EN ISO 178,https://www.ensingerplastics.com/en-us/-/media/ensinger/files/document-teaser-files/brochures/shapes/engineering-plastics-manual-english.ashx,"Page 92, Material standard values, column 4 (TECANAT), row Flexural strength",97,MPa,2
obs-0fcebb4cbe253bcc9e49,tecanat-gf30,,density,point,1420.0,,,kg/m^3,typical,"{""product_form"": ""stock_shape""}",DIN EN ISO 1183,https://www.ensingerplastics.com/en-us/-/media/ensinger/files/document-teaser-files/brochures/shapes/engineering-plastics-manual-english.ashx,"Page 92, Material standard values, column 5 (TECANAT GF30), row Density",1.42,g/cm³,3
obs-66a0a7a65a6ae28ff199,tecanat-gf30,,youngs_modulus,point,4400000000.0,,,Pa,typical,"{""product_form"": ""stock_shape""}",DIN EN ISO 527-2,https://www.ensingerplastics.com/en-us/-/media/ensinger/files/document-teaser-files/brochures/shapes/engineering-plastics-manual-english.ashx,"Page 92, Material standard values, column 5 (TECANAT GF30), row Modulus of elasticity (tensile test)","4,400",MPa,4
obs-80470019191755a513d8,tecanat-gf30,,ultimate_tensile_strength,point,85000000.0,,,Pa,typical,"{""product_form"": ""stock_shape""}",DIN EN ISO 527-2,https://www.ensingerplastics.com/en-us/-/media/ensinger/files/document-teaser-files/brochures/shapes/engineering-plastics-manual-english.ashx,"Page 92, Material standard values, column 5 (TECANAT GF30), row Tensile strength",85,MPa,2
obs-138d0b44cf7c2655c9d9,tecanat-gf30,,tensile_yield_strength,point,87000000.0,,,Pa,typical,"{""product_form"": ""stock_shape""}",DIN EN ISO 527-2,https://www.ensingerplastics.com/en-us/-/media/ensinger/files/document-teaser-files/brochures/shapes/engineering-plastics-manual-english.ashx,"Page 92, Material standard values, column 5 (TECANAT GF30), row Tensile strength at yield",87,MPa,2
obs-ad14a07761bbbb64cc9d,tecanat-gf30,,elongation_at_break,point,0.06,,,1,typical,"{""product_form"": ""stock_shape""}",DIN EN ISO 527-2,https://www.ensingerplastics.com/en-us/-/media/ensinger/files/document-teaser-files/brochures/shapes/engineering-plastics-manual-english.ashx,"Page 92, Material standard values, column 5 (TECANAT GF30), row Elongation at break",6,%,1
obs-df941f7a2b7f44c85c94,tecanat-gf30,,thermal_conductivity,point,0.32,,,W/(m*K),typical,"{""product_form"": ""stock_shape""}",ISO 22007-4:2008,https://www.ensingerplastics.com/en-us/-/media/ensinger/files/document-teaser-files/brochures/shapes/engineering-plastics-manual-english.ashx,"Page 92, Material standard values, column 5 (TECANAT GF30), row Thermal conductivity",0.32,W/(m·K),2
obs-101638479a521386f89c,tecanat-gf30,,flexural_strength,point,138000000.0,,,Pa,typical,"{""product_form"": ""stock_shape""}",DIN EN ISO 178,https://www.ensingerplastics.com/en-us/-/media/ensinger/files/document-teaser-files/brochures/shapes/engineering-plastics-manual-english.ashx,"Page 92, Material standard values, column 5 (TECANAT GF30), row Flexural strength",138,MPa,3
obs-cfc2be1fb28fa818b7af,tecaflon-pvdf,,density,point,1780.0,,,kg/m^3,typical,"{""product_form"": ""stock_shape""}",DIN EN ISO 1183,https://www.ensingerplastics.com/en-us/-/media/ensinger/files/document-teaser-files/brochures/shapes/engineering-plastics-manual-english.ashx,"Page 92, Material standard values, column 6 (TECAFLON PVDF), row Density",1.78,g/cm³,3
obs-453ea8266edb9e214d39,tecaflon-pvdf,,youngs_modulus,point,2200000000.0,,,Pa,typical,"{""product_form"": ""stock_shape""}",DIN EN ISO 527-2,https://www.ensingerplastics.com/en-us/-/media/ensinger/files/document-teaser-files/brochures/shapes/engineering-plastics-manual-english.ashx,"Page 92, Material standard values, column 6 (TECAFLON PVDF), row Modulus of elasticity (tensile test)","2,200",MPa,4
obs-30300380013a8911ddfc,tecaflon-pvdf,,ultimate_tensile_strength,point,62000000.0,,,Pa,typical,"{""product_form"": ""stock_shape""}",DIN EN ISO 527-2,https://www.ensingerplastics.com/en-us/-/media/ensinger/files/document-teaser-files/brochures/shapes/engineering-plastics-manual-english.ashx,"Page 92, Material standard values, column 6 (TECAFLON PVDF), row Tensile strength",62,MPa,2
obs-a5fb3595cac60510fbc9,tecaflon-pvdf,,tensile_yield_strength,point,62000000.0,,,Pa,typical,"{""product_form"": ""stock_shape""}",DIN EN ISO 527-2,https://www.ensingerplastics.com/en-us/-/media/ensinger/files/document-teaser-files/brochures/shapes/engineering-plastics-manual-english.ashx,"Page 92, Material standard values, column 6 (TECAFLON PVDF), row Tensile strength at yield",62,MPa,2
obs-992e073c344b6163ad0e,tecaflon-pvdf,,elongation_at_break,point,0.17,,,1,typical,"{""product_form"": ""stock_shape""}",DIN EN ISO 527-2,https://www.ensingerplastics.com/en-us/-/media/ensinger/files/document-teaser-files/brochures/shapes/engineering-plastics-manual-english.ashx,"Page 92, Material standard values, column 6 (TECAFLON PVDF), row Elongation at break",17,%,2
obs-708bfca73525c65c7123,tecaflon-pvdf,,thermal_conductivity,point,0.25,,,W/(m*K),typical,"{""product_form"": ""stock_shape""}",ISO 22007-4:2008,https://www.ensingerplastics.com/en-us/-/media/ensinger/files/document-teaser-files/brochures/shapes/engineering-plastics-manual-english.ashx,"Page 92, Material standard values, column 6 (TECAFLON PVDF), row Thermal conductivity",0.25,W/(m·K),2
obs-ca7fe1733a6a29d76510,tecaflon-pvdf,,flexural_strength,point,77000000.0,,,Pa,typical,"{""product_form"": ""stock_shape""}",DIN EN ISO 178,https://www.ensingerplastics.com/en-us/-/media/ensinger/files/document-teaser-files/brochures/shapes/engineering-plastics-manual-english.ashx,"Page 92, Material standard values, column 6 (TECAFLON PVDF), row Flexural strength",77,MPa,2
obs-bc5403f20190d0de0efe,tecason-s,,density,point,1240.0,,,kg/m^3,typical,"{""product_form"": ""stock_shape""}",DIN EN ISO 1183,https://www.ensingerplastics.com/en-us/-/media/ensinger/files/document-teaser-files/brochures/shapes/engineering-plastics-manual-english.ashx,"Page 92, Material standard values, column 7 (TECASON S), row Density",1.24,g/cm³,3
obs-b8fae2b0d180f91d6a4a,tecason-s,,youngs_modulus,point,2700000000.0,,,Pa,typical,"{""product_form"": ""stock_shape""}",DIN EN ISO 527-2,https://www.ensingerplastics.com/en-us/-/media/ensinger/files/document-teaser-files/brochures/shapes/engineering-plastics-manual-english.ashx,"Page 92, Material standard values, column 7 (TECASON S), row Modulus of elasticity (tensile test)","2,700",MPa,4
obs-c3ac41c57738893c5fe9,tecason-s,,ultimate_tensile_strength,point,89000000.0,,,Pa,typical,"{""product_form"": ""stock_shape""}",DIN EN ISO 527-2,https://www.ensingerplastics.com/en-us/-/media/ensinger/files/document-teaser-files/brochures/shapes/engineering-plastics-manual-english.ashx,"Page 92, Material standard values, column 7 (TECASON S), row Tensile strength",89,MPa,2
obs-35dc4cc18d264ece3f89,tecason-s,,tensile_yield_strength,point,89000000.0,,,Pa,typical,"{""product_form"": ""stock_shape""}",DIN EN ISO 527-2,https://www.ensingerplastics.com/en-us/-/media/ensinger/files/document-teaser-files/brochures/shapes/engineering-plastics-manual-english.ashx,"Page 92, Material standard values, column 7 (TECASON S), row Tensile strength at yield",89,MPa,2
obs-2b7fd1de800ed85d5a50,tecason-s,,elongation_at_break,point,0.15,,,1,typical,"{""product_form"": ""stock_shape""}",DIN EN ISO 527-2,https://www.ensingerplastics.com/en-us/-/media/ensinger/files/document-teaser-files/brochures/shapes/engineering-plastics-manual-english.ashx,"Page 92, Material standard values, column 7 (TECASON S), row Elongation at break",15,%,2
obs-ece1fb72ba9e179750fd,tecason-s,,thermal_conductivity,point,0.21,,,W/(m*K),typical,"{""product_form"": ""stock_shape""}",ISO 22007-4:2008,https://www.ensingerplastics.com/en-us/-/media/ensinger/files/document-teaser-files/brochures/shapes/engineering-plastics-manual-english.ashx,"Page 92, Material standard values, column 7 (TECASON S), row Thermal conductivity",0.21,W/(m·K),2
obs-4e2abd5af1b91f9bad37,tecason-s,,flexural_strength,point,122000000.0,,,Pa,typical,"{""product_form"": ""stock_shape""}",DIN EN ISO 178,https://www.ensingerplastics.com/en-us/-/media/ensinger/files/document-teaser-files/brochures/shapes/engineering-plastics-manual-english.ashx,"Page 92, Material standard values, column 7 (TECASON S), row Flexural strength",122,MPa,3
obs-a5b118e7b1b0faabe629,tecapei,,density,point,1280.0,,,kg/m^3,typical,"{""product_form"": ""stock_shape""}",DIN EN ISO 1183,https://www.ensingerplastics.com/en-us/-/media/ensinger/files/document-teaser-files/brochures/shapes/engineering-plastics-manual-english.ashx,"Page 92, Material standard values, column 8 (TECAPEI), row Density",1.28,g/cm³,3
obs-54c5c08184f9ef98211e,tecapei,,youngs_modulus,point,3200000000.0,,,Pa,typical,"{""product_form"": ""stock_shape""}",DIN EN ISO 527-2,https://www.ensingerplastics.com/en-us/-/media/ensinger/files/document-teaser-files/brochures/shapes/engineering-plastics-manual-english.ashx,"Page 92, Material standard values, column 8 (TECAPEI), row Modulus of elasticity (tensile test)","3,200",MPa,4
obs-84306fa61f48b42a95c7,tecapei,,ultimate_tensile_strength,point,127000000.0,,,Pa,typical,"{""product_form"": ""stock_shape""}",DIN EN ISO 527-2,https://www.ensingerplastics.com/en-us/-/media/ensinger/files/document-teaser-files/brochures/shapes/engineering-plastics-manual-english.ashx,"Page 92, Material standard values, column 8 (TECAPEI), row Tensile strength",127,MPa,3
obs-3146109e46434205c816,tecapei,,tensile_yield_strength,point,127000000.0,,,Pa,typical,"{""product_form"": ""stock_shape""}",DIN EN ISO 527-2,https://www.ensingerplastics.com/en-us/-/media/ensinger/files/document-teaser-files/brochures/shapes/engineering-plastics-manual-english.ashx,"Page 92, Material standard values, column 8 (TECAPEI), row Tensile strength at yield",127,MPa,3
obs-2aa11a8166dd621f6956,tecapei,,elongation_at_break,point,0.35000000000000003,,,1,typical,"{""product_form"": ""stock_shape""}",DIN EN ISO 527-2,https://www.ensingerplastics.com/en-us/-/media/ensinger/files/document-teaser-files/brochures/shapes/engineering-plastics-manual-english.ashx,"Page 92, Material standard values, column 8 (TECAPEI), row Elongation at break",35,%,2
obs-da4aa36350d2d87320de,tecapei,,thermal_conductivity,point,0.21,,,W/(m*K),typical,"{""product_form"": ""stock_shape""}",ISO 22007-4:2008,https://www.ensingerplastics.com/en-us/-/media/ensinger/files/document-teaser-files/brochures/shapes/engineering-plastics-manual-english.ashx,"Page 92, Material standard values, column 8 (TECAPEI), row Thermal conductivity",0.21,W/(m·K),2
obs-cc0e38516e144f309c38,tecapei,,flexural_strength,point,164000000.0,,,Pa,typical,"{""product_form"": ""stock_shape""}",DIN EN ISO 178,https://www.ensingerplastics.com/en-us/-/media/ensinger/files/document-teaser-files/brochures/shapes/engineering-plastics-manual-english.ashx,"Page 92, Material standard values, column 8 (TECAPEI), row Flexural strength",164,MPa,3
obs-7e218a08bb0ed0099a1b,tecason-p,,density,point,1310.0,,,kg/m^3,typical,"{""product_form"": ""stock_shape""}",DIN EN ISO 1183,https://www.ensingerplastics.com/en-us/-/media/ensinger/files/document-teaser-files/brochures/shapes/engineering-plastics-manual-english.ashx,"Page 92, Material standard values, column 9 (TECASON P), row Density",1.31,g/cm³,3
obs-e04ad846f5213429d0f4,tecason-p,,youngs_modulus,point,2300000000.0,,,Pa,typical,"{""product_form"": ""stock_shape""}",DIN EN ISO 527-2,https://www.ensingerplastics.com/en-us/-/media/ensinger/files/document-teaser-files/brochures/shapes/engineering-plastics-manual-english.ashx,"Page 92, Material standard values, column 9 (TECASON P), row Modulus of elasticity (tensile test)","2,300",MPa,4
obs-3e1913e9d7f4779d4d28,tecason-p,,ultimate_tensile_strength,point,81000000.0,,,Pa,typical,"{""product_form"": ""stock_shape""}",DIN EN ISO 527-2,https://www.ensingerplastics.com/en-us/-/media/ensinger/files/document-teaser-files/brochures/shapes/engineering-plastics-manual-english.ashx,"Page 92, Material standard values, column 9 (TECASON P), row Tensile strength",81,MPa,2
obs-72df3119013dff085638,tecason-p,,tensile_yield_strength,point,81000000.0,,,Pa,typical,"{""product_form"": ""stock_shape""}",DIN EN ISO 527-2,https://www.ensingerplastics.com/en-us/-/media/ensinger/files/document-teaser-files/brochures/shapes/engineering-plastics-manual-english.ashx,"Page 92, Material standard values, column 9 (TECASON P), row Tensile strength at yield",81,MPa,2
obs-758778922df84b1ad26e,tecason-p,,elongation_at_break,point,0.5,,,1,typical,"{""product_form"": ""stock_shape""}",DIN EN ISO 527-2,https://www.ensingerplastics.com/en-us/-/media/ensinger/files/document-teaser-files/brochures/shapes/engineering-plastics-manual-english.ashx,"Page 92, Material standard values, column 9 (TECASON P), row Elongation at break",50,%,2
obs-10b0c2003e8cc7f17ef8,tecason-p,,thermal_conductivity,point,0.25,,,W/(m*K),typical,"{""product_form"": ""stock_shape""}",ISO 22007-4:2008,https://www.ensingerplastics.com/en-us/-/media/ensinger/files/document-teaser-files/brochures/shapes/engineering-plastics-manual-english.ashx,"Page 92, Material standard values, column 9 (TECASON P), row Thermal conductivity",0.25,W/(m·K),2
obs-7be93f2e6cc13d8fd14b,tecason-p,,flexural_strength,point,107000000.0,,,Pa,typical,"{""product_form"": ""stock_shape""}",DIN EN ISO 178,https://www.ensingerplastics.com/en-us/-/media/ensinger/files/document-teaser-files/brochures/shapes/engineering-plastics-manual-english.ashx,"Page 92, Material standard values, column 9 (TECASON P), row Flexural strength",107,MPa,3
obs-04f18c5da05aa5aa2633,tecason-p-mt-coloured,,density,point,1310.0,,,kg/m^3,typical,"{""product_form"": ""stock_shape""}",DIN EN ISO 1183,https://www.ensingerplastics.com/en-us/-/media/ensinger/files/document-teaser-files/brochures/shapes/engineering-plastics-manual-english.ashx,"Page 92, Material standard values, column 10 (TECASON P MT coloured), row Density",1.31,g/cm³,3
obs-3fcacaa3b72f0d338b24,tecason-p-mt-coloured,,youngs_modulus,point,2300000000.0,,,Pa,typical,"{""product_form"": ""stock_shape""}",DIN EN ISO 527-2,https://www.ensingerplastics.com/en-us/-/media/ensinger/files/document-teaser-files/brochures/shapes/engineering-plastics-manual-english.ashx,"Page 92, Material standard values, column 10 (TECASON P MT coloured), row Modulus of elasticity (tensile test)","2,300",MPa,4
obs-16dad00507ec31979748,tecason-p-mt-coloured,,ultimate_tensile_strength,point,81000000.0,,,Pa,typical,"{""product_form"": ""stock_shape""}",DIN EN ISO 527-2,https://www.ensingerplastics.com/en-us/-/media/ensinger/files/document-teaser-files/brochures/shapes/engineering-plastics-manual-english.ashx,"Page 92, Material standard values, column 10 (TECASON P MT coloured), row Tensile strength",81,MPa,2
obs-2f842dd11b825d841ccd,tecason-p-mt-coloured,,tensile_yield_strength,point,81000000.0,,,Pa,typical,"{""product_form"": ""stock_shape""}",DIN EN ISO 527-2,https://www.ensingerplastics.com/en-us/-/media/ensinger/files/document-teaser-files/brochures/shapes/engineering-plastics-manual-english.ashx,"Page 92, Material standard values, column 10 (TECASON P MT coloured), row Tensile strength at yield",81,MPa,2
obs-ca869ba8c3f2dfc46d6f,tecason-p-mt-coloured,,elongation_at_break,point,0.5,,,1,typical,"{""product_form"": ""stock_shape""}",DIN EN ISO 527-2,https://www.ensingerplastics.com/en-us/-/media/ensinger/files/document-teaser-files/brochures/shapes/engineering-plastics-manual-english.ashx,"Page 92, Material standard values, column 10 (TECASON P MT coloured), row Elongation at break",50,%,2
obs-1a46f5c06665fe18f5e4,tecason-p-mt-coloured,,thermal_conductivity,point,0.25,,,W/(m*K),typical,"{""product_form"": ""stock_shape""}",ISO 22007-4:2008,https://www.ensingerplastics.com/en-us/-/media/ensinger/files/document-teaser-files/brochures/shapes/engineering-plastics-manual-english.ashx,"Page 92, Material standard values, column 10 (TECASON P MT coloured), row Thermal conductivity",0.25,W/(m·K),2
obs-b1775c2d0e57cf8e0aa5,tecason-p-mt-coloured,,flexural_strength,point,107000000.0,,,Pa,typical,"{""product_form"": ""stock_shape""}",DIN EN ISO 178,https://www.ensingerplastics.com/en-us/-/media/ensinger/files/document-teaser-files/brochures/shapes/engineering-plastics-manual-english.ashx,"Page 92, Material standard values, column 10 (TECASON P MT coloured), row Flexural strength",107,MPa,3
obs-4916254782c3f143e834,tecatron,,density,point,1360.0,,,kg/m^3,typical,"{""product_form"": ""stock_shape""}",DIN EN ISO 1183,https://www.ensingerplastics.com/en-us/-/media/ensinger/files/document-teaser-files/brochures/shapes/engineering-plastics-manual-english.ashx,"Page 93, Material standard values, column 1 (TECATRON), row Density",1.36,g/cm³,3
obs-bc223b87c1160e0f4ab3,tecatron,,youngs_modulus,point,4100000000.0,,,Pa,typical,"{""product_form"": ""stock_shape""}",DIN EN ISO 527-2,https://www.ensingerplastics.com/en-us/-/media/ensinger/files/document-teaser-files/brochures/shapes/engineering-plastics-manual-english.ashx,"Page 93, Material standard values, column 1 (TECATRON), row Modulus of elasticity (tensile test)","4,100",MPa,4
obs-7fd0d11031ccf2f58609,tecatron,,ultimate_tensile_strength,point,102000000.0,,,Pa,typical,"{""product_form"": ""stock_shape""}",DIN EN ISO 527-2,https://www.ensingerplastics.com/en-us/-/media/ensinger/files/document-teaser-files/brochures/shapes/engineering-plastics-manual-english.ashx,"Page 93, Material standard values, column 1 (TECATRON), row Tensile strength",102,MPa,3
obs-46a6953f0c87cd04a19b,tecatron,,tensile_yield_strength,point,100000000.0,,,Pa,typical,"{""product_form"": ""stock_shape""}",DIN EN ISO 527-2,https://www.ensingerplastics.com/en-us/-/media/ensinger/files/document-teaser-files/brochures/shapes/engineering-plastics-manual-english.ashx,"Page 93, Material standard values, column 1 (TECATRON), row Tensile strength at yield",100,MPa,3
obs-9078a810691db8d7766f,tecatron,,elongation_at_break,point,0.04,,,1,typical,"{""product_form"": ""stock_shape""}",DIN EN ISO 527-2,https://www.ensingerplastics.com/en-us/-/media/ensinger/files/document-teaser-files/brochures/shapes/engineering-plastics-manual-english.ashx,"Page 93, Material standard values, column 1 (TECATRON), row Elongation at break",4,%,1
obs-d5e98bf6742e28efde25,tecatron,,thermal_conductivity,point,0.25,,,W/(m*K),typical,"{""product_form"": ""stock_shape""}",ISO 22007-4:2008,https://www.ensingerplastics.com/en-us/-/media/ensinger/files/document-teaser-files/brochures/shapes/engineering-plastics-manual-english.ashx,"Page 93, Material standard values, column 1 (TECATRON), row Thermal conductivity",0.25,W/(m·K),2
obs-6dfeccb4635fad968611,tecatron,,flexural_strength,point,151000000.0,,,Pa,typical,"{""product_form"": ""stock_shape""}",DIN EN ISO 178,https://www.ensingerplastics.com/en-us/-/media/ensinger/files/document-teaser-files/brochures/shapes/engineering-plastics-manual-english.ashx,"Page 93, Material standard values, column 1 (TECATRON), row Flexural strength",151,MPa,3
obs-008c3fbcc1af16b79409,tecatron-gf40,,density,point,1630.0,,,kg/m^3,typical,"{""product_form"": ""stock_shape""}",DIN EN ISO 1183,https://www.ensingerplastics.com/en-us/-/media/ensinger/files/document-teaser-files/brochures/shapes/engineering-plastics-manual-english.ashx,"Page 93, Material standard values, column 2 (TECATRON GF40), row Density",1.63,g/cm³,3
obs-9afc5b210004185cffc9,tecatron-gf40,,youngs_modulus,point,6500000000.0,,,Pa,typical,"{""product_form"": ""stock_shape""}",DIN EN ISO 527-2,https://www.ensingerplastics.com/en-us/-/media/ensinger/files/document-teaser-files/brochures/shapes/engineering-plastics-manual-english.ashx,"Page 93, Material standard values, column 2 (TECATRON GF40), row Modulus of elasticity (tensile test)","6,500",MPa,4
obs-a5258b1bf0cf79ee4cdb,tecatron-gf40,,ultimate_tensile_strength,point,83000000.0,,,Pa,typical,"{""product_form"": ""stock_shape""}",DIN EN ISO 527-2,https://www.ensingerplastics.com/en-us/-/media/ensinger/files/document-teaser-files/brochures/shapes/engineering-plastics-manual-english.ashx,"Page 93, Material standard values, column 2 (TECATRON GF40), row Tensile strength",83,MPa,2
obs-cf980d56bed16508f80e,tecatron-gf40,,tensile_yield_strength,point,83000000.0,,,Pa,typical,"{""product_form"": ""stock_shape""}",DIN EN ISO 527-2,https://www.ensingerplastics.com/en-us/-/media/ensinger/files/document-teaser-files/brochures/shapes/engineering-plastics-manual-english.ashx,"Page 93, Material standard values, column 2 (TECATRON GF40), row Tensile strength at yield",83,MPa,2
obs-bd63fb08ce665e6f38e0,tecatron-gf40,,elongation_at_break,point,0.03,,,1,typical,"{""product_form"": ""stock_shape""}",DIN EN ISO 527-2,https://www.ensingerplastics.com/en-us/-/media/ensinger/files/document-teaser-files/brochures/shapes/engineering-plastics-manual-english.ashx,"Page 93, Material standard values, column 2 (TECATRON GF40), row Elongation at break",3,%,1
obs-beb0699a8aca5f72a374,tecatron-gf40,,thermal_conductivity,point,0.35,,,W/(m*K),typical,"{""product_form"": ""stock_shape""}",ISO 22007-4:2008,https://www.ensingerplastics.com/en-us/-/media/ensinger/files/document-teaser-files/brochures/shapes/engineering-plastics-manual-english.ashx,"Page 93, Material standard values, column 2 (TECATRON GF40), row Thermal conductivity",0.35,W/(m·K),2
obs-2330333ddfaf2d5d3dc8,tecatron-gf40,,flexural_strength,point,145000000.0,,,Pa,typical,"{""product_form"": ""stock_shape""}",DIN EN ISO 178,https://www.ensingerplastics.com/en-us/-/media/ensinger/files/document-teaser-files/brochures/shapes/engineering-plastics-manual-english.ashx,"Page 93, Material standard values, column 2 (TECATRON GF40), row Flexural strength",145,MPa,3
obs-61b744cd58ad72c33999,tecatron-pvx,,density,point,1500.0,,,kg/m^3,typical,"{""product_form"": ""stock_shape""}",DIN EN ISO 1183,https://www.ensingerplastics.com/en-us/-/media/ensinger/files/document-teaser-files/brochures/shapes/engineering-plastics-manual-english.ashx,"Page 93, Material standard values, column 4 (TECATRON PVX), row Density",1.5,g/cm³,2
obs-60cf2cc4544807bb0b2a,tecatron-pvx,,youngs_modulus,point,4600000000.0,,,Pa,typical,"{""product_form"": ""stock_shape""}",DIN EN ISO 527-2,https://www.ensingerplastics.com/en-us/-/media/ensinger/files/document-teaser-files/brochures/shapes/engineering-plastics-manual-english.ashx,"Page 93, Material standard values, column 4 (TECATRON PVX), row Modulus of elasticity (tensile test)","4,600",MPa,4
obs-cb5764d703586d674be6,tecatron-pvx,,ultimate_tensile_strength,point,53000000.0,,,Pa,typical,"{""product_form"": ""stock_shape""}",DIN EN ISO 527-2,https://www.ensingerplastics.com/en-us/-/media/ensinger/files/document-teaser-files/brochures/shapes/engineering-plastics-manual-english.ashx,"Page 93, Material standard values, column 4 (TECATRON PVX), row Tensile strength",53,MPa,2
obs-120ffbadfa8fc38ffc51,tecatron-pvx,,tensile_yield_strength,point,53000000.0,,,Pa,typical,"{""product_form"": ""stock_shape""}",DIN EN ISO 527-2,https://www.ensingerplastics.com/en-us/-/media/ensinger/files/document-teaser-files/brochures/shapes/engineering-plastics-manual-english.ashx,"Page 93, Material standard values, column 4 (TECATRON PVX), row Tensile strength at yield",53,MPa,2
obs-c9109616b34e36f9068b,tecatron-pvx,,elongation_at_break,point,0.02,,,1,typical,"{""product_form"": ""stock_shape""}",DIN EN ISO 527-2,https://www.ensingerplastics.com/en-us/-/media/ensinger/files/document-teaser-files/brochures/shapes/engineering-plastics-manual-english.ashx,"Page 93, Material standard values, column 4 (TECATRON PVX), row Elongation at break",2,%,1
obs-a57ee84d383c5ccb4bfe,tecatron-pvx,,thermal_conductivity,point,0.58,,,W/(m*K),typical,"{""product_form"": ""stock_shape""}",ISO 22007-4:2008,https://www.ensingerplastics.com/en-us/-/media/ensinger/files/document-teaser-files/brochures/shapes/engineering-plastics-manual-english.ashx,"Page 93, Material standard values, column 4 (TECATRON PVX), row Thermal conductivity",0.58,W/(m·K),2
obs-e613937de9c6e3490cd0,tecatron-pvx,,flexural_strength,point,91000000.0,,,Pa,typical,"{""product_form"": ""stock_shape""}",DIN EN ISO 178,https://www.ensingerplastics.com/en-us/-/media/ensinger/files/document-teaser-files/brochures/shapes/engineering-plastics-manual-english.ashx,"Page 93, Material standard values, column 4 (TECATRON PVX), row Flexural strength",91,MPa,2
obs-944a33e72da58e83ce0d,tecapeek,,density,point,1310.0,,,kg/m^3,typical,"{""product_form"": ""stock_shape""}",DIN EN ISO 1183,https://www.ensingerplastics.com/en-us/-/media/ensinger/files/document-teaser-files/brochures/shapes/engineering-plastics-manual-english.ashx,"Page 93, Material standard values, column 5 (TECAPEEK), row Density",1.31,g/cm³,3
obs-7c7ad601a9e71477be44,tecapeek,,youngs_modulus,point,4200000000.0,,,Pa,typical,"{""product_form"": ""stock_shape""}",DIN EN ISO 527-2,https://www.ensingerplastics.com/en-us/-/media/ensinger/files/document-teaser-files/brochures/shapes/engineering-plastics-manual-english.ashx,"Page 93, Material standard values, column 5 (TECAPEEK), row Modulus of elasticity (tensile test)","4,200",MPa,4
obs-da8871cfc635d7659d5c,tecapeek,,ultimate_tensile_strength,point,116000000.0,,,Pa,typical,"{""product_form"": ""stock_shape""}",DIN EN ISO 527-2,https://www.ensingerplastics.com/en-us/-/media/ensinger/files/document-teaser-files/brochures/shapes/engineering-plastics-manual-english.ashx,"Page 93, Material standard values, column 5 (TECAPEEK), row Tensile strength",116,MPa,3
obs-b3f0d529a50eac3c0951,tecapeek,,tensile_yield_strength,point,116000000.0,,,Pa,typical,"{""product_form"": ""stock_shape""}",DIN EN ISO 527-2,https://www.ensingerplastics.com/en-us/-/media/ensinger/files/document-teaser-files/brochures/shapes/engineering-plastics-manual-english.ashx,"Page 93, Material standard values, column 5 (TECAPEEK), row Tensile strength at yield",116,MPa,3
obs-d121d6414a193cace8cc,tecapeek,,elongation_at_break,point,0.15,,,1,typical,"{""product_form"": ""stock_shape""}",DIN EN ISO 527-2,https://www.ensingerplastics.com/en-us/-/media/ensinger/files/document-teaser-files/brochures/shapes/engineering-plastics-manual-english.ashx,"Page 93, Material standard values, column 5 (TECAPEEK), row Elongation at break",15,%,2
obs-fad5528bebb0e68faa2e,tecapeek,,thermal_conductivity,point,0.27,,,W/(m*K),typical,"{""product_form"": ""stock_shape""}",ISO 22007-4:2008,https://www.ensingerplastics.com/en-us/-/media/ensinger/files/document-teaser-files/brochures/shapes/engineering-plastics-manual-english.ashx,"Page 93, Material standard values, column 5 (TECAPEEK), row Thermal conductivity",0.27,W/(m·K),2
obs-8038570b1bec65002489,tecapeek,,flexural_strength,point,175000000.0,,,Pa,typical,"{""product_form"": ""stock_shape""}",DIN EN ISO 178,https://www.ensingerplastics.com/en-us/-/media/ensinger/files/document-teaser-files/brochures/shapes/engineering-plastics-manual-english.ashx,"Page 93, Material standard values, column 5 (TECAPEEK), row Flexural strength",175,MPa,3
obs-54ea618b46293d10fc58,tecapeek-gf30,,density,point,1530.0,,,kg/m^3,typical,"{""product_form"": ""stock_shape""}",DIN EN ISO 1183,https://www.ensingerplastics.com/en-us/-/media/ensinger/files/document-teaser-files/brochures/shapes/engineering-plastics-manual-english.ashx,"Page 93, Material standard values, column 8 (TECAPEEK GF30), row Density",1.53,g/cm³,3
obs-834bc8b446326c7c30cd,tecapeek-gf30,,youngs_modulus,point,6400000000.0,,,Pa,typical,"{""product_form"": ""stock_shape""}",DIN EN ISO 527-2,https://www.ensingerplastics.com/en-us/-/media/ensinger/files/document-teaser-files/brochures/shapes/engineering-plastics-manual-english.ashx,"Page 93, Material standard values, column 8 (TECAPEEK GF30), row Modulus of elasticity (tensile test)","6,400",MPa,4
obs-3b3b3f9a97bf72999bc6,tecapeek-gf30,,ultimate_tensile_strength,point,105000000.0,,,Pa,typical,"{""product_form"": ""stock_shape""}",DIN EN ISO 527-2,https://www.ensingerplastics.com/en-us/-/media/ensinger/files/document-teaser-files/brochures/shapes/engineering-plastics-manual-english.ashx,"Page 93, Material standard values, column 8 (TECAPEEK GF30), row Tensile strength",105,MPa,3
obs-b60fae5ef5fe404d2341,tecapeek-gf30,,tensile_yield_strength,point,105000000.0,,,Pa,typical,"{""product_form"": ""stock_shape""}",DIN EN ISO 527-2,https://www.ensingerplastics.com/en-us/-/media/ensinger/files/document-teaser-files/brochures/shapes/engineering-plastics-manual-english.ashx,"Page 93, Material standard values, column 8 (TECAPEEK GF30), row Tensile strength at yield",105,MPa,3
obs-c7cf2a35936187944814,tecapeek-gf30,,elongation_at_break,point,0.03,,,1,typical,"{""product_form"": ""stock_shape""}",DIN EN ISO 527-2,https://www.ensingerplastics.com/en-us/-/media/ensinger/files/document-teaser-files/brochures/shapes/engineering-plastics-manual-english.ashx,"Page 93, Material standard values, column 8 (TECAPEEK GF30), row Elongation at break",3,%,1
obs-12a670c15f58cb1f5303,tecapeek-gf30,,thermal_conductivity,point,0.35,,,W/(m*K),typical,"{""product_form"": ""stock_shape""}",ISO 22007-4:2008,https://www.ensingerplastics.com/en-us/-/media/ensinger/files/document-teaser-files/brochures/shapes/engineering-plastics-manual-english.ashx,"Page 93, Material standard values, column 8 (TECAPEEK GF30), row Thermal conductivity",0.35,W/(m·K),2
obs-9fb45960dc4728100153,tecapeek-gf30,,flexural_strength,point,164000000.0,,,Pa,typical,"{""product_form"": ""stock_shape""}",DIN EN ISO 178,https://www.ensingerplastics.com/en-us/-/media/ensinger/files/document-teaser-files/brochures/shapes/engineering-plastics-manual-english.ashx,"Page 93, Material standard values, column 8 (TECAPEEK GF30), row Flexural strength",164,MPa,3
obs-616deb5a5a79c1ad69ac,tecapeek-cf30,,density,point,1380.0,,,kg/m^3,typical,"{""product_form"": ""stock_shape""}",DIN EN ISO 1183,https://www.ensingerplastics.com/en-us/-/media/ensinger/files/document-teaser-files/brochures/shapes/engineering-plastics-manual-english.ashx,"Page 93, Material standard values, column 9 (TECAPEEK CF30), row Density",1.38,g/cm³,3
obs-2a5ea5b5d3650a97af2b,tecapeek-cf30,,youngs_modulus,point,6800000000.0,,,Pa,typical,"{""product_form"": ""stock_shape""}",DIN EN ISO 527-2,https://www.ensingerplastics.com/en-us/-/media/ensinger/files/document-teaser-files/brochures/shapes/engineering-plastics-manual-english.ashx,"Page 93, Material standard values, column 9 (TECAPEEK CF30), row Modulus of elasticity (tensile test)","6,800",MPa,4
obs-26b8f996b8359285b801,tecapeek-cf30,,ultimate_tensile_strength,point,122000000.0,,,Pa,typical,"{""product_form"": ""stock_shape""}",DIN EN ISO 527-2,https://www.ensingerplastics.com/en-us/-/media/ensinger/files/document-teaser-files/brochures/shapes/engineering-plastics-manual-english.ashx,"Page 93, Material standard values, column 9 (TECAPEEK CF30), row Tensile strength",122,MPa,3
obs-41386f472e3a7ac12d6d,tecapeek-cf30,,tensile_yield_strength,point,122000000.0,,,Pa,typical,"{""product_form"": ""stock_shape""}",DIN EN ISO 527-2,https://www.ensingerplastics.com/en-us/-/media/ensinger/files/document-teaser-files/brochures/shapes/engineering-plastics-manual-english.ashx,"Page 93, Material standard values, column 9 (TECAPEEK CF30), row Tensile strength at yield",122,MPa,3
obs-1cd7fec4505f48fabd2c,tecapeek-cf30,,elongation_at_break,point,0.07,,,1,typical,"{""product_form"": ""stock_shape""}",DIN EN ISO 527-2,https://www.ensingerplastics.com/en-us/-/media/ensinger/files/document-teaser-files/brochures/shapes/engineering-plastics-manual-english.ashx,"Page 93, Material standard values, column 9 (TECAPEEK CF30), row Elongation at break",7,%,1
obs-6e5c0c9d68f9f82b0d84,tecapeek-cf30,,thermal_conductivity,point,0.66,,,W/(m*K),typical,"{""product_form"": ""stock_shape""}",ISO 22007-4:2008,https://www.ensingerplastics.com/en-us/-/media/ensinger/files/document-teaser-files/brochures/shapes/engineering-plastics-manual-english.ashx,"Page 93, Material standard values, column 9 (TECAPEEK CF30), row Thermal conductivity",0.66,W/(m·K),2
obs-0551e4301e2040e81357,tecapeek-cf30,,flexural_strength,point,193000000.0,,,Pa,typical,"{""product_form"": ""stock_shape""}",DIN EN ISO 178,https://www.ensingerplastics.com/en-us/-/media/ensinger/files/document-teaser-files/brochures/shapes/engineering-plastics-manual-english.ashx,"Page 93, Material standard values, column 9 (TECAPEEK CF30), row Flexural strength",193,MPa,3
obs-36ee7b8d505993f35023,tecapeek-pvx,,density,point,1440.0,,,kg/m^3,typical,"{""product_form"": ""stock_shape""}",DIN EN ISO 1183,https://www.ensingerplastics.com/en-us/-/media/ensinger/files/document-teaser-files/brochures/shapes/engineering-plastics-manual-english.ashx,"Page 93, Material standard values, column 10 (TECAPEEK PVX), row Density",1.44,g/cm³,3
obs-5b46ff03667203761100,tecapeek-pvx,,youngs_modulus,point,5500000000.0,,,Pa,typical,"{""product_form"": ""stock_shape""}",DIN EN ISO 527-2,https://www.ensingerplastics.com/en-us/-/media/ensinger/files/document-teaser-files/brochures/shapes/engineering-plastics-manual-english.ashx,"Page 93, Material standard values, column 10 (TECAPEEK PVX), row Modulus of elasticity (tensile test)","5,500",MPa,4
obs-1b2ef9026c0cebe59f4c,tecapeek-pvx,,ultimate_tensile_strength,point,84000000.0,,,Pa,typical,"{""product_form"": ""stock_shape""}",DIN EN ISO 527-2,https://www.ensingerplastics.com/en-us/-/media/ensinger/files/document-teaser-files/brochures/shapes/engineering-plastics-manual-english.ashx,"Page 93, Material standard values, column 10 (TECAPEEK PVX), row Tensile strength",84,MPa,2
obs-02ae1585eb7e629d433c,tecapeek-pvx,,tensile_yield_strength,point,84000000.0,,,Pa,typical,"{""product_form"": ""stock_shape""}",DIN EN ISO 527-2,https://www.ensingerplastics.com/en-us/-/media/ensinger/files/document-teaser-files/brochures/shapes/engineering-plastics-manual-english.ashx,"Page 93, Material standard values, column 10 (TECAPEEK PVX), row Tensile strength at yield",84,MPa,2
obs-61c66cd4ee2eb05021fe,tecapeek-pvx,,elongation_at_break,point,0.03,,,1,typical,"{""product_form"": ""stock_shape""}",DIN EN ISO 527-2,https://www.ensingerplastics.com/en-us/-/media/ensinger/files/document-teaser-files/brochures/shapes/engineering-plastics-manual-english.ashx,"Page 93, Material standard values, column 10 (TECAPEEK PVX), row Elongation at break",3,%,1
obs-47a678a8ed65431f8fdc,tecapeek-pvx,,thermal_conductivity,point,0.82,,,W/(m*K),typical,"{""product_form"": ""stock_shape""}",ISO 22007-4:2008,https://www.ensingerplastics.com/en-us/-/media/ensinger/files/document-teaser-files/brochures/shapes/engineering-plastics-manual-english.ashx,"Page 93, Material standard values, column 10 (TECAPEEK PVX), row Thermal conductivity",0.82,W/(m·K),2
obs-6652d25bffd439d5fe83,tecapeek-pvx,,flexural_strength,point,142000000.0,,,Pa,typical,"{""product_form"": ""stock_shape""}",DIN EN ISO 178,https://www.ensingerplastics.com/en-us/-/media/ensinger/files/document-teaser-files/brochures/shapes/engineering-plastics-manual-english.ashx,"Page 93, Material standard values, column 10 (TECAPEEK PVX), row Flexural strength",142,MPa,3
obs-987ef8249631e25c34d8,tecapeek-els-nano,,density,point,1360.0,,,kg/m^3,typical,"{""product_form"": ""stock_shape""}",DIN EN ISO 1183,https://www.ensingerplastics.com/en-us/-/media/ensinger/files/document-teaser-files/brochures/shapes/engineering-plastics-manual-english.ashx,"Page 94, Material standard values, column 1 (TECAPEEK ELS nano), row Density",1.36,g/cm³,3
obs-0b3af8609a6ca00b5ee9,tecapeek-els-nano,,youngs_modulus,point,4800000000.0,,,Pa,typical,"{""product_form"": ""stock_shape""}",DIN EN ISO 527-2,https://www.ensingerplastics.com/en-us/-/media/ensinger/files/document-teaser-files/brochures/shapes/engineering-plastics-manual-english.ashx,"Page 94, Material standard values, column 1 (TECAPEEK ELS nano), row Modulus of elasticity (tensile test)","4,800",MPa,4
obs-9e48605e3991db402d91,tecapeek-els-nano,,ultimate_tensile_strength,point,106000000.0,,,Pa,typical,"{""product_form"": ""stock_shape""}",DIN EN ISO 527-2,https://www.ensingerplastics.com/en-us/-/media/ensinger/files/document-teaser-files/brochures/shapes/engineering-plastics-manual-english.ashx,"Page 94, Material standard values, column 1 (TECAPEEK ELS nano), row Tensile strength",106,MPa,3
obs-7895e76ced1a0290a847,tecapeek-els-nano,,tensile_yield_strength,point,106000000.0,,,Pa,typical,"{""product_form"": ""stock_shape""}",DIN EN ISO 527-2,https://www.ensingerplastics.com/en-us/-/media/ensinger/files/document-teaser-files/brochures/shapes/engineering-plastics-manual-english.ashx,"Page 94, Material standard values, column 1 (TECAPEEK ELS nano), row Tensile strength at yield",106,MPa,3
obs-44f7f0e1a026aaaf6bd4,tecapeek-els-nano,,elongation_at_break,point,0.04,,,1,typical,"{""product_form"": ""stock_shape""}",DIN EN ISO 527-2,https://www.ensingerplastics.com/en-us/-/media/ensinger/files/document-teaser-files/brochures/shapes/engineering-plastics-manual-english.ashx,"Page 94, Material standard values, column 1 (TECAPEEK ELS nano), row Elongation at break",4,%,1
obs-b745b98321e67afc0379,tecapeek-els-nano,,thermal_conductivity,point,0.46,,,W/(m*K),typical,"{""product_form"": ""stock_shape""}",ISO 22007-4:2008,https://www.ensingerplastics.com/en-us/-/media/ensinger/files/document-teaser-files/brochures/shapes/engineering-plastics-manual-english.ashx,"Page 94, Material standard values, column 1 (TECAPEEK ELS nano), row Thermal conductivity",0.46,W/(m·K),2
obs-d75b72febe290ffe6388,tecapeek-els-nano,,flexural_strength,point,178000000.0,,,Pa,typical,"{""product_form"": ""stock_shape""}",DIN EN ISO 178,https://www.ensingerplastics.com/en-us/-/media/ensinger/files/document-teaser-files/brochures/shapes/engineering-plastics-manual-english.ashx,"Page 94, Material standard values, column 1 (TECAPEEK ELS nano), row Flexural strength",178,MPa,3
obs-0277f35c6818e924a932,tecapeek-tf10,,density,point,1380.0,,,kg/m^3,typical,"{""product_form"": ""stock_shape""}",DIN EN ISO 1183,https://www.ensingerplastics.com/en-us/-/media/ensinger/files/document-teaser-files/brochures/shapes/engineering-plastics-manual-english.ashx,"Page 94, Material standard values, column 2 (TECAPEEK TF10), row Density",1.38,g/cm³,3
obs-eac65dbfe73ec1ff1ace,tecapeek-tf10,,youngs_modulus,point,3400000000.0,,,Pa,typical,"{""product_form"": ""stock_shape""}",DIN EN ISO 527-2,https://www.ensingerplastics.com/en-us/-/media/ensinger/files/document-teaser-files/brochures/shapes/engineering-plastics-manual-english.ashx,"Page 94, Material standard values, column 2 (TECAPEEK TF10), row Modulus of elasticity (tensile test)","3,400",MPa,4
obs-2f0de8ccf71aa8f275dc,tecapeek-tf10,,ultimate_tensile_strength,point,95000000.0,,,Pa,typical,"{""product_form"": ""stock_shape""}",DIN EN ISO 527-2,https://www.ensingerplastics.com/en-us/-/media/ensinger/files/document-teaser-files/brochures/shapes/engineering-plastics-manual-english.ashx,"Page 94, Material standard values, column 2 (TECAPEEK TF10), row Tensile strength",95,MPa,2
obs-69fdf474e2f71176710f,tecapeek-tf10,,tensile_yield_strength,point,95000000.0,,,Pa,typical,"{""product_form"": ""stock_shape""}",DIN EN ISO 527-2,https://www.ensingerplastics.com/en-us/-/media/ensinger/files/document-teaser-files/brochures/shapes/engineering-plastics-manual-english.ashx,"Page 94, Material standard values, column 2 (TECAPEEK TF10), row Tensile strength at yield",95,MPa,2
obs-279bfcce6144089b72e4,tecapeek-tf10,,elongation_at_break,point,0.08,,,1,typical,"{""product_form"": ""stock_shape""}",DIN EN ISO 527-2,https://www.ensingerplastics.com/en-us/-/media/ensinger/files/document-teaser-files/brochures/shapes/engineering-plastics-manual-english.ashx,"Page 94, Material standard values, column 2 (TECAPEEK TF10), row Elongation at break",8,%,1
obs-9d225e04144b159bc480,tecapeek-tf10,,flexural_strength,point,149000000.0,,,Pa,typical,"{""product_form"": ""stock_shape""}",DIN EN ISO 178,https://www.ensingerplastics.com/en-us/-/media/ensinger/files/document-teaser-files/brochures/shapes/engineering-plastics-manual-english.ashx,"Page 94, Material standard values, column 2 (TECAPEEK TF10), row Flexural strength",149,MPa,3
obs-d16338552a39192bd5be,tecapeek-id-blue,,density,point,1490.0,,,kg/m^3,typical,"{""product_form"": ""stock_shape""}",DIN EN ISO 1183,https://www.ensingerplastics.com/en-us/-/media/ensinger/files/document-teaser-files/brochures/shapes/engineering-plastics-manual-english.ashx,"Page 94, Material standard values, column 3 (TECAPEEK ID blue), row Density",1.49,g/cm³,3
obs-8ab7e2f87dcde2023d25,tecapeek-id-blue,,youngs_modulus,point,4600000000.0,,,Pa,typical,"{""product_form"": ""stock_shape""}",DIN EN ISO 527-2,https://www.ensingerplastics.com/en-us/-/media/ensinger/files/document-teaser-files/brochures/shapes/engineering-plastics-manual-english.ashx,"Page 94, Material standard values, column 3 (TECAPEEK ID blue), row Modulus of elasticity (tensile test)","4,600",MPa,4
obs-8e8fd63e1ccf3ef5dfd8,tecapeek-id-blue,,ultimate_tensile_strength,point,111000000.0,,,Pa,typical,"{""product_form"": ""stock_shape""}",DIN EN ISO 527-2,https://www.ensingerplastics.com/en-us/-/media/ensinger/files/document-teaser-files/brochures/shapes/engineering-plastics-manual-english.ashx,"Page 94, Material standard values, column 3 (TECAPEEK ID blue), row Tensile strength",111,MPa,3
obs-9b43b0a5ab62da1c42d2,tecapeek-id-blue,,tensile_yield_strength,point,111000000.0,,,Pa,typical,"{""product_form"": ""stock_shape""}",DIN EN ISO 527-2,https://www.ensingerplastics.com/en-us/-/media/ensinger/files/document-teaser-files/brochures/shapes/engineering-plastics-manual-english.ashx,"Page 94, Material standard values, column 3 (TECAPEEK ID blue), row Tensile strength at yield",111,MPa,3
obs-6c330c0bf3a864fbceaa,tecapeek-id-blue,,elongation_at_break,point,0.06,,,1,typical,"{""product_form"": ""stock_shape""}",DIN EN ISO 527-2,https://www.ensingerplastics.com/en-us/-/media/ensinger/files/document-teaser-files/brochures/shapes/engineering-plastics-manual-english.ashx,"Page 94, Material standard values, column 3 (TECAPEEK ID blue), row Elongation at break",6,%,1
obs-10458abbaadbc6d1cb04,tecapeek-id-blue,,thermal_conductivity,point,0.27,,,W/(m*K),typical,"{""product_form"": ""stock_shape""}",ISO 22007-4:2008,https://www.ensingerplastics.com/en-us/-/media/ensinger/files/document-teaser-files/brochures/shapes/engineering-plastics-manual-english.ashx,"Page 94, Material standard values, column 3 (TECAPEEK ID blue), row Thermal conductivity",0.27,W/(m·K),2
obs-4ca58843a46a889d5bb2,tecapeek-id-blue,,flexural_strength,point,166000000.0,,,Pa,typical,"{""product_form"": ""stock_shape""}",DIN EN ISO 178,https://www.ensingerplastics.com/en-us/-/media/ensinger/files/document-teaser-files/brochures/shapes/engineering-plastics-manual-english.ashx,"Page 94, Material standard values, column 3 (TECAPEEK ID blue), row Flexural strength",166,MPa,3
obs-965a7f7b127c9a1aad72,tecapeek-mt,,density,point,1310.0,,,kg/m^3,typical,"{""product_form"": ""stock_shape""}",DIN EN ISO 1183,https://www.ensingerplastics.com/en-us/-/media/ensinger/files/document-teaser-files/brochures/shapes/engineering-plastics-manual-english.ashx,"Page 94, Material standard values, column 4 (TECAPEEK MT), row Density",1.31,g/cm³,3
obs-e5b6a8259df5a0cb57e6,tecapeek-mt,,youngs_modulus,point,4200000000.0,,,Pa,typical,"{""product_form"": ""stock_shape""}",DIN EN ISO 527-2,https://www.ensingerplastics.com/en-us/-/media/ensinger/files/document-teaser-files/brochures/shapes/engineering-plastics-manual-english.ashx,"Page 94, Material standard values, column 4 (TECAPEEK MT), row Modulus of elasticity (tensile test)","4,200",MPa,4
obs-c4220ce5710f66ef406e,tecapeek-mt,,ultimate_tensile_strength,point,116000000.0,,,Pa,typical,"{""product_form"": ""stock_shape""}",DIN EN ISO 527-2,https://www.ensingerplastics.com/en-us/-/media/ensinger/files/document-teaser-files/brochures/shapes/engineering-plastics-manual-english.ashx,"Page 94, Material standard values, column 4 (TECAPEEK MT), row Tensile strength",116,MPa,3
obs-92e9c26aa4c8413fe455,tecapeek-mt,,tensile_yield_strength,point,116000000.0,,,Pa,typical,"{""product_form"": ""stock_shape""}",DIN EN ISO 527-2,https://www.ensingerplastics.com/en-us/-/media/ensinger/files/document-teaser-files/brochures/shapes/engineering-plastics-manual-english.ashx,"Page 94, Material standard values, column 4 (TECAPEEK MT), row Tensile strength at yield",116,MPa,3
obs-5ae9fea967b493653afa,tecapeek-mt,,elongation_at_break,point,0.15,,,1,typical,"{""product_form"": ""stock_shape""}",DIN EN ISO 527-2,https://www.ensingerplastics.com/en-us/-/media/ensinger/files/document-teaser-files/brochures/shapes/engineering-plastics-manual-english.ashx,"Page 94, Material standard values, column 4 (TECAPEEK MT), row Elongation at break",15,%,2
obs-25f3aa952c5677f73216,tecapeek-mt,,thermal_conductivity,point,0.27,,,W/(m*K),typical,"{""product_form"": ""stock_shape""}",ISO 22007-4:2008,https://www.ensingerplastics.com/en-us/-/media/ensinger/files/document-teaser-files/brochures/shapes/engineering-plastics-manual-english.ashx,"Page 94, Material standard values, column 4 (TECAPEEK MT), row Thermal conductivity",0.27,W/(m·K),2
obs-e849489d7fc55a17cb66,tecapeek-mt,,flexural_strength,point,175000000.0,,,Pa,typical,"{""product_form"": ""stock_shape""}",DIN EN ISO 178,https://www.ensingerplastics.com/en-us/-/media/ensinger/files/document-teaser-files/brochures/shapes/engineering-plastics-manual-english.ashx,"Page 94, Material standard values, column 4 (TECAPEEK MT), row Flexural strength",175,MPa,3
obs-7c1184a55dbed88844c2,tecapeek-cf30-mt,,density,point,1420.0,,,kg/m^3,typical,"{""product_form"": ""stock_shape""}",DIN EN ISO 1183,https://www.ensingerplastics.com/en-us/-/media/ensinger/files/document-teaser-files/brochures/shapes/engineering-plastics-manual-english.ashx,"Page 95, Material standard values, column 1 (TECAPEEK CF30 MT), row Density",1.42,g/cm³,3
obs-d9ba4b6925249526aff4,tecapeek-cf30-mt,,youngs_modulus,point,6000000000.0,,,Pa,typical,"{""product_form"": ""stock_shape""}",DIN EN ISO 527-2,https://www.ensingerplastics.com/en-us/-/media/ensinger/files/document-teaser-files/brochures/shapes/engineering-plastics-manual-english.ashx,"Page 95, Material standard values, column 1 (TECAPEEK CF30 MT), row Modulus of elasticity (tensile test)","6,000",MPa,4
obs-0be3580fc50edac6dea5,tecapeek-cf30-mt,,ultimate_tensile_strength,point,115000000.0,,,Pa,typical,"{""product_form"": ""stock_shape""}",DIN EN ISO 527-2,https://www.ensingerplastics.com/en-us/-/media/ensinger/files/document-teaser-files/brochures/shapes/engineering-plastics-manual-english.ashx,"Page 95, Material standard values, column 1 (TECAPEEK CF30 MT), row Tensile strength",115,MPa,3
obs-cef53e925f055d134dbd,tecapeek-cf30-mt,,tensile_yield_strength,point,115000000.0,,,Pa,typical,"{""product_form"": ""stock_shape""}",DIN EN ISO 527-2,https://www.ensingerplastics.com/en-us/-/media/ensinger/files/document-teaser-files/brochures/shapes/engineering-plastics-manual-english.ashx,"Page 95, Material standard values, column 1 (TECAPEEK CF30 MT), row Tensile strength at yield",115,MPa,3
obs-39b1341600ce7bfb095b,tecapeek-cf30-mt,,elongation_at_break,point,0.05,,,1,typical,"{""product_form"": ""stock_shape""}",DIN EN ISO 527-2,https://www.ensingerplastics.com/en-us/-/media/ensinger/files/document-teaser-files/brochures/shapes/engineering-plastics-manual-english.ashx,"Page 95, Material standard values, column 1 (TECAPEEK CF30 MT), row Elongation at break",5,%,1
obs-23a0a791258ef52895c6,tecapeek-cf30-mt,,thermal_conductivity,point,0.59,,,W/(m*K),typical,"{""product_form"": ""stock_shape""}",ISO 22007-4:2008,https://www.ensingerplastics.com/en-us/-/media/ensinger/files/document-teaser-files/brochures/shapes/engineering-plastics-manual-english.ashx,"Page 95, Material standard values, column 1 (TECAPEEK CF30 MT), row Thermal conductivity",0.59,W/(m·K),2
obs-d80bf901c73c300aac37,tecapeek-cf30-mt,,flexural_strength,point,188000000.0,,,Pa,typical,"{""product_form"": ""stock_shape""}",DIN EN ISO 178,https://www.ensingerplastics.com/en-us/-/media/ensinger/files/document-teaser-files/brochures/shapes/engineering-plastics-manual-english.ashx,"Page 95, Material standard values, column 1 (TECAPEEK CF30 MT), row Flexural strength",188,MPa,3
obs-e3dda7e4d0c5f6fa04a3,tecapeek-classix-white,,density,point,1400.0,,,kg/m^3,typical,"{""product_form"": ""stock_shape""}",DIN EN ISO 1183,https://www.ensingerplastics.com/en-us/-/media/ensinger/files/document-teaser-files/brochures/shapes/engineering-plastics-manual-english.ashx,"Page 95, Material standard values, column 2 (TECAPEEK CLASSIX white), row Density",1.4,g/cm³,2
obs-5ef7a536e30caf30b511,tecapeek-classix-white,,youngs_modulus,point,4700000000.0,,,Pa,typical,"{""product_form"": ""stock_shape""}",DIN EN ISO 527-2,https://www.ensingerplastics.com/en-us/-/media/ensinger/files/document-teaser-files/brochures/shapes/engineering-plastics-manual-english.ashx,"Page 95, Material standard values, column 2 (TECAPEEK CLASSIX white), row Modulus of elasticity (tensile test)","4,700",MPa,4
obs-a070a5bebb3701dc74ba,tecapeek-classix-white,,ultimate_tensile_strength,point,117000000.0,,,Pa,typical,"{""product_form"": ""stock_shape""}",DIN EN ISO 527-2,https://www.ensingerplastics.com/en-us/-/media/ensinger/files/document-teaser-files/brochures/shapes/engineering-plastics-manual-english.ashx,"Page 95, Material standard values, column 2 (TECAPEEK CLASSIX white), row Tensile strength",117,MPa,3
obs-eece5528e4b115902465,tecapeek-classix-white,,tensile_yield_strength,point,117000000.0,,,Pa,typical,"{""product_form"": ""stock_shape""}",DIN EN ISO 527-2,https://www.ensingerplastics.com/en-us/-/media/ensinger/files/document-teaser-files/brochures/shapes/engineering-plastics-manual-english.ashx,"Page 95, Material standard values, column 2 (TECAPEEK CLASSIX white), row Tensile strength at yield",117,MPa,3
obs-022d58a6760c72c57c4e,tecapeek-classix-white,,elongation_at_break,point,0.11,,,1,typical,"{""product_form"": ""stock_shape""}",DIN EN ISO 527-2,https://www.ensingerplastics.com/en-us/-/media/ensinger/files/document-teaser-files/brochures/shapes/engineering-plastics-manual-english.ashx,"Page 95, Material standard values, column 2 (TECAPEEK CLASSIX white), row Elongation at break",11,%,2
obs-d0b96994815f7e9db9e8,tecapeek-classix-white,,thermal_conductivity,point,0.3,,,W/(m*K),typical,"{""product_form"": ""stock_shape""}",ISO 22007-4:2008,https://www.ensingerplastics.com/en-us/-/media/ensinger/files/document-teaser-files/brochures/shapes/engineering-plastics-manual-english.ashx,"Page 95, Material standard values, column 2 (TECAPEEK CLASSIX white), row Thermal conductivity",0.30,W/(m·K),2
obs-8379b26872622073b7a7,tecapeek-classix-white,,flexural_strength,point,177000000.0,,,Pa,typical,"{""product_form"": ""stock_shape""}",DIN EN ISO 178,https://www.ensingerplastics.com/en-us/-/media/ensinger/files/document-teaser-files/brochures/shapes/engineering-plastics-manual-english.ashx,"Page 95, Material standard values, column 2 (TECAPEEK CLASSIX white), row Flexural strength",177,MPa,3
obs-70845c5a39bfeafb4ce3,tecapeek-ts,,density,point,1490.0,,,kg/m^3,typical,"{""product_form"": ""stock_shape""}",DIN EN ISO 1183,https://www.ensingerplastics.com/en-us/-/media/ensinger/files/document-teaser-files/brochures/shapes/engineering-plastics-manual-english.ashx,"Page 95, Material standard values, column 3 (TECAPEEK TS), row Density",1.49,g/cm³,3
obs-6d959ea06ae11b9f3b42,tecapeek-ts,,youngs_modulus,point,5700000000.0,,,Pa,typical,"{""product_form"": ""stock_shape""}",DIN EN ISO 527-2,https://www.ensingerplastics.com/en-us/-/media/ensinger/files/document-teaser-files/brochures/shapes/engineering-plastics-manual-english.ashx,"Page 95, Material standard values, column 3 (TECAPEEK TS), row Modulus of elasticity (tensile test)","5,700",MPa,4
obs-001ad1e458f77eb3942a,tecapeek-ts,,ultimate_tensile_strength,point,110000000.0,,,Pa,typical,"{""product_form"": ""stock_shape""}",DIN EN ISO 527-2,https://www.ensingerplastics.com/en-us/-/media/ensinger/files/document-teaser-files/brochures/shapes/engineering-plastics-manual-english.ashx,"Page 95, Material standard values, column 3 (TECAPEEK TS), row Tensile strength",110,MPa,3
obs-2ceb598eceaa045b300e,tecapeek-ts,,tensile_yield_strength,point,110000000.0,,,Pa,typical,"{""product_form"": ""stock_shape""}",DIN EN ISO 527-2,https://www.ensingerplastics.com/en-us/-/media/ensinger/files/document-teaser-files/brochures/shapes/engineering-plastics-manual-english.ashx,"Page 95, Material standard values, column 3 (TECAPEEK TS), row Tensile strength at yield",110,MPa,3
obs-7a04138bfea70f979852,tecapeek-ts,,elongation_at_break,point,0.04,,,1,typical,"{""product_form"": ""stock_shape""}",DIN EN ISO 527-2,https://www.ensingerplastics.com/en-us/-/media/ensinger/files/document-teaser-files/brochures/shapes/engineering-plastics-manual-english.ashx,"Page 95, Material standard values, column 3 (TECAPEEK TS), row Elongation at break",4,%,1
obs-1a99d7fbdeb39b015c48,tecapeek-ts,,flexural_strength,point,175000000.0,,,Pa,typical,"{""product_form"": ""stock_shape""}",DIN EN ISO 178,https://www.ensingerplastics.com/en-us/-/media/ensinger/files/document-teaser-files/brochures/shapes/engineering-plastics-manual-english.ashx,"Page 95, Material standard values, column 3 (TECAPEEK TS), row Flexural strength",175,MPa,3
obs-21578429947db78e4cee,tecapeek-cmf,,density,point,1650.0,,,kg/m^3,typical,"{""product_form"": ""stock_shape""}",DIN EN ISO 1183,https://www.ensingerplastics.com/en-us/-/media/ensinger/files/document-teaser-files/brochures/shapes/engineering-plastics-manual-english.ashx,"Page 95, Material standard values, column 4 (TECAPEEK CMF), row Density",1.65,g/cm³,3
obs-af5dceaf983e41aec192,tecapeek-cmf,,youngs_modulus,point,5500000000.0,,,Pa,typical,"{""product_form"": ""stock_shape""}",DIN EN ISO 527-2,https://www.ensingerplastics.com/en-us/-/media/ensinger/files/document-teaser-files/brochures/shapes/engineering-plastics-manual-english.ashx,"Page 95, Material standard values, column 4 (TECAPEEK CMF), row Modulus of elasticity (tensile test)","5,500",MPa,4
obs-20e38ee00348173896f9,tecapeek-cmf,,ultimate_tensile_strength,point,105000000.0,,,Pa,typical,"{""product_form"": ""stock_shape""}",DIN EN ISO 527-2,https://www.ensingerplastics.com/en-us/-/media/ensinger/files/document-teaser-files/brochures/shapes/engineering-plastics-manual-english.ashx,"Page 95, Material standard values, column 4 (TECAPEEK CMF), row Tensile strength",105,MPa,3
obs-be70f240fa0954105890,tecapeek-cmf,,tensile_yield_strength,point,102000000.0,,,Pa,typical,"{""product_form"": ""stock_shape""}",DIN EN ISO 527-2,https://www.ensingerplastics.com/en-us/-/media/ensinger/files/document-teaser-files/brochures/shapes/engineering-plastics-manual-english.ashx,"Page 95, Material standard values, column 4 (TECAPEEK CMF), row Tensile strength at yield",102,MPa,3
obs-a283a10543357e61981f,tecapeek-cmf,,elongation_at_break,point,0.04,,,1,typical,"{""product_form"": ""stock_shape""}",DIN EN ISO 527-2,https://www.ensingerplastics.com/en-us/-/media/ensinger/files/document-teaser-files/brochures/shapes/engineering-plastics-manual-english.ashx,"Page 95, Material standard values, column 4 (TECAPEEK CMF), row Elongation at break",4,%,1
obs-df8a0abccca899fe6fdb,tecapeek-cmf,,thermal_conductivity,point,0.38,,,W/(m*K),typical,"{""product_form"": ""stock_shape""}",ISO 22007-4:2008,https://www.ensingerplastics.com/en-us/-/media/ensinger/files/document-teaser-files/brochures/shapes/engineering-plastics-manual-english.ashx,"Page 95, Material standard values, column 4 (TECAPEEK CMF), row Thermal conductivity",0.38,W/(m·K),2
obs-042bdfe2c32e9716b991,tecapeek-cmf,,flexural_strength,point,170000000.0,,,Pa,typical,"{""product_form"": ""stock_shape""}",DIN EN ISO 178,https://www.ensingerplastics.com/en-us/-/media/ensinger/files/document-teaser-files/brochures/shapes/engineering-plastics-manual-english.ashx,"Page 95, Material standard values, column 4 (TECAPEEK CMF), row Flexural strength",170,MPa,3
obs-8183598d1c4e2a18e2de,tecapeek-ht-black,,density,point,1310.0,,,kg/m^3,typical,"{""product_form"": ""stock_shape""}",DIN EN ISO 1183,https://www.ensingerplastics.com/en-us/-/media/ensinger/files/document-teaser-files/brochures/shapes/engineering-plastics-manual-english.ashx,"Page 95, Material standard values, column 6 (TECAPEEK HT black), row Density",1.31,g/cm³,3
obs-e29e62f7d5bd3d78c728,tecapeek-ht-black,,youngs_modulus,point,4600000000.0,,,Pa,typical,"{""product_form"": ""stock_shape""}",DIN EN ISO 527-2,https://www.ensingerplastics.com/en-us/-/media/ensinger/files/document-teaser-files/brochures/shapes/engineering-plastics-manual-english.ashx,"Page 95, Material standard values, column 6 (TECAPEEK HT black), row Modulus of elasticity (tensile test)","4,600",MPa,4
obs-8bfd2d8a5c13dd877379,tecapeek-ht-black,,ultimate_tensile_strength,point,120000000.0,,,Pa,typical,"{""product_form"": ""stock_shape""}",DIN EN ISO 527-2,https://www.ensingerplastics.com/en-us/-/media/ensinger/files/document-teaser-files/brochures/shapes/engineering-plastics-manual-english.ashx,"Page 95, Material standard values, column 6 (TECAPEEK HT black), row Tensile strength",120,MPa,3
obs-b05afa5e0f3fa5d11d39,tecapeek-ht-black,,tensile_yield_strength,point,120000000.0,,,Pa,typical,"{""product_form"": ""stock_shape""}",DIN EN ISO 527-2,https://www.ensingerplastics.com/en-us/-/media/ensinger/files/document-teaser-files/brochures/shapes/engineering-plastics-manual-english.ashx,"Page 95, Material standard values, column 6 (TECAPEEK HT black), row Tensile strength at yield",120,MPa,3
obs-5d0234c6a48a95d80276,tecapeek-ht-black,,elongation_at_break,point,0.05,,,1,typical,"{""product_form"": ""stock_shape""}",DIN EN ISO 527-2,https://www.ensingerplastics.com/en-us/-/media/ensinger/files/document-teaser-files/brochures/shapes/engineering-plastics-manual-english.ashx,"Page 95, Material standard values, column 6 (TECAPEEK HT black), row Elongation at break",5,%,1
obs-98c38327cbc2ce5e2d60,tecapeek-ht-black,,flexural_strength,point,192000000.0,,,Pa,typical,"{""product_form"": ""stock_shape""}",DIN EN ISO 178,https://www.ensingerplastics.com/en-us/-/media/ensinger/files/document-teaser-files/brochures/shapes/engineering-plastics-manual-english.ashx,"Page 95, Material standard values, column 6 (TECAPEEK HT black), row Flexural strength",192,MPa,3
obs-b299d4b083bd70be282e,tecapeek-st-black,,density,point,1320.0,,,kg/m^3,typical,"{""product_form"": ""stock_shape""}",DIN EN ISO 1183,https://www.ensingerplastics.com/en-us/-/media/ensinger/files/document-teaser-files/brochures/shapes/engineering-plastics-manual-english.ashx,"Page 95, Material standard values, column 7 (TECAPEEK ST black), row Density",1.32,g/cm³,3
obs-98bfc7f9589f6eeaa0b5,tecapeek-st-black,,youngs_modulus,point,4600000000.0,,,Pa,typical,"{""product_form"": ""stock_shape""}",DIN EN ISO 527-2,https://www.ensingerplastics.com/en-us/-/media/ensinger/files/document-teaser-files/brochures/shapes/engineering-plastics-manual-english.ashx,"Page 95, Material standard values, column 7 (TECAPEEK ST black), row Modulus of elasticity (tensile test)","4,600",MPa,4
obs-98fd9a33e3e96c3a05f0,tecapeek-st-black,,ultimate_tensile_strength,point,134000000.0,,,Pa,typical,"{""product_form"": ""stock_shape""}",DIN EN ISO 527-2,https://www.ensingerplastics.com/en-us/-/media/ensinger/files/document-teaser-files/brochures/shapes/engineering-plastics-manual-english.ashx,"Page 95, Material standard values, column 7 (TECAPEEK ST black), row Tensile strength",134,MPa,3
obs-35adbfb9663ffa035154,tecapeek-st-black,,tensile_yield_strength,point,134000000.0,,,Pa,typical,"{""product_form"": ""stock_shape""}",DIN EN ISO 527-2,https://www.ensingerplastics.com/en-us/-/media/ensinger/files/document-teaser-files/brochures/shapes/engineering-plastics-manual-english.ashx,"Page 95, Material standard values, column 7 (TECAPEEK ST black), row Tensile strength at yield",134,MPa,3
obs-4abee46f5dea7b08d107,tecapeek-st-black,,elongation_at_break,point,0.13,,,1,typical,"{""product_form"": ""stock_shape""}",DIN EN ISO 527-2,https://www.ensingerplastics.com/en-us/-/media/ensinger/files/document-teaser-files/brochures/shapes/engineering-plastics-manual-english.ashx,"Page 95, Material standard values, column 7 (TECAPEEK ST black), row Elongation at break",13,%,2
obs-d79155187205dc30eadc,tecapeek-st-black,,flexural_strength,point,193000000.0,,,Pa,typical,"{""product_form"": ""stock_shape""}",DIN EN ISO 178,https://www.ensingerplastics.com/en-us/-/media/ensinger/files/document-teaser-files/brochures/shapes/engineering-plastics-manual-english.ashx,"Page 95, Material standard values, column 7 (TECAPEEK ST black), row Flexural strength",193,MPa,3
obs-405d4ac15f252992a41f,tecatec-peek-cw50,,density,point,1490.0,,,kg/m^3,typical,"{""product_form"": ""stock_shape""}",DIN EN ISO 1183,https://www.ensingerplastics.com/en-us/-/media/ensinger/files/document-teaser-files/brochures/shapes/engineering-plastics-manual-english.ashx,"Page 95, Material standard values, column 8 (TECATEC PEEK CW50), row Density",1.49,g/cm³,3
obs-6eca42f4c014a03e2a13,tecatec-peek-cw50,,youngs_modulus,point,53200000000.0,,,Pa,typical,"{""product_form"": ""stock_shape""}",DIN EN ISO 527-2,https://www.ensingerplastics.com/en-us/-/media/ensinger/files/document-teaser-files/brochures/shapes/engineering-plastics-manual-english.ashx,"Page 95, Material standard values, column 8 (TECATEC PEEK CW50), row Modulus of elasticity (tensile test)","53,200",MPa,5
obs-ded5f99b88229ea99131,tecatec-peek-cw50,,ultimate_tensile_strength,point,491000000.0,,,Pa,typical,"{""product_form"": ""stock_shape""}",DIN EN ISO 527-2,https://www.ensingerplastics.com/en-us/-/media/ensinger/files/document-teaser-files/brochures/shapes/engineering-plastics-manual-english.ashx,"Page 95, Material standard values, column 8 (TECATEC PEEK CW50), row Tensile strength",491,MPa,3
obs-6afa4f1665a50e1e8a6c,tecatec-peek-cw50,,flexural_strength,point,813000000.0,,,Pa,typical,"{""product_form"": ""stock_shape""}",DIN EN ISO 178,https://www.ensingerplastics.com/en-us/-/media/ensinger/files/document-teaser-files/brochures/shapes/engineering-plastics-manual-english.ashx,"Page 95, Material standard values, column 8 (TECATEC PEEK CW50), row Flexural strength",813,MPa,3
obs-3985d3e68f0529cec1e3,tecatec-pekk-cw60,,density,point,1610.0,,,kg/m^3,typical,"{""product_form"": ""stock_shape""}",DIN EN ISO 1183,https://www.ensingerplastics.com/en-us/-/media/ensinger/files/document-teaser-files/brochures/shapes/engineering-plastics-manual-english.ashx,"Page 95, Material standard values, column 9 (TECATEC PEKK CW60), row Density",1.61,g/cm³,3
obs-a6dab510d759b49a7a3f,tecatec-pekk-cw60,,youngs_modulus,point,54300000000.0,,,Pa,typical,"{""product_form"": ""stock_shape""}",DIN EN ISO 527-2,https://www.ensingerplastics.com/en-us/-/media/ensinger/files/document-teaser-files/brochures/shapes/engineering-plastics-manual-english.ashx,"Page 95, Material standard values, column 9 (TECATEC PEKK CW60), row Modulus of elasticity (tensile test)","54,300",MPa,5
obs-c420f814e4f53d17cc45,tecatec-pekk-cw60,,ultimate_tensile_strength,point,585000000.0,,,Pa,typical,"{""product_form"": ""stock_shape""}",DIN EN ISO 527-2,https://www.ensingerplastics.com/en-us/-/media/ensinger/files/document-teaser-files/brochures/shapes/engineering-plastics-manual-english.ashx,"Page 95, Material standard values, column 9 (TECATEC PEKK CW60), row Tensile strength",585,MPa,3
obs-2698ecc88c0c8e5aebd1,tecatec-pekk-cw60,,flexural_strength,point,960000000.0,,,Pa,typical,"{""product_form"": ""stock_shape""}",DIN EN ISO 178,https://www.ensingerplastics.com/en-us/-/media/ensinger/files/document-teaser-files/brochures/shapes/engineering-plastics-manual-english.ashx,"Page 95, Material standard values, column 9 (TECATEC PEKK CW60), row Flexural strength",960,MPa,3
obs-696bca6f64761b2db7a6,tecator-5013,,density,point,1400.0,,,kg/m^3,typical,"{""product_form"": ""stock_shape""}",DIN EN ISO 1183,https://www.ensingerplastics.com/en-us/-/media/ensinger/files/document-teaser-files/brochures/shapes/engineering-plastics-manual-english.ashx,"Page 95, Material standard values, column 10 (TECATOR 5013), row Density",1.4,g/cm³,2
obs-8a1427fc5ac1f9d3d533,tecator-5013,,youngs_modulus,point,3800000000.0,,,Pa,typical,"{""product_form"": ""stock_shape""}",DIN EN ISO 527-2,https://www.ensingerplastics.com/en-us/-/media/ensinger/files/document-teaser-files/brochures/shapes/engineering-plastics-manual-english.ashx,"Page 95, Material standard values, column 10 (TECATOR 5013), row Modulus of elasticity (tensile test)","3,800",MPa,4
obs-8e130343fe274764c573,tecator-5013,,ultimate_tensile_strength,point,151000000.0,,,Pa,typical,"{""product_form"": ""stock_shape""}",DIN EN ISO 527-2,https://www.ensingerplastics.com/en-us/-/media/ensinger/files/document-teaser-files/brochures/shapes/engineering-plastics-manual-english.ashx,"Page 95, Material standard values, column 10 (TECATOR 5013), row Tensile strength",151,MPa,3
obs-15e10835951a373f2f2e,tecator-5013,,tensile_yield_strength,point,151000000.0,,,Pa,typical,"{""product_form"": ""stock_shape""}",DIN EN ISO 527-2,https://www.ensingerplastics.com/en-us/-/media/ensinger/files/document-teaser-files/brochures/shapes/engineering-plastics-manual-english.ashx,"Page 95, Material standard values, column 10 (TECATOR 5013), row Tensile strength at yield",151,MPa,3
obs-80b13ab0df2e26160010,tecator-5013,,elongation_at_break,point,0.21,,,1,typical,"{""product_form"": ""stock_shape""}",DIN EN ISO 527-2,https://www.ensingerplastics.com/en-us/-/media/ensinger/files/document-teaser-files/brochures/shapes/engineering-plastics-manual-english.ashx,"Page 95, Material standard values, column 10 (TECATOR 5013), row Elongation at break",21,%,2
obs-eba9855cb234526cc4e9,tecator-5013,,thermal_conductivity,point,0.29,,,W/(m*K),typical,"{""product_form"": ""stock_shape""}",ASTM E1530,https://www.ensingerplastics.com/en-us/-/media/ensinger/files/document-teaser-files/brochures/shapes/engineering-plastics-manual-english.ashx,"Page 95, Material standard values, column 10 (TECATOR 5013), row Thermal conductivity",0.29,W/(m·K),2
obs-07420e69ba81b08d46b9,tecator-5031-pvx,,density,point,1460.0,,,kg/m^3,typical,"{""product_form"": ""stock_shape""}",DIN EN ISO 1183,https://www.ensingerplastics.com/en-us/-/media/ensinger/files/document-teaser-files/brochures/shapes/engineering-plastics-manual-english.ashx,"Page 96, Material standard values, column 1 (TECATOR 5031 PVX), row Density",1.46,g/cm³,3
obs-84fb1d9bed8a703043db,tecator-5031-pvx,,youngs_modulus,point,5900000000.0,,,Pa,typical,"{""product_form"": ""stock_shape""}",DIN EN ISO 527-2,https://www.ensingerplastics.com/en-us/-/media/ensinger/files/document-teaser-files/brochures/shapes/engineering-plastics-manual-english.ashx,"Page 96, Material standard values, column 1 (TECATOR 5031 PVX), row Modulus of elasticity (tensile test)","5,900",MPa,4
obs-c63e37a365e0fdb94c0c,tecator-5031-pvx,,ultimate_tensile_strength,point,135000000.0,,,Pa,typical,"{""product_form"": ""stock_shape""}",DIN EN ISO 527-2,https://www.ensingerplastics.com/en-us/-/media/ensinger/files/document-teaser-files/brochures/shapes/engineering-plastics-manual-english.ashx,"Page 96, Material standard values, column 1 (TECATOR 5031 PVX), row Tensile strength",135,MPa,3
obs-2f5e25f4fd7f7fbe5a24,tecator-5031-pvx,,tensile_yield_strength,point,135000000.0,,,Pa,typical,"{""product_form"": ""stock_shape""}",DIN EN ISO 527-2,https://www.ensingerplastics.com/en-us/-/media/ensinger/files/document-teaser-files/brochures/shapes/engineering-plastics-manual-english.ashx,"Page 96, Material standard values, column 1 (TECATOR 5031 PVX), row Tensile strength at yield",135,MPa,3
obs-67007a408b79d9f01128,tecator-5031-pvx,,elongation_at_break,point,0.07,,,1,typical,"{""product_form"": ""stock_shape""}",DIN EN ISO 527-2,https://www.ensingerplastics.com/en-us/-/media/ensinger/files/document-teaser-files/brochures/shapes/engineering-plastics-manual-english.ashx,"Page 96, Material standard values, column 1 (TECATOR 5031 PVX), row Elongation at break",7,%,1
obs-f86866bdca8eebab2db9,tecator-5031-pvx,,thermal_conductivity,point,0.6,,,W/(m*K),typical,"{""product_form"": ""stock_shape""}",ASTM E1530,https://www.ensingerplastics.com/en-us/-/media/ensinger/files/document-teaser-files/brochures/shapes/engineering-plastics-manual-english.ashx,"Page 96, Material standard values, column 1 (TECATOR 5031 PVX), row Thermal conductivity",0.60,W/(m·K),2
obs-46f8a7108a56e7b41a3a,tecasint-1011,,density,point,1340.0,,,kg/m^3,typical,"{""product_form"": ""stock_shape""}",DIN EN ISO 1183,https://www.ensingerplastics.com/en-us/-/media/ensinger/files/document-teaser-files/brochures/shapes/engineering-plastics-manual-english.ashx,"Page 96, Material standard values, column 2 (TECASINT 1011), row Density",1.34,g/cm³,3
obs-b94b53e904e54f1a3559,tecasint-1011,,youngs_modulus,point,4000000000.0,,,Pa,typical,"{""product_form"": ""stock_shape""}",DIN EN ISO 527-2,https://www.ensingerplastics.com/en-us/-/media/ensinger/files/document-teaser-files/brochures/shapes/engineering-plastics-manual-english.ashx,"Page 96, Material standard values, column 2 (TECASINT 1011), row Modulus of elasticity (tensile test)","4,000",MPa,4
obs-ea8368d25a91f13748e9,tecasint-1011,,ultimate_tensile_strength,point,116000000.0,,,Pa,typical,"{""product_form"": ""stock_shape""}",DIN EN ISO 527-2,https://www.ensingerplastics.com/en-us/-/media/ensinger/files/document-teaser-files/brochures/shapes/engineering-plastics-manual-english.ashx,"Page 96, Material standard values, column 2 (TECASINT 1011), row Tensile strength",116,MPa,3
obs-88ca2b0bf760cf188ac4,tecasint-1011,,elongation_at_break,point,0.09,,,1,typical,"{""product_form"": ""stock_shape""}",DIN EN ISO 527-2,https://www.ensingerplastics.com/en-us/-/media/ensinger/files/document-teaser-files/brochures/shapes/engineering-plastics-manual-english.ashx,"Page 96, Material standard values, column 2 (TECASINT 1011), row Elongation at break",9.0,%,2
obs-a17b7d32e22111549b6a,tecasint-1011,,thermal_conductivity,point,0.22,,,W/(m*K),typical,"{""product_form"": ""stock_shape""}",ISO 8302,https://www.ensingerplastics.com/en-us/-/media/ensinger/files/document-teaser-files/brochures/shapes/engineering-plastics-manual-english.ashx,"Page 96, Material standard values, column 2 (TECASINT 1011), row Thermal conductivity",0.22,W/(m·K),2
obs-e3b1a5fb0bed6d0b623e,tecasint-1011,,flexural_strength,point,210000000.0,,,Pa,typical,"{""product_form"": ""stock_shape""}",DIN EN ISO 178,https://www.ensingerplastics.com/en-us/-/media/ensinger/files/document-teaser-files/brochures/shapes/engineering-plastics-manual-english.ashx,"Page 96, Material standard values, column 2 (TECASINT 1011), row Flexural strength",210,MPa,3
obs-fc5d65edbd6f1906b9c1,tecasint-1021,,density,point,1420.0,,,kg/m^3,typical,"{""product_form"": ""stock_shape""}",DIN EN ISO 1183,https://www.ensingerplastics.com/en-us/-/media/ensinger/files/document-teaser-files/brochures/shapes/engineering-plastics-manual-english.ashx,"Page 96, Material standard values, column 3 (TECASINT 1021), row Density",1.42,g/cm³,3
obs-e761858aa5d4dd5cde65,tecasint-1021,,youngs_modulus,point,4000000000.0,,,Pa,typical,"{""product_form"": ""stock_shape""}",DIN EN ISO 527-2,https://www.ensingerplastics.com/en-us/-/media/ensinger/files/document-teaser-files/brochures/shapes/engineering-plastics-manual-english.ashx,"Page 96, Material standard values, column 3 (TECASINT 1021), row Modulus of elasticity (tensile test)","4,000",MPa,4
obs-78a0a042adcac664c44f,tecasint-1021,,ultimate_tensile_strength,point,97000000.0,,,Pa,typical,"{""product_form"": ""stock_shape""}",DIN EN ISO 527-2,https://www.ensingerplastics.com/en-us/-/media/ensinger/files/document-teaser-files/brochures/shapes/engineering-plastics-manual-english.ashx,"Page 96, Material standard values, column 3 (TECASINT 1021), row Tensile strength",97,MPa,2
obs-a3b67ac995cdea291744,tecasint-1021,,elongation_at_break,point,0.027999999999999997,,,1,typical,"{""product_form"": ""stock_shape""}",DIN EN ISO 527-2,https://www.ensingerplastics.com/en-us/-/media/ensinger/files/document-teaser-files/brochures/shapes/engineering-plastics-manual-english.ashx,"Page 96, Material standard values, column 3 (TECASINT 1021), row Elongation at break",2.8,%,2
obs-c296f09eed9de90ec5d3,tecasint-1021,,thermal_conductivity,point,0.53,,,W/(m*K),typical,"{""product_form"": ""stock_shape""}",ISO 8302,https://www.ensingerplastics.com/en-us/-/media/ensinger/files/document-teaser-files/brochures/shapes/engineering-plastics-manual-english.ashx,"Page 96, Material standard values, column 3 (TECASINT 1021), row Thermal conductivity",0.53,W/(m·K),2
obs-f481ce7ddd775ff28556,tecasint-1021,,flexural_strength,point,150000000.0,,,Pa,typical,"{""product_form"": ""stock_shape""}",DIN EN ISO 178,https://www.ensingerplastics.com/en-us/-/media/ensinger/files/document-teaser-files/brochures/shapes/engineering-plastics-manual-english.ashx,"Page 96, Material standard values, column 3 (TECASINT 1021), row Flexural strength",150,MPa,3
obs-69a63e6173e06d4de544,tecasint-1031,,density,point,1570.0,,,kg/m^3,typical,"{""product_form"": ""stock_shape""}",DIN EN ISO 1183,https://www.ensingerplastics.com/en-us/-/media/ensinger/files/document-teaser-files/brochures/shapes/engineering-plastics-manual-english.ashx,"Page 96, Material standard values, column 4 (TECASINT 1031), row Density",1.57,g/cm³,3
obs-c80cd5a792ed0d0bcc0f,tecasint-1031,,ultimate_tensile_strength,point,65000000.0,,,Pa,typical,"{""product_form"": ""stock_shape""}",DIN EN ISO 527-2,https://www.ensingerplastics.com/en-us/-/media/ensinger/files/document-teaser-files/brochures/shapes/engineering-plastics-manual-english.ashx,"Page 96, Material standard values, column 4 (TECASINT 1031), row Tensile strength",65,MPa,2
obs-17a33d66b306562609d3,tecasint-1031,,elongation_at_break,point,0.022000000000000002,,,1,typical,"{""product_form"": ""stock_shape""}",DIN EN ISO 527-2,https://www.ensingerplastics.com/en-us/-/media/ensinger/files/document-teaser-files/brochures/shapes/engineering-plastics-manual-english.ashx,"Page 96, Material standard values, column 4 (TECASINT 1031), row Elongation at break",2.2,%,2
obs-722ea7f32015cd33dc56,tecasint-1031,,flexural_strength,point,88000000.0,,,Pa,typical,"{""product_form"": ""stock_shape""}",DIN EN ISO 178,https://www.ensingerplastics.com/en-us/-/media/ensinger/files/document-teaser-files/brochures/shapes/engineering-plastics-manual-english.ashx,"Page 96, Material standard values, column 4 (TECASINT 1031), row Flexural strength",88,MPa,2
obs-e3d68bd73b9c7b589108,tecasint-1041,,density,point,1670.0,,,kg/m^3,typical,"{""product_form"": ""stock_shape""}",DIN EN ISO 1183,https://www.ensingerplastics.com/en-us/-/media/ensinger/files/document-teaser-files/brochures/shapes/engineering-plastics-manual-english.ashx,"Page 96, Material standard values, column 5 (TECASINT 1041), row Density",1.67,g/cm³,3
obs-56b08a24908f673f80f0,tecasint-1041,,youngs_modulus,point,4340000000.0,,,Pa,typical,"{""product_form"": ""stock_shape""}",DIN EN ISO 527-2,https://www.ensingerplastics.com/en-us/-/media/ensinger/files/document-teaser-files/brochures/shapes/engineering-plastics-manual-english.ashx,"Page 96, Material standard values, column 5 (TECASINT 1041), row Modulus of elasticity (tensile test)","4,340",MPa,4
obs-fd96c3816665d0391cbf,tecasint-1041,,ultimate_tensile_strength,point,82000000.0,,,Pa,typical,"{""product_form"": ""stock_shape""}",DIN EN ISO 527-2,https://www.ensingerplastics.com/en-us/-/media/ensinger/files/document-teaser-files/brochures/shapes/engineering-plastics-manual-english.ashx,"Page 96, Material standard values, column 5 (TECASINT 1041), row Tensile strength",82,MPa,2
obs-bc69a15139d778870c2e,tecasint-1041,,elongation_at_break,point,0.027999999999999997,,,1,typical,"{""product_form"": ""stock_shape""}",DIN EN ISO 527-2,https://www.ensingerplastics.com/en-us/-/media/ensinger/files/document-teaser-files/brochures/shapes/engineering-plastics-manual-english.ashx,"Page 96, Material standard values, column 5 (TECASINT 1041), row Elongation at break",2.8,%,2
obs-a45091945b441567ac0e,tecasint-1041,,flexural_strength,point,126000000.0,,,Pa,typical,"{""product_form"": ""stock_shape""}",DIN EN ISO 178,https://www.ensingerplastics.com/en-us/-/media/ensinger/files/document-teaser-files/brochures/shapes/engineering-plastics-manual-english.ashx,"Page 96, Material standard values, column 5 (TECASINT 1041), row Flexural strength",126,MPa,3
obs-eae6d223822c8fead058,tecasint-1061,,density,point,1480.0,,,kg/m^3,typical,"{""product_form"": ""stock_shape""}",DIN EN ISO 1183,https://www.ensingerplastics.com/en-us/-/media/ensinger/files/document-teaser-files/brochures/shapes/engineering-plastics-manual-english.ashx,"Page 96, Material standard values, column 6 (TECASINT 1061), row Density",1.48,g/cm³,3
obs-7b0c54ec569885c73a13,tecasint-1061,,ultimate_tensile_strength,point,77000000.0,,,Pa,typical,"{""product_form"": ""stock_shape""}",DIN EN ISO 527-2,https://www.ensingerplastics.com/en-us/-/media/ensinger/files/document-teaser-files/brochures/shapes/engineering-plastics-manual-english.ashx,"Page 96, Material standard values, column 6 (TECASINT 1061), row Tensile strength",77,MPa,2
obs-90109a936492b6822574,tecasint-1061,,elongation_at_break,point,0.028999999999999998,,,1,typical,"{""product_form"": ""stock_shape""}",DIN EN ISO 527-2,https://www.ensingerplastics.com/en-us/-/media/ensinger/files/document-teaser-files/brochures/shapes/engineering-plastics-manual-english.ashx,"Page 96, Material standard values, column 6 (TECASINT 1061), row Elongation at break",2.9,%,2
obs-c716f25a3332cd750543,tecasint-1061,,flexural_strength,point,120000000.0,,,Pa,typical,"{""product_form"": ""stock_shape""}",DIN EN ISO 178,https://www.ensingerplastics.com/en-us/-/media/ensinger/files/document-teaser-files/brochures/shapes/engineering-plastics-manual-english.ashx,"Page 96, Material standard values, column 6 (TECASINT 1061), row Flexural strength",120,MPa,3
obs-0c15ab9ba616a0f9da39,tecasint-1101,,density,point,1340.0,,,kg/m^3,typical,"{""product_form"": ""stock_shape""}",DIN EN ISO 1183,https://www.ensingerplastics.com/en-us/-/media/ensinger/files/document-teaser-files/brochures/shapes/engineering-plastics-manual-english.ashx,"Page 96, Material standard values, column 7 (TECASINT 1101), row Density",1.34,g/cm³,3
obs-ca73a006aca947024514,tecasint-1101,,youngs_modulus,point,4000000000.0,,,Pa,typical,"{""product_form"": ""stock_shape""}",DIN EN ISO 527-2,https://www.ensingerplastics.com/en-us/-/media/ensinger/files/document-teaser-files/brochures/shapes/engineering-plastics-manual-english.ashx,"Page 96, Material standard values, column 7 (TECASINT 1101), row Modulus of elasticity (tensile test)","4,000",MPa,4
obs-08f13cac03bedd540150,tecasint-1101,,ultimate_tensile_strength,point,153000000.0,,,Pa,typical,"{""product_form"": ""stock_shape""}",DIN EN ISO 527-2,https://www.ensingerplastics.com/en-us/-/media/ensinger/files/document-teaser-files/brochures/shapes/engineering-plastics-manual-english.ashx,"Page 96, Material standard values, column 7 (TECASINT 1101), row Tensile strength",153,MPa,3
obs-ee243f89a4b9527c6a6f,tecasint-1101,,elongation_at_break,point,0.07400000000000001,,,1,typical,"{""product_form"": ""stock_shape""}",DIN EN ISO 527-2,https://www.ensingerplastics.com/en-us/-/media/ensinger/files/document-teaser-files/brochures/shapes/engineering-plastics-manual-english.ashx,"Page 96, Material standard values, column 7 (TECASINT 1101), row Elongation at break",7.4,%,2
obs-d2f88aed76003640a120,tecasint-1101,,thermal_conductivity,point,0.22,,,W/(m*K),typical,"{""product_form"": ""stock_shape""}",ISO 8302,https://www.ensingerplastics.com/en-us/-/media/ensinger/files/document-teaser-files/brochures/shapes/engineering-plastics-manual-english.ashx,"Page 96, Material standard values, column 7 (TECASINT 1101), row Thermal conductivity",0.22,W/(m·K),2
obs-49a35ea62a5968bc1dc4,tecasint-1101,,flexural_strength,point,209000000.0,,,Pa,typical,"{""product_form"": ""stock_shape""}",DIN EN ISO 178,https://www.ensingerplastics.com/en-us/-/media/ensinger/files/document-teaser-files/brochures/shapes/engineering-plastics-manual-english.ashx,"Page 96, Material standard values, column 7 (TECASINT 1101), row Flexural strength",209,MPa,3
obs-c180ae68e5f49b21e137,tecasint-1611,,density,point,1510.0,,,kg/m^3,typical,"{""product_form"": ""stock_shape""}",DIN EN ISO 1183,https://www.ensingerplastics.com/en-us/-/media/ensinger/files/document-teaser-files/brochures/shapes/engineering-plastics-manual-english.ashx,"Page 96, Material standard values, column 8 (TECASINT 1611), row Density",1.51,g/cm³,3
obs-9dcba6ad4e9e46359a98,tecasint-1611,,ultimate_tensile_strength,point,82000000.0,,,Pa,typical,"{""product_form"": ""stock_shape""}",DIN EN ISO 527-2,https://www.ensingerplastics.com/en-us/-/media/ensinger/files/document-teaser-files/brochures/shapes/engineering-plastics-manual-english.ashx,"Page 96, Material standard values, column 8 (TECASINT 1611), row Tensile strength",82,MPa,2
obs-68cce0ef9ad4bb2024b7,tecasint-1611,,elongation_at_break,point,0.040999999999999995,,,1,typical,"{""product_form"": ""stock_shape""}",DIN EN ISO 527-2,https://www.ensingerplastics.com/en-us/-/media/ensinger/files/document-teaser-files/brochures/shapes/engineering-plastics-manual-english.ashx,"Page 96, Material standard values, column 8 (TECASINT 1611), row Elongation at break",4.1,%,2
obs-1209002607443dee0307,tecasint-1611,,flexural_strength,point,122000000.0,,,Pa,typical,"{""product_form"": ""stock_shape""}",DIN EN ISO 178,https://www.ensingerplastics.com/en-us/-/media/ensinger/files/document-teaser-files/brochures/shapes/engineering-plastics-manual-english.ashx,"Page 96, Material standard values, column 8 (TECASINT 1611), row Flexural strength",122,MPa,3
obs-cbf2a7bb7324568e2661,tecasint-2011,,density,point,1380.0,,,kg/m^3,typical,"{""product_form"": ""stock_shape""}",DIN EN ISO 1183,https://www.ensingerplastics.com/en-us/-/media/ensinger/files/document-teaser-files/brochures/shapes/engineering-plastics-manual-english.ashx,"Page 96, Material standard values, column 9 (TECASINT 2011), row Density",1.38,g/cm³,3
obs-c50659a03eeceab975bf,tecasint-2011,,youngs_modulus,point,3700000000.0,,,Pa,typical,"{""product_form"": ""stock_shape""}",DIN EN ISO 527-2,https://www.ensingerplastics.com/en-us/-/media/ensinger/files/document-teaser-files/brochures/shapes/engineering-plastics-manual-english.ashx,"Page 96, Material standard values, column 9 (TECASINT 2011), row Modulus of elasticity (tensile test)","3,700",MPa,4
obs-cc128e75ccd5bbf0c51a,tecasint-2011,,ultimate_tensile_strength,point,118000000.0,,,Pa,typical,"{""product_form"": ""stock_shape""}",DIN EN ISO 527-2,https://www.ensingerplastics.com/en-us/-/media/ensinger/files/document-teaser-files/brochures/shapes/engineering-plastics-manual-english.ashx,"Page 96, Material standard values, column 9 (TECASINT 2011), row Tensile strength",118,MPa,3
obs-4b0eae986fe60cdc6ff6,tecasint-2011,,elongation_at_break,point,0.045,,,1,typical,"{""product_form"": ""stock_shape""}",DIN EN ISO 527-2,https://www.ensingerplastics.com/en-us/-/media/ensinger/files/document-teaser-files/brochures/shapes/engineering-plastics-manual-english.ashx,"Page 96, Material standard values, column 9 (TECASINT 2011), row Elongation at break",4.5,%,2
obs-4ba536035a30f38db1a5,tecasint-2011,,thermal_conductivity,point,0.22,,,W/(m*K),typical,"{""product_form"": ""stock_shape""}",ISO 8302,https://www.ensingerplastics.com/en-us/-/media/ensinger/files/document-teaser-files/brochures/shapes/engineering-plastics-manual-english.ashx,"Page 96, Material standard values, column 9 (TECASINT 2011), row Thermal conductivity",0.22,W/(m·K),2
obs-0d208cd5935d4c0736b4,tecasint-2011,,flexural_strength,point,177000000.0,,,Pa,typical,"{""product_form"": ""stock_shape""}",DIN EN ISO 178,https://www.ensingerplastics.com/en-us/-/media/ensinger/files/document-teaser-files/brochures/shapes/engineering-plastics-manual-english.ashx,"Page 96, Material standard values, column 9 (TECASINT 2011), row Flexural strength",177,MPa,3
obs-f9b80ca2b7351b94ab4c,tecasint-2021,,density,point,1450.0,,,kg/m^3,typical,"{""product_form"": ""stock_shape""}",DIN EN ISO 1183,https://www.ensingerplastics.com/en-us/-/media/ensinger/files/document-teaser-files/brochures/shapes/engineering-plastics-manual-english.ashx,"Page 96, Material standard values, column 10 (TECASINT 2021), row Density",1.45,g/cm³,3
obs-d81ec3322ef47df05d33,tecasint-2021,,youngs_modulus,point,4400000000.0,,,Pa,typical,"{""product_form"": ""stock_shape""}",DIN EN ISO 527-2,https://www.ensingerplastics.com/en-us/-/media/ensinger/files/document-teaser-files/brochures/shapes/engineering-plastics-manual-english.ashx,"Page 96, Material standard values, column 10 (TECASINT 2021), row Modulus of elasticity (tensile test)","4,400",MPa,4
obs-c152e3d067ebef0ec9e4,tecasint-2021,,ultimate_tensile_strength,point,101000000.0,,,Pa,typical,"{""product_form"": ""stock_shape""}",DIN EN ISO 527-2,https://www.ensingerplastics.com/en-us/-/media/ensinger/files/document-teaser-files/brochures/shapes/engineering-plastics-manual-english.ashx,"Page 96, Material standard values, column 10 (TECASINT 2021), row Tensile strength",101,MPa,3
obs-da7f67f3fa34baeae3c9,tecasint-2021,,elongation_at_break,point,0.037000000000000005,,,1,typical,"{""product_form"": ""stock_shape""}",DIN EN ISO 527-2,https://www.ensingerplastics.com/en-us/-/media/ensinger/files/document-teaser-files/brochures/shapes/engineering-plastics-manual-english.ashx,"Page 96, Material standard values, column 10 (TECASINT 2021), row Elongation at break",3.7,%,2
obs-00691403eabb29cfb3a6,tecasint-2021,,flexural_strength,point,145000000.0,,,Pa,typical,"{""product_form"": ""stock_shape""}",DIN EN ISO 178,https://www.ensingerplastics.com/en-us/-/media/ensinger/files/document-teaser-files/brochures/shapes/engineering-plastics-manual-english.ashx,"Page 96, Material standard values, column 10 (TECASINT 2021), row Flexural strength",145,MPa,3
obs-cd26fd4b873e9b8f9d0c,tecasint-2031,,density,point,1590.0,,,kg/m^3,typical,"{""product_form"": ""stock_shape""}",DIN EN ISO 1183,https://www.ensingerplastics.com/en-us/-/media/ensinger/files/document-teaser-files/brochures/shapes/engineering-plastics-manual-english.ashx,"Page 97, Material standard values, column 1 (TECASINT 2031), row Density",1.59,g/cm³,3
obs-5c6c57875a101c34d074,tecasint-2031,,youngs_modulus,point,6300000000.0,,,Pa,typical,"{""product_form"": ""stock_shape""}",DIN EN ISO 527-2,https://www.ensingerplastics.com/en-us/-/media/ensinger/files/document-teaser-files/brochures/shapes/engineering-plastics-manual-english.ashx,"Page 97, Material standard values, column 1 (TECASINT 2031), row Modulus of elasticity (tensile test)","6,300",MPa,4
obs-f30891c2d476ca446175,tecasint-2031,,ultimate_tensile_strength,point,65000000.0,,,Pa,typical,"{""product_form"": ""stock_shape""}",DIN EN ISO 527-2,https://www.ensingerplastics.com/en-us/-/media/ensinger/files/document-teaser-files/brochures/shapes/engineering-plastics-manual-english.ashx,"Page 97, Material standard values, column 1 (TECASINT 2031), row Tensile strength",65,MPa,2
obs-7880b2bd373d656e83ff,tecasint-2031,,elongation_at_break,point,0.021,,,1,typical,"{""product_form"": ""stock_shape""}",DIN EN ISO 527-2,https://www.ensingerplastics.com/en-us/-/media/ensinger/files/document-teaser-files/brochures/shapes/engineering-plastics-manual-english.ashx,"Page 97, Material standard values, column 1 (TECASINT 2031), row Elongation at break",2.1,%,2
obs-cbd178f9e4ce6ed279f0,tecasint-2031,,flexural_strength,point,87500000.0,,,Pa,typical,"{""product_form"": ""stock_shape""}",DIN EN ISO 178,https://www.ensingerplastics.com/en-us/-/media/ensinger/files/document-teaser-files/brochures/shapes/engineering-plastics-manual-english.ashx,"Page 97, Material standard values, column 1 (TECASINT 2031), row Flexural strength",87.5,MPa,3
obs-6b135a3774ee4703d102,tecasint-2391,,density,point,1540.0,,,kg/m^3,typical,"{""product_form"": ""stock_shape""}",DIN EN ISO 1183,https://www.ensingerplastics.com/en-us/-/media/ensinger/files/document-teaser-files/brochures/shapes/engineering-plastics-manual-english.ashx,"Page 97, Material standard values, column 2 (TECASINT 2391), row Density",1.54,g/cm³,3
obs-b98657876e622ff3db5e,tecasint-2391,,youngs_modulus,point,4400000000.0,,,Pa,typical,"{""product_form"": ""stock_shape""}",DIN EN ISO 527-2,https://www.ensingerplastics.com/en-us/-/media/ensinger/files/document-teaser-files/brochures/shapes/engineering-plastics-manual-english.ashx,"Page 97, Material standard values, column 2 (TECASINT 2391), row Modulus of elasticity (tensile test)","4,400",MPa,4
obs-cdba10d1595e12775abf,tecasint-2391,,ultimate_tensile_strength,point,95000000.0,,,Pa,typical,"{""product_form"": ""stock_shape""}",DIN EN ISO 527-2,https://www.ensingerplastics.com/en-us/-/media/ensinger/files/document-teaser-files/brochures/shapes/engineering-plastics-manual-english.ashx,"Page 97, Material standard values, column 2 (TECASINT 2391), row Tensile strength",95,MPa,2
obs-fdb31a8cb654f1509701,tecasint-2391,,elongation_at_break,point,0.028999999999999998,,,1,typical,"{""product_form"": ""stock_shape""}",DIN EN ISO 527-2,https://www.ensingerplastics.com/en-us/-/media/ensinger/files/document-teaser-files/brochures/shapes/engineering-plastics-manual-english.ashx,"Page 97, Material standard values, column 2 (TECASINT 2391), row Elongation at break",2.9,%,2
obs-6320db814e1845e70abc,tecasint-2391,,flexural_strength,point,137000000.0,,,Pa,typical,"{""product_form"": ""stock_shape""}",DIN EN ISO 178,https://www.ensingerplastics.com/en-us/-/media/ensinger/files/document-teaser-files/brochures/shapes/engineering-plastics-manual-english.ashx,"Page 97, Material standard values, column 2 (TECASINT 2391), row Flexural strength",137,MPa,3
obs-064d68764c2fb5b46d3c,tecasint-4011,,density,point,1410.0,,,kg/m^3,typical,"{""product_form"": ""stock_shape""}",DIN EN ISO 1183,https://www.ensingerplastics.com/en-us/-/media/ensinger/files/document-teaser-files/brochures/shapes/engineering-plastics-manual-english.ashx,"Page 97, Material standard values, column 3 (TECASINT 4011), row Density",1.41,g/cm³,3
obs-1bc69271dd80f6e69a44,tecasint-4011,,youngs_modulus,point,4000000000.0,,,Pa,typical,"{""product_form"": ""stock_shape""}",DIN EN ISO 527-2,https://www.ensingerplastics.com/en-us/-/media/ensinger/files/document-teaser-files/brochures/shapes/engineering-plastics-manual-english.ashx,"Page 97, Material standard values, column 3 (TECASINT 4011), row Modulus of elasticity (tensile test)","4,000",MPa,4
obs-731e555a4477ed42a074,tecasint-4011,,ultimate_tensile_strength,point,130000000.0,,,Pa,typical,"{""product_form"": ""stock_shape""}",DIN EN ISO 527-2,https://www.ensingerplastics.com/en-us/-/media/ensinger/files/document-teaser-files/brochures/shapes/engineering-plastics-manual-english.ashx,"Page 97, Material standard values, column 3 (TECASINT 4011), row Tensile strength",130,MPa,3
obs-4ebc979d461fa2f7f365,tecasint-4011,,elongation_at_break,point,0.045,,,1,typical,"{""product_form"": ""stock_shape""}",DIN EN ISO 527-2,https://www.ensingerplastics.com/en-us/-/media/ensinger/files/document-teaser-files/brochures/shapes/engineering-plastics-manual-english.ashx,"Page 97, Material standard values, column 3 (TECASINT 4011), row Elongation at break",4.5,%,2
obs-e05029e6d0a932933a4a,tecasint-4011,,thermal_conductivity,point,0.4,,,W/(m*K),typical,"{""product_form"": ""stock_shape""}",ISO 8302,https://www.ensingerplastics.com/en-us/-/media/ensinger/files/document-teaser-files/brochures/shapes/engineering-plastics-manual-english.ashx,"Page 97, Material standard values, column 3 (TECASINT 4011), row Thermal conductivity",0.4,W/(m·K),1
obs-88052902872016a8d2b6,tecasint-4011,,flexural_strength,point,180000000.0,,,Pa,typical,"{""product_form"": ""stock_shape""}",DIN EN ISO 178,https://www.ensingerplastics.com/en-us/-/media/ensinger/files/document-teaser-files/brochures/shapes/engineering-plastics-manual-english.ashx,"Page 97, Material standard values, column 3 (TECASINT 4011), row Flexural strength",180,MPa,3
obs-71b77a95f8b8e2492e0c,tecasint-4021,,density,point,1490.0,,,kg/m^3,typical,"{""product_form"": ""stock_shape""}",DIN EN ISO 1183,https://www.ensingerplastics.com/en-us/-/media/ensinger/files/document-teaser-files/brochures/shapes/engineering-plastics-manual-english.ashx,"Page 97, Material standard values, column 4 (TECASINT 4021), row Density",1.49,g/cm³,3
obs-2a25c698c22b487633b5,tecasint-4021,,youngs_modulus,point,4943000000.0,,,Pa,typical,"{""product_form"": ""stock_shape""}",DIN EN ISO 527-2,https://www.ensingerplastics.com/en-us/-/media/ensinger/files/document-teaser-files/brochures/shapes/engineering-plastics-manual-english.ashx,"Page 97, Material standard values, column 4 (TECASINT 4021), row Modulus of elasticity (tensile test)","4,943",MPa,4
obs-bec2803aa8478c75c47f,tecasint-4021,,ultimate_tensile_strength,point,93000000.0,,,Pa,typical,"{""product_form"": ""stock_shape""}",DIN EN ISO 527-2,https://www.ensingerplastics.com/en-us/-/media/ensinger/files/document-teaser-files/brochures/shapes/engineering-plastics-manual-english.ashx,"Page 97, Material standard values, column 4 (TECASINT 4021), row Tensile strength",93,MPa,2
obs-10f15372221bd2473a49,tecasint-4021,,elongation_at_break,point,0.03,,,1,typical,"{""product_form"": ""stock_shape""}",DIN EN ISO 527-2,https://www.ensingerplastics.com/en-us/-/media/ensinger/files/document-teaser-files/brochures/shapes/engineering-plastics-manual-english.ashx,"Page 97, Material standard values, column 4 (TECASINT 4021), row Elongation at break",3,%,1
obs-c268489777457a0e7720,tecasint-4021,,flexural_strength,point,131000000.0,,,Pa,typical,"{""product_form"": ""stock_shape""}",DIN EN ISO 178,https://www.ensingerplastics.com/en-us/-/media/ensinger/files/document-teaser-files/brochures/shapes/engineering-plastics-manual-english.ashx,"Page 97, Material standard values, column 4 (TECASINT 4021), row Flexural strength",131,MPa,3
obs-1858991659f0522c760d,tecasint-4111,,density,point,1460.0,,,kg/m^3,typical,"{""product_form"": ""stock_shape""}",DIN EN ISO 1183,https://www.ensingerplastics.com/en-us/-/media/ensinger/files/document-teaser-files/brochures/shapes/engineering-plastics-manual-english.ashx,"Page 97, Material standard values, column 5 (TECASINT 4111), row Density",1.46,g/cm³,3
obs-71c928dd6a8ca8be8496,tecasint-4111,,youngs_modulus,point,7000000000.0,,,Pa,typical,"{""product_form"": ""stock_shape""}",DIN EN ISO 527-2,https://www.ensingerplastics.com/en-us/-/media/ensinger/files/document-teaser-files/brochures/shapes/engineering-plastics-manual-english.ashx,"Page 97, Material standard values, column 5 (TECASINT 4111), row Modulus of elasticity (tensile test)","7,000",MPa,4
obs-8bf474a658b2efd26613,tecasint-4111,,ultimate_tensile_strength,point,100000000.0,,,Pa,typical,"{""product_form"": ""stock_shape""}",DIN EN ISO 527-2,https://www.ensingerplastics.com/en-us/-/media/ensinger/files/document-teaser-files/brochures/shapes/engineering-plastics-manual-english.ashx,"Page 97, Material standard values, column 5 (TECASINT 4111), row Tensile strength",100,MPa,3
obs-fa063b39cdb8907b14c4,tecasint-4111,,elongation_at_break,point,0.017,,,1,typical,"{""product_form"": ""stock_shape""}",DIN EN ISO 527-2,https://www.ensingerplastics.com/en-us/-/media/ensinger/files/document-teaser-files/brochures/shapes/engineering-plastics-manual-english.ashx,"Page 97, Material standard values, column 5 (TECASINT 4111), row Elongation at break",1.7,%,2
obs-22ccddb79499e71904ab,tecasint-4111,,thermal_conductivity,point,0.35,,,W/(m*K),typical,"{""product_form"": ""stock_shape""}",ISO 8302,https://www.ensingerplastics.com/en-us/-/media/ensinger/files/document-teaser-files/brochures/shapes/engineering-plastics-manual-english.ashx,"Page 97, Material standard values, column 5 (TECASINT 4111), row Thermal conductivity",0.35,W/(m·K),2
obs-d9d7ecaf056fcd621b55,tecasint-4111,,flexural_strength,point,160000000.0,,,Pa,typical,"{""product_form"": ""stock_shape""}",DIN EN ISO 178,https://www.ensingerplastics.com/en-us/-/media/ensinger/files/document-teaser-files/brochures/shapes/engineering-plastics-manual-english.ashx,"Page 97, Material standard values, column 5 (TECASINT 4111), row Flexural strength",160,MPa,3
obs-7b97ef7900f39bce04b3,tecasint-4121,,density,point,1530.0,,,kg/m^3,typical,"{""product_form"": ""stock_shape""}",DIN EN ISO 1183,https://www.ensingerplastics.com/en-us/-/media/ensinger/files/document-teaser-files/brochures/shapes/engineering-plastics-manual-english.ashx,"Page 97, Material standard values, column 6 (TECASINT 4121), row Density",1.53,g/cm³,3
obs-8b82c398e7bf998ca35b,tecasint-4121,,youngs_modulus,point,6600000000.0,,,Pa,typical,"{""product_form"": ""stock_shape""}",DIN EN ISO 527-2,https://www.ensingerplastics.com/en-us/-/media/ensinger/files/document-teaser-files/brochures/shapes/engineering-plastics-manual-english.ashx,"Page 97, Material standard values, column 6 (TECASINT 4121), row Modulus of elasticity (tensile test)","6,600",MPa,4
obs-131346274e40f99998a4,tecasint-4121,,ultimate_tensile_strength,point,34000000.0,,,Pa,typical,"{""product_form"": ""stock_shape""}",DIN EN ISO 527-2,https://www.ensingerplastics.com/en-us/-/media/ensinger/files/document-teaser-files/brochures/shapes/engineering-plastics-manual-english.ashx,"Page 97, Material standard values, column 6 (TECASINT 4121), row Tensile strength",34,MPa,2
obs-1a34658e5167846233ca,tecasint-4121,,elongation_at_break,point,0.005,,,1,typical,"{""product_form"": ""stock_shape""}",DIN EN ISO 527-2,https://www.ensingerplastics.com/en-us/-/media/ensinger/files/document-teaser-files/brochures/shapes/engineering-plastics-manual-english.ashx,"Page 97, Material standard values, column 6 (TECASINT 4121), row Elongation at break",0.5,%,1
obs-c628de317efe263c38e0,tecasint-4121,,flexural_strength,point,113000000.0,,,Pa,typical,"{""product_form"": ""stock_shape""}",DIN EN ISO 178,https://www.ensingerplastics.com/en-us/-/media/ensinger/files/document-teaser-files/brochures/shapes/engineering-plastics-manual-english.ashx,"Page 97, Material standard values, column 6 (TECASINT 4121), row Flexural strength",113,MPa,3
obs-94ffc65c5bb4a6f9f992,tecasint-5051,,density,point,1570.0,,,kg/m^3,typical,"{""product_form"": ""stock_shape""}",DIN EN ISO 1183,https://www.ensingerplastics.com/en-us/-/media/ensinger/files/document-teaser-files/brochures/shapes/engineering-plastics-manual-english.ashx,"Page 97, Material standard values, column 7 (TECASINT 5051), row Density",1.57,g/cm³,3
obs-88eb3c517a68c8dd940c,tecasint-5051,,youngs_modulus,point,5800000000.0,,,Pa,typical,"{""product_form"": ""stock_shape""}",DIN EN ISO 527-2,https://www.ensingerplastics.com/en-us/-/media/ensinger/files/document-teaser-files/brochures/shapes/engineering-plastics-manual-english.ashx,"Page 97, Material standard values, column 7 (TECASINT 5051), row Modulus of elasticity (tensile test)","5,800",MPa,4
obs-1e2039a11e5c341a0b1e,tecasint-5051,,ultimate_tensile_strength,point,94000000.0,,,Pa,typical,"{""product_form"": ""stock_shape""}",DIN EN ISO 527-2,https://www.ensingerplastics.com/en-us/-/media/ensinger/files/document-teaser-files/brochures/shapes/engineering-plastics-manual-english.ashx,"Page 97, Material standard values, column 7 (TECASINT 5051), row Tensile strength",94,MPa,2
obs-e6da7cd7aac169fef04d,tecasint-5051,,elongation_at_break,point,0.034,,,1,typical,"{""product_form"": ""stock_shape""}",DIN EN ISO 527-2,https://www.ensingerplastics.com/en-us/-/media/ensinger/files/document-teaser-files/brochures/shapes/engineering-plastics-manual-english.ashx,"Page 97, Material standard values, column 7 (TECASINT 5051), row Elongation at break",3.4,%,2
obs-ebf345b82b0a99bd1260,tecasint-5051,,flexural_strength,point,163000000.0,,,Pa,typical,"{""product_form"": ""stock_shape""}",DIN EN ISO 178,https://www.ensingerplastics.com/en-us/-/media/ensinger/files/document-teaser-files/brochures/shapes/engineering-plastics-manual-english.ashx,"Page 97, Material standard values, column 7 (TECASINT 5051), row Flexural strength",163,MPa,3
obs-09c23f29c6ef66caa0d9,tecasint-5201-sd,,density,point,1540.0,,,kg/m^3,typical,"{""product_form"": ""stock_shape""}",DIN EN ISO 1183,https://www.ensingerplastics.com/en-us/-/media/ensinger/files/document-teaser-files/brochures/shapes/engineering-plastics-manual-english.ashx,"Page 97, Material standard values, column 8 (TECASINT 5201 SD), row Density",1.54,g/cm³,3
obs-572487cb5ed86bb3bd8e,tecasint-5201-sd,,youngs_modulus,point,4500000000.0,,,Pa,typical,"{""product_form"": ""stock_shape""}",DIN EN ISO 527-2,https://www.ensingerplastics.com/en-us/-/media/ensinger/files/document-teaser-files/brochures/shapes/engineering-plastics-manual-english.ashx,"Page 97, Material standard values, column 8 (TECASINT 5201 SD), row Modulus of elasticity (tensile test)","4,500",MPa,4
obs-7bb44bb89589ec073b1a,tecasint-5201-sd,,ultimate_tensile_strength,point,85000000.0,,,Pa,typical,"{""product_form"": ""stock_shape""}",DIN EN ISO 527-2,https://www.ensingerplastics.com/en-us/-/media/ensinger/files/document-teaser-files/brochures/shapes/engineering-plastics-manual-english.ashx,"Page 97, Material standard values, column 8 (TECASINT 5201 SD), row Tensile strength",85,MPa,2
obs-9e3ae309e7a622740c98,tecasint-5201-sd,,elongation_at_break,point,0.04,,,1,typical,"{""product_form"": ""stock_shape""}",DIN EN ISO 527-2,https://www.ensingerplastics.com/en-us/-/media/ensinger/files/document-teaser-files/brochures/shapes/engineering-plastics-manual-english.ashx,"Page 97, Material standard values, column 8 (TECASINT 5201 SD), row Elongation at break",4.0,%,2
obs-b0e43b0e0e14e36fd598,tecasint-5201-sd,,flexural_strength,point,135000000.0,,,Pa,typical,"{""product_form"": ""stock_shape""}",DIN EN ISO 178,https://www.ensingerplastics.com/en-us/-/media/ensinger/files/document-teaser-files/brochures/shapes/engineering-plastics-manual-english.ashx,"Page 97, Material standard values, column 8 (TECASINT 5201 SD), row Flexural strength",135,MPa,3
obs-1752707aefbddbb2cffa,tecasint-8001,,density,point,1880.0,,,kg/m^3,typical,"{""product_form"": ""stock_shape""}",DIN EN ISO 1183,https://www.ensingerplastics.com/en-us/-/media/ensinger/files/document-teaser-files/brochures/shapes/engineering-plastics-manual-english.ashx,"Page 97, Material standard values, column 9 (TECASINT 8001), row Density",1.88,g/cm³,3
obs-18db6c4ce484653aadaa,tecasint-8001,,ultimate_tensile_strength,point,15000000.0,,,Pa,typical,"{""product_form"": ""stock_shape""}",DIN EN ISO 527-2,https://www.ensingerplastics.com/en-us/-/media/ensinger/files/document-teaser-files/brochures/shapes/engineering-plastics-manual-english.ashx,"Page 97, Material standard values, column 9 (TECASINT 8001), row Tensile strength",15,MPa,2
obs-2819f465335414dbcd63,tecasint-8001,,elongation_at_break,point,2.0,,,1,typical,"{""product_form"": ""stock_shape""}",DIN EN ISO 527-2,https://www.ensingerplastics.com/en-us/-/media/ensinger/files/document-teaser-files/brochures/shapes/engineering-plastics-manual-english.ashx,"Page 97, Material standard values, column 9 (TECASINT 8001), row Elongation at break",200,%,3
obs-8c08e197e987359e6604,tecasint-8001,,thermal_conductivity,point,0.25,,,W/(m*K),typical,"{""product_form"": ""stock_shape""}",ISO 8302,https://www.ensingerplastics.com/en-us/-/media/ensinger/files/document-teaser-files/brochures/shapes/engineering-plastics-manual-english.ashx,"Page 97, Material standard values, column 9 (TECASINT 8001), row Thermal conductivity",0.25,W/(m·K),2
obs-108b4ff2bc640b4b2cad,coorstek-porcelain,,density,point,2400.0,,,kg/m^3,typical,{},ASTM C20,https://www.coorstek.com/media/4244/ceramic-material-properties.pdf,"Page 1, column 1 (Porcelain), row Density",2.40,g/cm³,3
obs-c651992521b8009a9e20,coorstek-porcelain,,youngs_modulus,point,104000000000.0,,,Pa,typical,"{""temperature_K"": 293.15}",ASTM C848,https://www.coorstek.com/media/4244/ceramic-material-properties.pdf,"Page 1, column 1 (Porcelain), row Elastic Modulus, 20 °C",104,GPa,3
obs-63aba61605a9bce010fb,coorstek-porcelain,,thermal_conductivity,point,5.0,,,W/(m*K),typical,"{""temperature_K"": 293.15}",ASTM C408,https://www.coorstek.com/media/4244/ceramic-material-properties.pdf,"Page 1, column 1 (Porcelain), row Thermal Conductivity, 20 °C",5.0,W/(m·K),2
obs-f1a9d3504e6c5682edc1,coorstek-porcelain,,flexural_strength,point,130000000.0,,,Pa,typical,"{""temperature_K"": 293.15}",ASTM F417; four-point bend,https://www.coorstek.com/media/4244/ceramic-material-properties.pdf,"Page 1, column 1 (Porcelain), row Flexural Strength (MOR), 20 °C",130,MPa,3
obs-fc4f917a34ee1fe3ba5c,coorstek-steatite,,density,point,2780.0,,,kg/m^3,typical,{},ASTM C20,https://www.coorstek.com/media/4244/ceramic-material-properties.pdf,"Page 1, column 2 (Steatite), row Density",2.78,g/cm³,3
obs-c28e246d5dbab6a147e5,coorstek-steatite,,youngs_modulus,point,110000000000.0,,,Pa,typical,"{""temperature_K"": 293.15}",ASTM C848,https://www.coorstek.com/media/4244/ceramic-material-properties.pdf,"Page 1, column 2 (Steatite), row Elastic Modulus, 20 °C",110,GPa,3
obs-0ee9b0fe4c81c6a88758,coorstek-steatite,,thermal_conductivity,point,2.5,,,W/(m*K),typical,"{""temperature_K"": 293.15}",ASTM C408,https://www.coorstek.com/media/4244/ceramic-material-properties.pdf,"Page 1, column 2 (Steatite), row Thermal Conductivity, 20 °C",2.5,W/(m·K),2
obs-f15dce713717b82a3ea4,coorstek-steatite,,flexural_strength,point,140000000.0,,,Pa,typical,"{""temperature_K"": 293.15}",ASTM F417; four-point bend,https://www.coorstek.com/media/4244/ceramic-material-properties.pdf,"Page 1, column 2 (Steatite), row Flexural Strength (MOR), 20 °C",140,MPa,3
obs-22e035895b974dbe2995,coorstek-cordierite,,density,point,2050.0,,,kg/m^3,typical,{},ASTM C20,https://www.coorstek.com/media/4244/ceramic-material-properties.pdf,"Page 1, column 3 (Cordierite), row Density",2.05,g/cm³,3
obs-5d59828ae417e845d1a7,coorstek-cordierite,,youngs_modulus,point,40000000000.0,,,Pa,typical,"{""temperature_K"": 293.15}",ASTM C848,https://www.coorstek.com/media/4244/ceramic-material-properties.pdf,"Page 1, column 3 (Cordierite), row Elastic Modulus, 20 °C",40,GPa,2
obs-f0e59589390a2816a1a7,coorstek-cordierite,,thermal_conductivity,point,1.6,,,W/(m*K),typical,"{""temperature_K"": 293.15}",ASTM C408,https://www.coorstek.com/media/4244/ceramic-material-properties.pdf,"Page 1, column 3 (Cordierite), row Thermal Conductivity, 20 °C",1.6,W/(m·K),2
obs-18db719b35f463cd9c31,coorstek-cordierite,,flexural_strength,point,55000000.0,,,Pa,typical,"{""temperature_K"": 293.15}",ASTM F417; four-point bend,https://www.coorstek.com/media/4244/ceramic-material-properties.pdf,"Page 1, column 3 (Cordierite), row Flexural Strength (MOR), 20 °C",55,MPa,2
obs-45027b1e8dd692742156,coorstek-mullite,,density,point,2800.0,,,kg/m^3,typical,{},ASTM C20,https://www.coorstek.com/media/4244/ceramic-material-properties.pdf,"Page 1, column 4 (Mullite), row Density",2.80,g/cm³,3
obs-bc95e3679149c6d22983,coorstek-mullite,,youngs_modulus,point,150000000000.0,,,Pa,typical,"{""temperature_K"": 293.15}",ASTM C848,https://www.coorstek.com/media/4244/ceramic-material-properties.pdf,"Page 1, column 4 (Mullite), row Elastic Modulus, 20 °C",150,GPa,3
obs-ace46acfafebdd7c4fc8,coorstek-mullite,,thermal_conductivity,point,3.5,,,W/(m*K),typical,"{""temperature_K"": 293.15}",ASTM C408,https://www.coorstek.com/media/4244/ceramic-material-properties.pdf,"Page 1, column 4 (Mullite), row Thermal Conductivity, 20 °C",3.5,W/(m·K),2
obs-78ee5e5dd199df47e9e1,coorstek-mullite,,flexural_strength,point,170000000.0,,,Pa,typical,"{""temperature_K"": 293.15}",ASTM F417; four-point bend,https://www.coorstek.com/media/4244/ceramic-material-properties.pdf,"Page 1, column 4 (Mullite), row Flexural Strength (MOR), 20 °C",170,MPa,3
obs-0e8a3f5ba12051a4bc01,coorstek-mullite,,specific_heat,point,950.0,,,J/(kg*K),typical,"{""temperature_K"": 373.15}",ASTM E1269,https://www.coorstek.com/media/4244/ceramic-material-properties.pdf,"Page 1, column 4 (Mullite), row Specific Heat, 100 °C",950,J/(kg·K),3
obs-6bcca6cd85f719ff3008,coorstek-ad-85,,density,point,3420.0,,,kg/m^3,typical,{},ASTM C20,https://www.coorstek.com/media/4244/ceramic-material-properties.pdf,"Page 1, column 5 (AD-85), row Density",3.42,g/cm³,3
obs-91e22b28f444e7194ea8,coorstek-ad-85,,youngs_modulus,point,221000000000.0,,,Pa,typical,"{""temperature_K"": 293.15}",ASTM C848,https://www.coorstek.com/media/4244/ceramic-material-properties.pdf,"Page 1, column 5 (AD-85), row Elastic Modulus, 20 °C",221,GPa,3
obs-af350728e6f8242297fa,coorstek-ad-85,,thermal_conductivity,point,16.0,,,W/(m*K),typical,"{""temperature_K"": 293.15}",ASTM C408,https://www.coorstek.com/media/4244/ceramic-material-properties.pdf,"Page 1, column 5 (AD-85), row Thermal Conductivity, 20 °C",16.0,W/(m·K),3
obs-00a6440e67122d441f58,coorstek-ad-85,,flexural_strength,point,296000000.0,,,Pa,typical,"{""temperature_K"": 293.15}",ASTM F417; four-point bend,https://www.coorstek.com/media/4244/ceramic-material-properties.pdf,"Page 1, column 5 (AD-85), row Flexural Strength (MOR), 20 °C",296,MPa,3
obs-fbb1a4ca40e238f3a2ac,coorstek-ad-85,,poissons_ratio,point,0.22,,,1,typical,"{""temperature_K"": 293.15}",ASTM C848,https://www.coorstek.com/media/4244/ceramic-material-properties.pdf,"Page 1, column 5 (AD-85), row Poisson’s Ratio, 20 °C",0.22,1,2
obs-a4d33001487132f2998b,coorstek-ad-85,,specific_heat,point,920.0,,,J/(kg*K),typical,"{""temperature_K"": 373.15}",ASTM E1269,https://www.coorstek.com/media/4244/ceramic-material-properties.pdf,"Page 1, column 5 (AD-85), row Specific Heat, 100 °C",920,J/(kg·K),3
obs-3d3e99bf22815b862c7b,coorstek-ad-90,,density,point,3600.0,,,kg/m^3,typical,{},ASTM C20,https://www.coorstek.com/media/4244/ceramic-material-properties.pdf,"Page 1, column 6 (AD-90), row Density",3.60,g/cm³,3
obs-e6fc793b3c0e6f3fd6c6,coorstek-ad-90,,youngs_modulus,point,276000000000.0,,,Pa,typical,"{""temperature_K"": 293.15}",ASTM C848,https://www.coorstek.com/media/4244/ceramic-material-properties.pdf,"Page 1, column 6 (AD-90), row Elastic Modulus, 20 °C",276,GPa,3
obs-149ee74327c5ecfeb14e,coorstek-ad-90,,thermal_conductivity,point,16.7,,,W/(m*K),typical,"{""temperature_K"": 293.15}",ASTM C408,https://www.coorstek.com/media/4244/ceramic-material-properties.pdf,"Page 1, column 6 (AD-90), row Thermal Conductivity, 20 °C",16.7,W/(m·K),3
obs-b5bfc2fadc6e10358606,coorstek-ad-90,,flexural_strength,point,338000000.0,,,Pa,typical,"{""temperature_K"": 293.15}",ASTM F417; four-point bend,https://www.coorstek.com/media/4244/ceramic-material-properties.pdf,"Page 1, column 6 (AD-90), row Flexural Strength (MOR), 20 °C",338,MPa,3
obs-a71978bfe4be67f0dad4,coorstek-ad-90,,poissons_ratio,point,0.22,,,1,typical,"{""temperature_K"": 293.15}",ASTM C848,https://www.coorstek.com/media/4244/ceramic-material-properties.pdf,"Page 1, column 6 (AD-90), row Poisson’s Ratio, 20 °C",0.22,1,2
obs-7dfeb7d877d1564073cc,coorstek-ad-90,,specific_heat,point,920.0,,,J/(kg*K),typical,"{""temperature_K"": 373.15}",ASTM E1269,https://www.coorstek.com/media/4244/ceramic-material-properties.pdf,"Page 1, column 6 (AD-90), row Specific Heat, 100 °C",920,J/(kg·K),3
obs-a3eeb42045361d7f80b1,coorstek-ad-94,,density,point,3700.0,,,kg/m^3,typical,{},ASTM C20,https://www.coorstek.com/media/4244/ceramic-material-properties.pdf,"Page 1, column 7 (AD-94), row Density",3.70,g/cm³,3
obs-6f132c00725441e6f2de,coorstek-ad-94,,youngs_modulus,point,303000000000.0,,,Pa,typical,"{""temperature_K"": 293.15}",ASTM C848,https://www.coorstek.com/media/4244/ceramic-material-properties.pdf,"Page 1, column 7 (AD-94), row Elastic Modulus, 20 °C",303,GPa,3
obs-5865c1b8a2cd6673c438,coorstek-ad-94,,thermal_conductivity,point,22.4,,,W/(m*K),typical,"{""temperature_K"": 293.15}",ASTM C408,https://www.coorstek.com/media/4244/ceramic-material-properties.pdf,"Page 1, column 7 (AD-94), row Thermal Conductivity, 20 °C",22.4,W/(m·K),3
obs-a83c3dbe5e2d04ead7f4,coorstek-ad-94,,flexural_strength,point,352000000.0,,,Pa,typical,"{""temperature_K"": 293.15}",ASTM F417; four-point bend,https://www.coorstek.com/media/4244/ceramic-material-properties.pdf,"Page 1, column 7 (AD-94), row Flexural Strength (MOR), 20 °C",352,MPa,3
obs-672122ace9bd74a256da,coorstek-ad-94,,poissons_ratio,point,0.21,,,1,typical,"{""temperature_K"": 293.15}",ASTM C848,https://www.coorstek.com/media/4244/ceramic-material-properties.pdf,"Page 1, column 7 (AD-94), row Poisson’s Ratio, 20 °C",0.21,1,2
obs-d8cbac7c97e02129a011,coorstek-ad-94,,specific_heat,point,880.0,,,J/(kg*K),typical,"{""temperature_K"": 373.15}",ASTM E1269,https://www.coorstek.com/media/4244/ceramic-material-properties.pdf,"Page 1, column 7 (AD-94), row Specific Heat, 100 °C",880,J/(kg·K),3
obs-808acf1310f5d5e983ce,coorstek-ad-96,,density,point,3720.0,,,kg/m^3,typical,{},ASTM C20,https://www.coorstek.com/media/4244/ceramic-material-properties.pdf,"Page 1, column 8 (AD-96), row Density",3.72,g/cm³,3
obs-2d3dae3ba2d4b0e1b040,coorstek-ad-96,,youngs_modulus,point,303000000000.0,,,Pa,typical,"{""temperature_K"": 293.15}",ASTM C848,https://www.coorstek.com/media/4244/ceramic-material-properties.pdf,"Page 1, column 8 (AD-96), row Elastic Modulus, 20 °C",303,GPa,3
obs-72367cae78100442f470,coorstek-ad-96,,thermal_conductivity,point,24.7,,,W/(m*K),typical,"{""temperature_K"": 293.15}",ASTM C408,https://www.coorstek.com/media/4244/ceramic-material-properties.pdf,"Page 1, column 8 (AD-96), row Thermal Conductivity, 20 °C",24.7,W/(m·K),3
obs-1d4c88f5fd9c48ea61ed,coorstek-ad-96,,flexural_strength,point,358000000.0,,,Pa,typical,"{""temperature_K"": 293.15}",ASTM F417; four-point bend,https://www.coorstek.com/media/4244/ceramic-material-properties.pdf,"Page 1, column 8 (AD-96), row Flexural Strength (MOR), 20 °C",358,MPa,3
obs-6eec5dfb9fe3f856dffe,coorstek-ad-96,,poissons_ratio,point,0.21,,,1,typical,"{""temperature_K"": 293.15}",ASTM C848,https://www.coorstek.com/media/4244/ceramic-material-properties.pdf,"Page 1, column 8 (AD-96), row Poisson’s Ratio, 20 °C",0.21,1,2
obs-7a4272806d4f0b9bca61,coorstek-ad-96,,specific_heat,point,880.0,,,J/(kg*K),typical,"{""temperature_K"": 373.15}",ASTM E1269,https://www.coorstek.com/media/4244/ceramic-material-properties.pdf,"Page 1, column 8 (AD-96), row Specific Heat, 100 °C",880,J/(kg·K),3
obs-85d368b2ca800f0338ca,coorstek-fg-995,,density,point,3800.0,,,kg/m^3,typical,{},ASTM C20,https://www.coorstek.com/media/4244/ceramic-material-properties.pdf,"Page 1, column 9 (FG-995), row Density",3.80,g/cm³,3
obs-73bf2c02e234728baf0f,coorstek-fg-995,,youngs_modulus,point,350000000000.0,,,Pa,typical,"{""temperature_K"": 293.15}",ASTM C848,https://www.coorstek.com/media/4244/ceramic-material-properties.pdf,"Page 1, column 9 (FG-995), row Elastic Modulus, 20 °C",350,GPa,3
obs-f725da9f5459aef696dd,coorstek-fg-995,,thermal_conductivity,point,27.5,,,W/(m*K),typical,"{""temperature_K"": 293.15}",ASTM C408,https://www.coorstek.com/media/4244/ceramic-material-properties.pdf,"Page 1, column 9 (FG-995), row Thermal Conductivity, 20 °C",27.5,W/(m·K),3
obs-d46d6dfd3c7abeaec7e7,coorstek-fg-995,,flexural_strength,point,375000000.0,,,Pa,typical,"{""temperature_K"": 293.15}",ASTM F417; four-point bend,https://www.coorstek.com/media/4244/ceramic-material-properties.pdf,"Page 1, column 9 (FG-995), row Flexural Strength (MOR), 20 °C",375,MPa,3
obs-77738113fceb5ca5e4de,coorstek-fg-995,,poissons_ratio,point,0.22,,,1,typical,"{""temperature_K"": 293.15}",ASTM C848,https://www.coorstek.com/media/4244/ceramic-material-properties.pdf,"Page 1, column 9 (FG-995), row Poisson’s Ratio, 20 °C",0.22,1,2
obs-54a2b9e023dee5ac62ba,coorstek-fg-995,,specific_heat,point,880.0,,,J/(kg*K),typical,"{""temperature_K"": 373.15}",ASTM E1269,https://www.coorstek.com/media/4244/ceramic-material-properties.pdf,"Page 1, column 9 (FG-995), row Specific Heat, 100 °C",880,J/(kg·K),3
obs-97f5687b38021842f1b6,coorstek-ad-995,,density,point,3900.0,,,kg/m^3,typical,{},ASTM C20,https://www.coorstek.com/media/4244/ceramic-material-properties.pdf,"Page 1, column 10 (AD-995), row Density",3.90,g/cm³,3
obs-af38916fd248c9002f0e,coorstek-ad-995,,youngs_modulus,point,370000000000.0,,,Pa,typical,"{""temperature_K"": 293.15}",ASTM C848,https://www.coorstek.com/media/4244/ceramic-material-properties.pdf,"Page 1, column 10 (AD-995), row Elastic Modulus, 20 °C",370,GPa,3
obs-d1b1a0c59b9b8a9f8ef9,coorstek-ad-995,,thermal_conductivity,point,30.0,,,W/(m*K),typical,"{""temperature_K"": 293.15}",ASTM C408,https://www.coorstek.com/media/4244/ceramic-material-properties.pdf,"Page 1, column 10 (AD-995), row Thermal Conductivity, 20 °C",30.0,W/(m·K),3
obs-01d41f81acdc8c5f9a00,coorstek-ad-995,,flexural_strength,point,379000000.0,,,Pa,typical,"{""temperature_K"": 293.15}",ASTM F417; four-point bend,https://www.coorstek.com/media/4244/ceramic-material-properties.pdf,"Page 1, column 10 (AD-995), row Flexural Strength (MOR), 20 °C",379,MPa,3
obs-d3804c994bdbe6377800,coorstek-ad-995,,poissons_ratio,point,0.22,,,1,typical,"{""temperature_K"": 293.15}",ASTM C848,https://www.coorstek.com/media/4244/ceramic-material-properties.pdf,"Page 1, column 10 (AD-995), row Poisson’s Ratio, 20 °C",0.22,1,2
obs-9f249ee374ef850bdb80,coorstek-ad-995,,specific_heat,point,880.0,,,J/(kg*K),typical,"{""temperature_K"": 373.15}",ASTM E1269,https://www.coorstek.com/media/4244/ceramic-material-properties.pdf,"Page 1, column 10 (AD-995), row Specific Heat, 100 °C",880,J/(kg·K),3
obs-0573846c0f5c58d08e49,coorstek-plasmapure-ad-998,,density,point,3920.0,,,kg/m^3,typical,{},ASTM C20,https://www.coorstek.com/media/4244/ceramic-material-properties.pdf,"Page 1, column 11 (PlasmaPure AD-998), row Density",3.92,g/cm³,3
obs-84c11f46feb498a87998,coorstek-plasmapure-ad-998,,youngs_modulus,point,380000000000.0,,,Pa,typical,"{""temperature_K"": 293.15}",ASTM C848,https://www.coorstek.com/media/4244/ceramic-material-properties.pdf,"Page 1, column 11 (PlasmaPure AD-998), row Elastic Modulus, 20 °C",380,GPa,3
obs-b7977666e01236df5468,coorstek-plasmapure-ad-998,,thermal_conductivity,point,31.0,,,W/(m*K),typical,"{""temperature_K"": 293.15}",ASTM C408,https://www.coorstek.com/media/4244/ceramic-material-properties.pdf,"Page 1, column 11 (PlasmaPure AD-998), row Thermal Conductivity, 20 °C",31.0,W/(m·K),3
obs-160701f4b59b9b9fa2d4,coorstek-plasmapure-ad-998,,flexural_strength,point,390000000.0,,,Pa,typical,"{""temperature_K"": 293.15}",ASTM F417; four-point bend,https://www.coorstek.com/media/4244/ceramic-material-properties.pdf,"Page 1, column 11 (PlasmaPure AD-998), row Flexural Strength (MOR), 20 °C",390,MPa,3
obs-478487a51baa32e5fc2c,coorstek-plasmapure-ad-998,,poissons_ratio,point,0.22,,,1,typical,"{""temperature_K"": 293.15}",ASTM C848,https://www.coorstek.com/media/4244/ceramic-material-properties.pdf,"Page 1, column 11 (PlasmaPure AD-998), row Poisson’s Ratio, 20 °C",0.22,1,2
obs-a85dfe1dabbb8775e21d,coorstek-plasmapure-ad-998,,specific_heat,point,880.0,,,J/(kg*K),typical,"{""temperature_K"": 373.15}",ASTM E1269,https://www.coorstek.com/media/4244/ceramic-material-properties.pdf,"Page 1, column 11 (PlasmaPure AD-998), row Specific Heat, 100 °C",880,J/(kg·K),3
obs-820fd5c5d135de94b7dc,coorstek-plasmapure-uc,,density,point,3920.0,,,kg/m^3,typical,{},ASTM C20,https://www.coorstek.com/media/4244/ceramic-material-properties.pdf,"Page 1, column 12 (PlasmaPure-UC), row Density",3.92,g/cm³,3
obs-b04465d7a0161932b355,coorstek-plasmapure-uc,,youngs_modulus,point,386000000000.0,,,Pa,typical,"{""temperature_K"": 293.15}",ASTM C848,https://www.coorstek.com/media/4244/ceramic-material-properties.pdf,"Page 1, column 12 (PlasmaPure-UC), row Elastic Modulus, 20 °C",386,GPa,3
obs-e24988389378a144f3fc,coorstek-plasmapure-uc,,thermal_conductivity,point,33.0,,,W/(m*K),typical,"{""temperature_K"": 293.15}",ASTM C408,https://www.coorstek.com/media/4244/ceramic-material-properties.pdf,"Page 1, column 12 (PlasmaPure-UC), row Thermal Conductivity, 20 °C",33.0,W/(m·K),3
obs-d775f65cf70448ca409e,coorstek-plasmapure-uc,,flexural_strength,point,400000000.0,,,Pa,typical,"{""temperature_K"": 293.15}",ASTM F417; four-point bend,https://www.coorstek.com/media/4244/ceramic-material-properties.pdf,"Page 1, column 12 (PlasmaPure-UC), row Flexural Strength (MOR), 20 °C",400,MPa,3
obs-7daa204d4a7ea6868799,coorstek-plasmapure-uc,,poissons_ratio,point,0.22,,,1,typical,"{""temperature_K"": 293.15}",ASTM C848,https://www.coorstek.com/media/4244/ceramic-material-properties.pdf,"Page 1, column 12 (PlasmaPure-UC), row Poisson’s Ratio, 20 °C",0.22,1,2
obs-9df2bb54c243a0107750,coorstek-plasmapure-uc,,specific_heat,point,870.0,,,J/(kg*K),typical,"{""temperature_K"": 373.15}",ASTM E1269,https://www.coorstek.com/media/4244/ceramic-material-properties.pdf,"Page 1, column 12 (PlasmaPure-UC), row Specific Heat, 100 °C",870,J/(kg·K),3
obs-ce657e0bdf3f2d0acfce,coorstek-esd-alumina,,density,point,3850.0,,,kg/m^3,typical,{},ASTM C20,https://www.coorstek.com/media/4244/ceramic-material-properties.pdf,"Page 1, column 13 (ESD Alumina), row Density",3.85,g/cm³,3
obs-b21e6b278f1ee77d5c56,coorstek-esd-alumina,,youngs_modulus,point,370000000000.0,,,Pa,typical,"{""temperature_K"": 293.15}",ASTM C848,https://www.coorstek.com/media/4244/ceramic-material-properties.pdf,"Page 1, column 13 (ESD Alumina), row Elastic Modulus, 20 °C",370,GPa,3
obs-b6fdd7008b3a7f3d9dba,coorstek-esd-alumina,,thermal_conductivity,point,25.0,,,W/(m*K),typical,"{""temperature_K"": 293.15}",ASTM C408,https://www.coorstek.com/media/4244/ceramic-material-properties.pdf,"Page 1, column 13 (ESD Alumina), row Thermal Conductivity, 20 °C",25,W/(m·K),2
obs-1b33a45d631989371591,coorstek-esd-alumina,,flexural_strength,point,300000000.0,,,Pa,typical,"{""temperature_K"": 293.15}",ASTM F417; four-point bend,https://www.coorstek.com/media/4244/ceramic-material-properties.pdf,"Page 1, column 13 (ESD Alumina), row Flexural Strength (MOR), 20 °C",300,MPa,3
obs-dbb6eba8ec2a370d1774,coorstek-esd-alumina,,poissons_ratio,point,0.22,,,1,typical,"{""temperature_K"": 293.15}",ASTM C848,https://www.coorstek.com/media/4244/ceramic-material-properties.pdf,"Page 1, column 13 (ESD Alumina), row Poisson’s Ratio, 20 °C",0.22,1,2
obs-116dc2977e542dd3d890,coorstek-zta-10,,density,point,4010.0,,,kg/m^3,typical,{},ASTM C20,https://www.coorstek.com/media/4244/ceramic-material-properties.pdf,"Page 1, column 14 (ZTA 10%), row Density",4.01,g/cm³,3
obs-4104c2d6f13590a79a1b,coorstek-zta-10,,youngs_modulus,point,360000000000.0,,,Pa,typical,"{""temperature_K"": 293.15}",ASTM C848,https://www.coorstek.com/media/4244/ceramic-material-properties.pdf,"Page 1, column 14 (ZTA 10%), row Elastic Modulus, 20 °C",360,GPa,3
obs-aff4a1d9665d54124200,coorstek-zta-10,,thermal_conductivity,point,27.0,,,W/(m*K),typical,"{""temperature_K"": 293.15}",ASTM C408,https://www.coorstek.com/media/4244/ceramic-material-properties.pdf,"Page 1, column 14 (ZTA 10%), row Thermal Conductivity, 20 °C",27.0,W/(m·K),3
obs-ab26c8bfffaa91c8da36,coorstek-zta-10,,flexural_strength,point,450000000.0,,,Pa,typical,"{""temperature_K"": 293.15}",ASTM F417; four-point bend,https://www.coorstek.com/media/4244/ceramic-material-properties.pdf,"Page 1, column 14 (ZTA 10%), row Flexural Strength (MOR), 20 °C",450,MPa,3
obs-221467cfec892454266b,coorstek-zta-10,,poissons_ratio,point,0.3,,,1,typical,"{""temperature_K"": 293.15}",ASTM C848,https://www.coorstek.com/media/4244/ceramic-material-properties.pdf,"Page 1, column 14 (ZTA 10%), row Poisson’s Ratio, 20 °C",0.30,1,2
obs-7554e57e76a60425cea7,coorstek-zta-10,,specific_heat,point,885.0,,,J/(kg*K),typical,"{""temperature_K"": 373.15}",ASTM E1269,https://www.coorstek.com/media/4244/ceramic-material-properties.pdf,"Page 1, column 14 (ZTA 10%), row Specific Heat, 100 °C",885,J/(kg·K),3
obs-b038d6aea5d28acb960e,coorstek-dura-z-ttz,,density,point,5720.0,,,kg/m^3,typical,{},ASTM C20,https://www.coorstek.com/media/4244/ceramic-material-properties.pdf,"Page 1, column 15 (Dura-Z TTZ), row Density",5.72,g/cm³,3
obs-e4d0f73ad703d3713f47,coorstek-dura-z-ttz,,youngs_modulus,point,200000000000.0,,,Pa,typical,"{""temperature_K"": 293.15}",ASTM C848,https://www.coorstek.com/media/4244/ceramic-material-properties.pdf,"Page 1, column 15 (Dura-Z TTZ), row Elastic Modulus, 20 °C",200,GPa,3
obs-686200624bc09fccb223,coorstek-dura-z-ttz,,thermal_conductivity,point,2.2,,,W/(m*K),typical,"{""temperature_K"": 293.15}",ASTM C408,https://www.coorstek.com/media/4244/ceramic-material-properties.pdf,"Page 1, column 15 (Dura-Z TTZ), row Thermal Conductivity, 20 °C",2.2,W/(m·K),2
obs-0d08b1e70c7a744d861b,coorstek-dura-z-ttz,,flexural_strength,point,900000000.0,,,Pa,typical,"{""temperature_K"": 293.15}",ASTM F417; four-point bend,https://www.coorstek.com/media/4244/ceramic-material-properties.pdf,"Page 1, column 15 (Dura-Z TTZ), row Flexural Strength (MOR), 20 °C",900,MPa,3
obs-85c5919170e9f5e0c03a,coorstek-dura-z-ttz,,poissons_ratio,point,0.3,,,1,typical,"{""temperature_K"": 293.15}",ASTM C848,https://www.coorstek.com/media/4244/ceramic-material-properties.pdf,"Page 1, column 15 (Dura-Z TTZ), row Poisson’s Ratio, 20 °C",0.30,1,2
obs-47bbdc5828a666731e78,coorstek-dura-z-ttz,,specific_heat,point,400.0,,,J/(kg*K),typical,"{""temperature_K"": 373.15}",ASTM E1269,https://www.coorstek.com/media/4244/ceramic-material-properties.pdf,"Page 1, column 15 (Dura-Z TTZ), row Specific Heat, 100 °C",400,J/(kg·K),3
obs-524acf38ecc0feb70cfa,coorstek-ytzp-sintered,,density,point,6020.0,,,kg/m^3,typical,{},ASTM C20,https://www.coorstek.com/media/4244/ceramic-material-properties.pdf,"Page 1, column 16 (YTZP sintered), row Density",6.02,g/cm³,3
obs-8796ae1fa0aa6979d346,coorstek-ytzp-sintered,,youngs_modulus,point,210000000000.0,,,Pa,typical,"{""temperature_K"": 293.15}",ASTM C848,https://www.coorstek.com/media/4244/ceramic-material-properties.pdf,"Page 1, column 16 (YTZP sintered), row Elastic Modulus, 20 °C",210,GPa,3
obs-b699b1883177f64176cf,coorstek-ytzp-sintered,,thermal_conductivity,point,2.2,,,W/(m*K),typical,"{""temperature_K"": 293.15}",ASTM C408,https://www.coorstek.com/media/4244/ceramic-material-properties.pdf,"Page 1, column 16 (YTZP sintered), row Thermal Conductivity, 20 °C",2.2,W/(m·K),2
obs-6bb37a0711d82e2a812d,coorstek-ytzp-sintered,,flexural_strength,point,1240000000.0,,,Pa,typical,"{""temperature_K"": 293.15}",ASTM F417; four-point bend,https://www.coorstek.com/media/4244/ceramic-material-properties.pdf,"Page 1, column 16 (YTZP sintered), row Flexural Strength (MOR), 20 °C",1240,MPa,4
obs-f554214087c15c9aede0,coorstek-ytzp-sintered,,poissons_ratio,point,0.3,,,1,typical,"{""temperature_K"": 293.15}",ASTM C848,https://www.coorstek.com/media/4244/ceramic-material-properties.pdf,"Page 1, column 16 (YTZP sintered), row Poisson’s Ratio, 20 °C",0.30,1,2
obs-5e5455c47ca25e520cce,coorstek-ytzp-sintered,,specific_heat,point,400.0,,,J/(kg*K),typical,"{""temperature_K"": 373.15}",ASTM E1269,https://www.coorstek.com/media/4244/ceramic-material-properties.pdf,"Page 1, column 16 (YTZP sintered), row Specific Heat, 100 °C",400,J/(kg·K),3
obs-4bb738c481796bab38d2,coorstek-ytzp-hiped,,density,point,6070.0,,,kg/m^3,typical,{},ASTM C20,https://www.coorstek.com/media/4244/ceramic-material-properties.pdf,"Page 1, column 17 (YTZP HIPed), row Density",6.07,g/cm³,3
obs-532daf5285bf7a417288,coorstek-ytzp-hiped,,youngs_modulus,point,210000000000.0,,,Pa,typical,"{""temperature_K"": 293.15}",ASTM C848,https://www.coorstek.com/media/4244/ceramic-material-properties.pdf,"Page 1, column 17 (YTZP HIPed), row Elastic Modulus, 20 °C",210,GPa,3
obs-75b661fc71a079fb7e97,coorstek-ytzp-hiped,,thermal_conductivity,point,2.2,,,W/(m*K),typical,"{""temperature_K"": 293.15}",ASTM C408,https://www.coorstek.com/media/4244/ceramic-material-properties.pdf,"Page 1, column 17 (YTZP HIPed), row Thermal Conductivity, 20 °C",2.2,W/(m·K),2
obs-68380a7a1e1bd030d82f,coorstek-ytzp-hiped,,flexural_strength,point,1720000000.0,,,Pa,typical,"{""temperature_K"": 293.15}",ASTM F417; four-point bend,https://www.coorstek.com/media/4244/ceramic-material-properties.pdf,"Page 1, column 17 (YTZP HIPed), row Flexural Strength (MOR), 20 °C",1720,MPa,4
obs-f7366aa6ab1df07b5d3d,coorstek-ytzp-hiped,,poissons_ratio,point,0.3,,,1,typical,"{""temperature_K"": 293.15}",ASTM C848,https://www.coorstek.com/media/4244/ceramic-material-properties.pdf,"Page 1, column 17 (YTZP HIPed), row Poisson’s Ratio, 20 °C",0.30,1,2
obs-31b9dfeb3c96e438b950,coorstek-ytzp-hiped,,specific_heat,point,400.0,,,J/(kg*K),typical,"{""temperature_K"": 373.15}",ASTM E1269,https://www.coorstek.com/media/4244/ceramic-material-properties.pdf,"Page 1, column 17 (YTZP HIPed), row Specific Heat, 100 °C",400,J/(kg·K),3
obs-95ff9cd37b6205f6e2f9,coorstek-sc-rb-sc-2,,density,point,3100.0,,,kg/m^3,typical,{},ASTM C20,https://www.coorstek.com/media/4244/ceramic-material-properties.pdf,"Page 1, column 18 (SC-RB SC-2), row Density",3.10,g/cm³,3
obs-511130d9e849ac22ed19,coorstek-sc-rb-sc-2,,youngs_modulus,point,393000000000.0,,,Pa,typical,"{""temperature_K"": 293.15}",ASTM C848,https://www.coorstek.com/media/4244/ceramic-material-properties.pdf,"Page 1, column 18 (SC-RB SC-2), row Elastic Modulus, 20 °C",393,GPa,3
obs-7e7c9e8331a942aecef9,coorstek-sc-rb-sc-2,,thermal_conductivity,point,125.0,,,W/(m*K),typical,"{""temperature_K"": 293.15}",ASTM C408,https://www.coorstek.com/media/4244/ceramic-material-properties.pdf,"Page 1, column 18 (SC-RB SC-2), row Thermal Conductivity, 20 °C",125.0,W/(m·K),4
obs-252811120aeaf8bbc53d,coorstek-sc-rb-sc-2,,flexural_strength,point,462000000.0,,,Pa,typical,"{""temperature_K"": 293.15}",ASTM F417; four-point bend,https://www.coorstek.com/media/4244/ceramic-material-properties.pdf,"Page 1, column 18 (SC-RB SC-2), row Flexural Strength (MOR), 20 °C",462,MPa,3
obs-33e0edfea9dccbc222dc,coorstek-sc-rb-sc-2,,poissons_ratio,point,0.2,,,1,typical,"{""temperature_K"": 293.15}",ASTM C848,https://www.coorstek.com/media/4244/ceramic-material-properties.pdf,"Page 1, column 18 (SC-RB SC-2), row Poisson’s Ratio, 20 °C",0.20,1,2
obs-4c360b2c7436d82413f8,coorstek-sc-rb-sc-2,,specific_heat,point,800.0,,,J/(kg*K),typical,"{""temperature_K"": 373.15}",ASTM E1269,https://www.coorstek.com/media/4244/ceramic-material-properties.pdf,"Page 1, column 18 (SC-RB SC-2), row Specific Heat, 100 °C",800,J/(kg·K),3
obs-55ebce636465a241b77f,coorstek-ultrasic-sc-30,,density,point,3150.0,,,kg/m^3,typical,{},ASTM C20,https://www.coorstek.com/media/4244/ceramic-material-properties.pdf,"Page 1, column 19 (UltraSiC SC-30), row Density",3.15,g/cm³,3
obs-6b053a9fde9dd7b0face,coorstek-ultrasic-sc-30,,youngs_modulus,point,410000000000.0,,,Pa,typical,"{""temperature_K"": 293.15}",ASTM C848,https://www.coorstek.com/media/4244/ceramic-material-properties.pdf,"Page 1, column 19 (UltraSiC SC-30), row Elastic Modulus, 20 °C",410,GPa,3
obs-582d854877d6d993d1e3,coorstek-ultrasic-sc-30,,thermal_conductivity,point,150.0,,,W/(m*K),typical,"{""temperature_K"": 293.15}",ASTM C408,https://www.coorstek.com/media/4244/ceramic-material-properties.pdf,"Page 1, column 19 (UltraSiC SC-30), row Thermal Conductivity, 20 °C",150.0,W/(m·K),4
obs-b1696b2f9727514ddcba,coorstek-ultrasic-sc-30,,flexural_strength,point,480000000.0,,,Pa,typical,"{""temperature_K"": 293.15}",ASTM F417; four-point bend,https://www.coorstek.com/media/4244/ceramic-material-properties.pdf,"Page 1, column 19 (UltraSiC SC-30), row Flexural Strength (MOR), 20 °C",480,MPa,3
obs-64a139e0d205ba9c1f1f,coorstek-ultrasic-sc-30,,poissons_ratio,point,0.21,,,1,typical,"{""temperature_K"": 293.15}",ASTM C848,https://www.coorstek.com/media/4244/ceramic-material-properties.pdf,"Page 1, column 19 (UltraSiC SC-30), row Poisson’s Ratio, 20 °C",0.21,1,2
obs-1d7d32ec47efde7adc23,coorstek-ultrasic-sc-30,,specific_heat,point,800.0,,,J/(kg*K),typical,"{""temperature_K"": 373.15}",ASTM E1269,https://www.coorstek.com/media/4244/ceramic-material-properties.pdf,"Page 1, column 19 (UltraSiC SC-30), row Specific Heat, 100 °C",800,J/(kg·K),3
obs-8fe182116a6150980fea,coorstek-puresic-cvd,,density,point,3210.0,,,kg/m^3,typical,{},ASTM C20,https://www.coorstek.com/media/4244/ceramic-material-properties.pdf,"Page 1, column 20 (PureSiC CVD), row Density",3.21,g/cm³,3
obs-7b422c347b20807a7a8e,coorstek-puresic-cvd,,youngs_modulus,interval,,435000000000.0,460000000000.0,Pa,typical,"{""temperature_K"": 293.15}",ASTM C848,https://www.coorstek.com/media/4244/ceramic-material-properties.pdf,"Page 1, column 20 (PureSiC CVD), row Elastic Modulus, 20 °C",435–460,GPa,3
obs-d5d6001644477f3094c0,coorstek-puresic-cvd,,thermal_conductivity,point,140.0,,,W/(m*K),typical,"{""temperature_K"": 293.15}",ASTM C408,https://www.coorstek.com/media/4244/ceramic-material-properties.pdf,"Page 1, column 20 (PureSiC CVD), row Thermal Conductivity, 20 °C",140.0,W/(m·K),4
obs-f8948e7e4f559cdc053e,coorstek-puresic-cvd,,flexural_strength,interval,,470000000.0,520000000.0,Pa,typical,"{""temperature_K"": 293.15}",ASTM F417; four-point bend,https://www.coorstek.com/media/4244/ceramic-material-properties.pdf,"Page 1, column 20 (PureSiC CVD), row Flexural Strength (MOR), 20 °C",470–520,MPa,3
obs-9f2a43591363e85f163d,coorstek-puresic-cvd,,poissons_ratio,point,0.21,,,1,typical,"{""temperature_K"": 293.15}",ASTM C848,https://www.coorstek.com/media/4244/ceramic-material-properties.pdf,"Page 1, column 20 (PureSiC CVD), row Poisson’s Ratio, 20 °C",0.21,1,2
obs-49c3454ec9b5d1e9a2aa,coorstek-puresic-cvd,,specific_heat,point,665.0,,,J/(kg*K),typical,"{""temperature_K"": 373.15}",ASTM E1269,https://www.coorstek.com/media/4244/ceramic-material-properties.pdf,"Page 1, column 20 (PureSiC CVD), row Specific Heat, 100 °C",665,J/(kg·K),3
obs-4dbb2fc0469282c224cf,coorstek-rbb4c,,density,point,2650.0,,,kg/m^3,typical,{},ASTM C20,https://www.coorstek.com/media/4244/ceramic-material-properties.pdf,"Page 1, column 21 (RBB4C), row Density",2.65,g/cm³,3
obs-b772c34171d8060d0bf0,coorstek-rbb4c,,youngs_modulus,point,379000000000.0,,,Pa,typical,"{""temperature_K"": 293.15}",ASTM C848,https://www.coorstek.com/media/4244/ceramic-material-properties.pdf,"Page 1, column 21 (RBB4C), row Elastic Modulus, 20 °C",379,GPa,3
obs-13808f1a29f616dd395e,coorstek-rbb4c,,thermal_conductivity,point,50.0,,,W/(m*K),typical,"{""temperature_K"": 293.15}",ASTM C408,https://www.coorstek.com/media/4244/ceramic-material-properties.pdf,"Page 1, column 21 (RBB4C), row Thermal Conductivity, 20 °C",50.0,W/(m·K),3
obs-619fc088619095da65d6,coorstek-rbb4c,,flexural_strength,point,250000000.0,,,Pa,typical,"{""temperature_K"": 293.15}",ASTM F417; four-point bend,https://www.coorstek.com/media/4244/ceramic-material-properties.pdf,"Page 1, column 21 (RBB4C), row Flexural Strength (MOR), 20 °C",250,MPa,3
obs-a0605cd736caff82bbfe,coorstek-rbb4c,,poissons_ratio,point,0.18,,,1,typical,"{""temperature_K"": 293.15}",ASTM C848,https://www.coorstek.com/media/4244/ceramic-material-properties.pdf,"Page 1, column 21 (RBB4C), row Poisson’s Ratio, 20 °C",0.18,1,2
obs-30a80ab1316288d05245,coorstek-hpb4c,,density,point,2500.0,,,kg/m^3,typical,{},ASTM C20,https://www.coorstek.com/media/4244/ceramic-material-properties.pdf,"Page 1, column 22 (HPB4C), row Density",2.5,g/cm³,2
obs-3ba634e7f82f4d5396eb,coorstek-hpb4c,,youngs_modulus,point,460000000000.0,,,Pa,typical,"{""temperature_K"": 293.15}",ASTM C848,https://www.coorstek.com/media/4244/ceramic-material-properties.pdf,"Page 1, column 22 (HPB4C), row Elastic Modulus, 20 °C",460,GPa,3
obs-3ab7d2d980c5bfa5e36a,coorstek-hpb4c,,thermal_conductivity,point,90.0,,,W/(m*K),typical,"{""temperature_K"": 293.15}",ASTM C408,https://www.coorstek.com/media/4244/ceramic-material-properties.pdf,"Page 1, column 22 (HPB4C), row Thermal Conductivity, 20 °C",90,W/(m·K),2
obs-3e9b16b0b1b00720572e,coorstek-hpb4c,,flexural_strength,point,410000000.0,,,Pa,typical,"{""temperature_K"": 293.15}",ASTM F417; four-point bend,https://www.coorstek.com/media/4244/ceramic-material-properties.pdf,"Page 1, column 22 (HPB4C), row Flexural Strength (MOR), 20 °C",410,MPa,3
obs-24b411d4181a19be499a,coorstek-hpb4c,,poissons_ratio,point,0.17,,,1,typical,"{""temperature_K"": 293.15}",ASTM C848,https://www.coorstek.com/media/4244/ceramic-material-properties.pdf,"Page 1, column 22 (HPB4C), row Poisson’s Ratio, 20 °C",0.17,1,2
obs-ef316f50417a26960f09,coorstek-wc-aci-ni6,,density,point,14900.0,,,kg/m^3,typical,{},ASTM C20,https://www.coorstek.com/media/4244/ceramic-material-properties.pdf,"Page 1, column 23 (WC ACI-NI6), row Density",14.90,g/cm³,4
obs-b0fb7f618b72453fd912,coorstek-wc-aci-ni6,,youngs_modulus,point,614000000000.0,,,Pa,typical,"{""temperature_K"": 293.15}",ASTM C848,https://www.coorstek.com/media/4244/ceramic-material-properties.pdf,"Page 1, column 23 (WC ACI-NI6), row Elastic Modulus, 20 °C",614,GPa,3
obs-2cae3ec5ff664b2696b9,coorstek-wc-aci-ni6,,thermal_conductivity,point,84.0,,,W/(m*K),typical,"{""temperature_K"": 293.15}",ASTM C408,https://www.coorstek.com/media/4244/ceramic-material-properties.pdf,"Page 1, column 23 (WC ACI-NI6), row Thermal Conductivity, 20 °C",84.0,W/(m·K),3
obs-a8fa4963dbf651a8b257,coorstek-wc-aci-ni6,,flexural_strength,point,2330000000.0,,,Pa,typical,"{""temperature_K"": 293.15}",ASTM F417; four-point bend,https://www.coorstek.com/media/4244/ceramic-material-properties.pdf,"Page 1, column 23 (WC ACI-NI6), row Flexural Strength (MOR), 20 °C",2330,MPa,4
obs-dd7da8e82fb5896b26e1,coorstek-hp-aln,,density,point,3260.0,,,kg/m^3,typical,{},ASTM C20,https://www.coorstek.com/media/4244/ceramic-material-properties.pdf,"Page 1, column 24 (HP AlN), row Density",3.26,g/cm³,3
obs-2c283fa7e1956037ca85,coorstek-hp-aln,,youngs_modulus,point,330000000000.0,,,Pa,typical,"{""temperature_K"": 293.15}",ASTM C848,https://www.coorstek.com/media/4244/ceramic-material-properties.pdf,"Page 1, column 24 (HP AlN), row Elastic Modulus, 20 °C",330,GPa,3
obs-80f20bf9d46f35833c58,coorstek-hp-aln,,thermal_conductivity,point,80.0,,,W/(m*K),typical,"{""temperature_K"": 293.15}",ASTM C408,https://www.coorstek.com/media/4244/ceramic-material-properties.pdf,"Page 1, column 24 (HP AlN), row Thermal Conductivity, 20 °C",80.0,W/(m·K),3
obs-820748938a8a4cf790cd,coorstek-hp-aln,,flexural_strength,point,340000000.0,,,Pa,typical,"{""temperature_K"": 293.15}",ASTM F417; four-point bend,https://www.coorstek.com/media/4244/ceramic-material-properties.pdf,"Page 1, column 24 (HP AlN), row Flexural Strength (MOR), 20 °C",340,MPa,3
obs-dd66ecf8f299dc05f4a1,coorstek-hp-aln,,poissons_ratio,point,0.25,,,1,typical,"{""temperature_K"": 293.15}",ASTM C848,https://www.coorstek.com/media/4244/ceramic-material-properties.pdf,"Page 1, column 24 (HP AlN), row Poisson’s Ratio, 20 °C",0.25,1,2
obs-59bc4f84ac78f5776dab,coorstek-hp-aln,,specific_heat,point,740.0,,,J/(kg*K),typical,"{""temperature_K"": 373.15}",ASTM E1269,https://www.coorstek.com/media/4244/ceramic-material-properties.pdf,"Page 1, column 24 (HP AlN), row Specific Heat, 100 °C",740,J/(kg·K),3
obs-f4c9b19a9592ae21457e,coorstek-sn-101c,,density,point,3210.0,,,kg/m^3,typical,{},ASTM C20,https://www.coorstek.com/media/4244/ceramic-material-properties.pdf,"Page 1, column 25 (SN 101C), row Density",3.21,g/cm³,3
obs-5810528c9fbd4764a030,coorstek-sn-101c,,youngs_modulus,point,310000000000.0,,,Pa,typical,"{""temperature_K"": 293.15}",ASTM C848,https://www.coorstek.com/media/4244/ceramic-material-properties.pdf,"Page 1, column 25 (SN 101C), row Elastic Modulus, 20 °C",310,GPa,3
obs-82addd609a46d5e58288,coorstek-sn-101c,,thermal_conductivity,point,34.0,,,W/(m*K),typical,"{""temperature_K"": 293.15}",ASTM C408,https://www.coorstek.com/media/4244/ceramic-material-properties.pdf,"Page 1, column 25 (SN 101C), row Thermal Conductivity, 20 °C",34,W/(m·K),2
obs-fecf1a5903cfa69c4ab3,coorstek-sn-101c,,flexural_strength,point,1000000000.0,,,Pa,typical,"{""temperature_K"": 293.15}",ASTM F417; four-point bend,https://www.coorstek.com/media/4244/ceramic-material-properties.pdf,"Page 1, column 25 (SN 101C), row Flexural Strength (MOR), 20 °C",1000,MPa,4
obs-7967f5143ca5b75c1156,coorstek-sn-101c,,poissons_ratio,point,0.27,,,1,typical,"{""temperature_K"": 293.15}",ASTM C848,https://www.coorstek.com/media/4244/ceramic-material-properties.pdf,"Page 1, column 25 (SN 101C), row Poisson’s Ratio, 20 °C",0.27,1,2
obs-650c75bf6a3284d62824,coorstek-nbd-200,,density,point,3160.0,,,kg/m^3,typical,{},ASTM C20,https://www.coorstek.com/media/4244/ceramic-material-properties.pdf,"Page 1, column 26 (NBD-200), row Density",3.16,g/cm³,3
obs-0d728fbbc59fa7251ee3,coorstek-nbd-200,,youngs_modulus,point,320000000000.0,,,Pa,typical,"{""temperature_K"": 293.15}",ASTM C848,https://www.coorstek.com/media/4244/ceramic-material-properties.pdf,"Page 1, column 26 (NBD-200), row Elastic Modulus, 20 °C",320,GPa,3
obs-58487a48840a72b78f63,coorstek-nbd-200,,thermal_conductivity,point,29.0,,,W/(m*K),typical,"{""temperature_K"": 293.15}",ASTM C408,https://www.coorstek.com/media/4244/ceramic-material-properties.pdf,"Page 1, column 26 (NBD-200), row Thermal Conductivity, 20 °C",29,W/(m·K),2
obs-f07d726fa7d330d90846,coorstek-nbd-200,,flexural_strength,point,900000000.0,,,Pa,typical,"{""temperature_K"": 293.15}",ASTM F417; four-point bend,https://www.coorstek.com/media/4244/ceramic-material-properties.pdf,"Page 1, column 26 (NBD-200), row Flexural Strength (MOR), 20 °C",900,MPa,3
obs-7013b0822c9683f9edd8,coorstek-nbd-200,,poissons_ratio,point,0.26,,,1,typical,"{""temperature_K"": 293.15}",ASTM C848,https://www.coorstek.com/media/4244/ceramic-material-properties.pdf,"Page 1, column 26 (NBD-200), row Poisson’s Ratio, 20 °C",0.26,1,2
obs-edc9249f82b95afb2257,coorstek-nt-154,,density,point,3220.0,,,kg/m^3,typical,{},ASTM C20,https://www.coorstek.com/media/4244/ceramic-material-properties.pdf,"Page 1, column 27 (NT 154), row Density",3.22,g/cm³,3
obs-c1fba99ebccc5854364a,coorstek-nt-154,,youngs_modulus,point,310000000000.0,,,Pa,typical,"{""temperature_K"": 293.15}",ASTM C848,https://www.coorstek.com/media/4244/ceramic-material-properties.pdf,"Page 1, column 27 (NT 154), row Elastic Modulus, 20 °C",310,GPa,3
obs-c8ae69dd7b5d45abeb49,coorstek-nt-154,,thermal_conductivity,point,38.0,,,W/(m*K),typical,"{""temperature_K"": 293.15}",ASTM C408,https://www.coorstek.com/media/4244/ceramic-material-properties.pdf,"Page 1, column 27 (NT 154), row Thermal Conductivity, 20 °C",38,W/(m·K),2
obs-1b608037f28c2105368d,coorstek-nt-154,,flexural_strength,point,900000000.0,,,Pa,typical,"{""temperature_K"": 293.15}",ASTM F417; four-point bend,https://www.coorstek.com/media/4244/ceramic-material-properties.pdf,"Page 1, column 27 (NT 154), row Flexural Strength (MOR), 20 °C",900,MPa,3
obs-cde392c04700c44df2b3,coorstek-nt-154,,poissons_ratio,point,0.27,,,1,typical,"{""temperature_K"": 293.15}",ASTM C848,https://www.coorstek.com/media/4244/ceramic-material-properties.pdf,"Page 1, column 27 (NT 154), row Poisson’s Ratio, 20 °C",0.27,1,2
obs-977761b267059eab1dd4,coorstek-nt-154,,specific_heat,point,724.0,,,J/(kg*K),typical,"{""temperature_K"": 373.15}",ASTM E1269,https://www.coorstek.com/media/4244/ceramic-material-properties.pdf,"Page 1, column 27 (NT 154), row Specific Heat, 100 °C",724,J/(kg·K),3
obs-fce1969c6006558f33eb,stainless-core-304-4301,stainless-core-304-4301-reference,tensile_yield_strength,lower_bound,230000000.0,,,Pa,minimum,"{""product_form"": ""sheet"", ""temperature_K"": 293.15}",EN 10088-2,https://www.outokumpu.com/-/media/files/products/core/outokumpu-core-range-datasheet.pdf,"Page 8, Core 304/4301, product form C, row Table 5, Rp0.2",230,MPa,3
obs-e1730efbb68a89e0b3e0,stainless-core-304-4301,stainless-core-304-4301-reference,ultimate_tensile_strength,interval,,540000000.0,750000000.0,Pa,specified_range,"{""product_form"": ""sheet"", ""temperature_K"": 293.15}",EN 10088-2,https://www.outokumpu.com/-/media/files/products/core/outokumpu-core-range-datasheet.pdf,"Page 8, Core 304/4301, product form C, row Table 5, Rm",540–750,MPa,3
obs-7c93b5563829a430b062,stainless-core-304-4301,stainless-core-304-4301-reference,elongation_at_break,lower_bound,0.45,,,1,minimum,"{""product_form"": ""sheet"", ""temperature_K"": 293.15}",EN 10088-2,https://www.outokumpu.com/-/media/files/products/core/outokumpu-core-range-datasheet.pdf,"Page 8, Core 304/4301, product form C, row Table 5, A80 (80 mm gauge length)",45,%,2
obs-f3ee5ec2e3419eeb50c8,stainless-core-304-4301,,density,point,7900.0,,,kg/m^3,typical,{},EN 10088-1,https://www.outokumpu.com/-/media/files/products/core/outokumpu-core-range-datasheet.pdf,"Page 10, Core 304/4301, row Table 7, Density",7.9,kg/dm³,2
obs-6f47de9d69396a488f1a,stainless-core-304-4301,,youngs_modulus,point,200000000000.0,,,Pa,typical,"{""temperature_K"": 293.15}",EN 10088-1,https://www.outokumpu.com/-/media/files/products/core/outokumpu-core-range-datasheet.pdf,"Page 10, Core 304/4301, row Table 7, Modulus of elasticity at 20 °C",200,GPa,3
obs-26cd0079e2bd25180773,stainless-core-304-4301,,thermal_conductivity,point,15.0,,,W/(m*K),typical,"{""temperature_K"": 293.15}",EN 10088-1,https://www.outokumpu.com/-/media/files/products/core/outokumpu-core-range-datasheet.pdf,"Page 10, Core 304/4301, row Table 7, Thermal conductivity at 20 °C",15,W/(m·K),2
obs-8e6e51ad2aca5d8ef007,stainless-core-304-4301,,specific_heat,point,500.0,,,J/(kg*K),typical,"{""temperature_K"": 293.15}",EN 10088-1,https://www.outokumpu.com/-/media/files/products/core/outokumpu-core-range-datasheet.pdf,"Page 10, Core 304/4301, row Table 7, Thermal capacity at 20 °C",500,J/(kg·K),3
obs-65e5f52338938d1e3496,stainless-core-304l-4307,stainless-core-304l-4307-reference,tensile_yield_strength,lower_bound,220000000.0,,,Pa,minimum,"{""product_form"": ""sheet"", ""temperature_K"": 293.15}",EN 10088-2,https://www.outokumpu.com/-/media/files/products/core/outokumpu-core-range-datasheet.pdf,"Page 8, Core 304L/4307, product form C, row Table 5, Rp0.2",220,MPa,3
obs-e0c080897fdd884a3995,stainless-core-304l-4307,stainless-core-304l-4307-reference,ultimate_tensile_strength,interval,,520000000.0,700000000.0,Pa,specified_range,"{""product_form"": ""sheet"", ""temperature_K"": 293.15}",EN 10088-2,https://www.outokumpu.com/-/media/files/products/core/outokumpu-core-range-datasheet.pdf,"Page 8, Core 304L/4307, product form C, row Table 5, Rm",520–700,MPa,3
obs-30353993057aa441601f,stainless-core-304l-4307,stainless-core-304l-4307-reference,elongation_at_break,lower_bound,0.45,,,1,minimum,"{""product_form"": ""sheet"", ""temperature_K"": 293.15}",EN 10088-2,https://www.outokumpu.com/-/media/files/products/core/outokumpu-core-range-datasheet.pdf,"Page 8, Core 304L/4307, product form C, row Table 5, A80 (80 mm gauge length)",45,%,2
obs-b35538fb7617e3dc3436,stainless-core-304l-4307,,density,point,7900.0,,,kg/m^3,typical,{},EN 10088-1,https://www.outokumpu.com/-/media/files/products/core/outokumpu-core-range-datasheet.pdf,"Page 10, Core 304L/4307, row Table 7, Density",7.9,kg/dm³,2
obs-15840a0046a47320ba09,stainless-core-304l-4307,,youngs_modulus,point,200000000000.0,,,Pa,typical,"{""temperature_K"": 293.15}",EN 10088-1,https://www.outokumpu.com/-/media/files/products/core/outokumpu-core-range-datasheet.pdf,"Page 10, Core 304L/4307, row Table 7, Modulus of elasticity at 20 °C",200,GPa,3
obs-cc25483ad3211a8a2637,stainless-core-304l-4307,,thermal_conductivity,point,15.0,,,W/(m*K),typical,"{""temperature_K"": 293.15}",EN 10088-1,https://www.outokumpu.com/-/media/files/products/core/outokumpu-core-range-datasheet.pdf,"Page 10, Core 304L/4307, row Table 7, Thermal conductivity at 20 °C",15,W/(m·K),2
obs-af5fad3384a7269b0c93,stainless-core-304l-4307,,specific_heat,point,500.0,,,J/(kg*K),typical,"{""temperature_K"": 293.15}",EN 10088-1,https://www.outokumpu.com/-/media/files/products/core/outokumpu-core-range-datasheet.pdf,"Page 10, Core 304L/4307, row Table 7, Thermal capacity at 20 °C",500,J/(kg·K),3
obs-9c11abbd5f21f0861b07,stainless-core-304ln-4311,stainless-core-304ln-4311-reference,tensile_yield_strength,lower_bound,290000000.0,,,Pa,minimum,"{""product_form"": ""sheet"", ""temperature_K"": 293.15}",EN 10088-2,https://www.outokumpu.com/-/media/files/products/core/outokumpu-core-range-datasheet.pdf,"Page 8, Core 304LN/4311, product form C, row Table 5, Rp0.2",290,MPa,3
obs-9b603e04b1c9cc550b8a,stainless-core-304ln-4311,stainless-core-304ln-4311-reference,ultimate_tensile_strength,interval,,550000000.0,750000000.0,Pa,specified_range,"{""product_form"": ""sheet"", ""temperature_K"": 293.15}",EN 10088-2,https://www.outokumpu.com/-/media/files/products/core/outokumpu-core-range-datasheet.pdf,"Page 8, Core 304LN/4311, product form C, row Table 5, Rm",550–750,MPa,3
obs-90b5b6eb8762516112bc,stainless-core-304ln-4311,stainless-core-304ln-4311-reference,elongation_at_break,lower_bound,0.4,,,1,minimum,"{""product_form"": ""sheet"", ""temperature_K"": 293.15}",EN 10088-2,https://www.outokumpu.com/-/media/files/products/core/outokumpu-core-range-datasheet.pdf,"Page 8, Core 304LN/4311, product form C, row Table 5, A80 (80 mm gauge length)",40,%,2
obs-c84af4655a117b5ee129,stainless-core-304ln-4311,,density,point,7900.0,,,kg/m^3,typical,{},EN 10088-1,https://www.outokumpu.com/-/media/files/products/core/outokumpu-core-range-datasheet.pdf,"Page 10, Core 304LN/4311, row Table 7, Density",7.9,kg/dm³,2
obs-e07cd688784451f093b4,stainless-core-304ln-4311,,youngs_modulus,point,200000000000.0,,,Pa,typical,"{""temperature_K"": 293.15}",EN 10088-1,https://www.outokumpu.com/-/media/files/products/core/outokumpu-core-range-datasheet.pdf,"Page 10, Core 304LN/4311, row Table 7, Modulus of elasticity at 20 °C",200,GPa,3
obs-00f9e02678500e7d4380,stainless-core-304ln-4311,,thermal_conductivity,point,15.0,,,W/(m*K),typical,"{""temperature_K"": 293.15}",EN 10088-1,https://www.outokumpu.com/-/media/files/products/core/outokumpu-core-range-datasheet.pdf,"Page 10, Core 304LN/4311, row Table 7, Thermal conductivity at 20 °C",15,W/(m·K),2
obs-eb67ad1392de6e57b1ea,stainless-core-304ln-4311,,specific_heat,point,500.0,,,J/(kg*K),typical,"{""temperature_K"": 293.15}",EN 10088-1,https://www.outokumpu.com/-/media/files/products/core/outokumpu-core-range-datasheet.pdf,"Page 10, Core 304LN/4311, row Table 7, Thermal capacity at 20 °C",500,J/(kg·K),3
obs-32dff2fe712e485654bf,stainless-core-304l-4306,stainless-core-304l-4306-reference,tensile_yield_strength,lower_bound,220000000.0,,,Pa,minimum,"{""product_form"": ""sheet"", ""temperature_K"": 293.15}",EN 10088-2,https://www.outokumpu.com/-/media/files/products/core/outokumpu-core-range-datasheet.pdf,"Page 8, Core 304L/4306, product form C, row Table 5, Rp0.2",220,MPa,3
obs-8909fafa773da1404553,stainless-core-304l-4306,stainless-core-304l-4306-reference,ultimate_tensile_strength,interval,,520000000.0,700000000.0,Pa,specified_range,"{""product_form"": ""sheet"", ""temperature_K"": 293.15}",EN 10088-2,https://www.outokumpu.com/-/media/files/products/core/outokumpu-core-range-datasheet.pdf,"Page 8, Core 304L/4306, product form C, row Table 5, Rm",520–700,MPa,3
obs-149635fd5cadc00fb682,stainless-core-304l-4306,stainless-core-304l-4306-reference,elongation_at_break,lower_bound,0.45,,,1,minimum,"{""product_form"": ""sheet"", ""temperature_K"": 293.15}",EN 10088-2,https://www.outokumpu.com/-/media/files/products/core/outokumpu-core-range-datasheet.pdf,"Page 8, Core 304L/4306, product form C, row Table 5, A80 (80 mm gauge length)",45,%,2
obs-59beb7ec5b0bd8c8048b,stainless-core-304l-4306,,density,point,7900.0,,,kg/m^3,typical,{},EN 10088-1,https://www.outokumpu.com/-/media/files/products/core/outokumpu-core-range-datasheet.pdf,"Page 10, Core 304L/4306, row Table 7, Density",7.9,kg/dm³,2
obs-04a483da2392dd70423f,stainless-core-304l-4306,,youngs_modulus,point,200000000000.0,,,Pa,typical,"{""temperature_K"": 293.15}",EN 10088-1,https://www.outokumpu.com/-/media/files/products/core/outokumpu-core-range-datasheet.pdf,"Page 10, Core 304L/4306, row Table 7, Modulus of elasticity at 20 °C",200,GPa,3
obs-2fcad69a495c5aceccbb,stainless-core-304l-4306,,thermal_conductivity,point,15.0,,,W/(m*K),typical,"{""temperature_K"": 293.15}",EN 10088-1,https://www.outokumpu.com/-/media/files/products/core/outokumpu-core-range-datasheet.pdf,"Page 10, Core 304L/4306, row Table 7, Thermal conductivity at 20 °C",15,W/(m·K),2
obs-0eca03302b62b6729a3c,stainless-core-304l-4306,,specific_heat,point,500.0,,,J/(kg*K),typical,"{""temperature_K"": 293.15}",EN 10088-1,https://www.outokumpu.com/-/media/files/products/core/outokumpu-core-range-datasheet.pdf,"Page 10, Core 304L/4306, row Table 7, Thermal capacity at 20 °C",500,J/(kg·K),3
obs-a64ac73e9de940de4c92,stainless-core-305-4303,stainless-core-305-4303-reference,tensile_yield_strength,lower_bound,220000000.0,,,Pa,minimum,"{""product_form"": ""sheet"", ""temperature_K"": 293.15}",EN 10088-2,https://www.outokumpu.com/-/media/files/products/core/outokumpu-core-range-datasheet.pdf,"Page 8, Core 305/4303, product form C, row Table 5, Rp0.2",220,MPa,3
obs-34cd28034f12b04a649b,stainless-core-305-4303,stainless-core-305-4303-reference,ultimate_tensile_strength,interval,,500000000.0,650000000.0,Pa,specified_range,"{""product_form"": ""sheet"", ""temperature_K"": 293.15}",EN 10088-2,https://www.outokumpu.com/-/media/files/products/core/outokumpu-core-range-datasheet.pdf,"Page 8, Core 305/4303, product form C, row Table 5, Rm",500–650,MPa,3
obs-0eee57e772c6547a7ba3,stainless-core-305-4303,stainless-core-305-4303-reference,elongation_at_break,lower_bound,0.45,,,1,minimum,"{""product_form"": ""sheet"", ""temperature_K"": 293.15}",EN 10088-2,https://www.outokumpu.com/-/media/files/products/core/outokumpu-core-range-datasheet.pdf,"Page 8, Core 305/4303, product form C, row Table 5, A80 (80 mm gauge length)",45,%,2
obs-6cdfd2c8059963ed3631,stainless-core-305-4303,,density,point,7900.0,,,kg/m^3,typical,{},EN 10088-1,https://www.outokumpu.com/-/media/files/products/core/outokumpu-core-range-datasheet.pdf,"Page 10, Core 305/4303, row Table 7, Density",7.9,kg/dm³,2
obs-6c9a765ffd9cc12f393f,stainless-core-305-4303,,youngs_modulus,point,200000000000.0,,,Pa,typical,"{""temperature_K"": 293.15}",EN 10088-1,https://www.outokumpu.com/-/media/files/products/core/outokumpu-core-range-datasheet.pdf,"Page 10, Core 305/4303, row Table 7, Modulus of elasticity at 20 °C",200,GPa,3
obs-5ee358ba7ebeb1e3e1af,stainless-core-305-4303,,thermal_conductivity,point,15.0,,,W/(m*K),typical,"{""temperature_K"": 293.15}",EN 10088-1,https://www.outokumpu.com/-/media/files/products/core/outokumpu-core-range-datasheet.pdf,"Page 10, Core 305/4303, row Table 7, Thermal conductivity at 20 °C",15,W/(m·K),2
obs-29c9155c27cdefd60192,stainless-core-305-4303,,specific_heat,point,500.0,,,J/(kg*K),typical,"{""temperature_K"": 293.15}",EN 10088-1,https://www.outokumpu.com/-/media/files/products/core/outokumpu-core-range-datasheet.pdf,"Page 10, Core 305/4303, row Table 7, Thermal capacity at 20 °C",500,J/(kg·K),3
obs-5d62866961c02adc5dd5,stainless-core-321-4541,stainless-core-321-4541-reference,tensile_yield_strength,lower_bound,220000000.0,,,Pa,minimum,"{""product_form"": ""sheet"", ""temperature_K"": 293.15}",EN 10088-2,https://www.outokumpu.com/-/media/files/products/core/outokumpu-core-range-datasheet.pdf,"Page 8, Core 321/4541, product form C, row Table 5, Rp0.2",220,MPa,3
obs-eb8ab50d88625ed3777c,stainless-core-321-4541,stainless-core-321-4541-reference,ultimate_tensile_strength,interval,,520000000.0,720000000.0,Pa,specified_range,"{""product_form"": ""sheet"", ""temperature_K"": 293.15}",EN 10088-2,https://www.outokumpu.com/-/media/files/products/core/outokumpu-core-range-datasheet.pdf,"Page 8, Core 321/4541, product form C, row Table 5, Rm",520–720,MPa,3
obs-38a0ec71e4dc71be85bd,stainless-core-321-4541,stainless-core-321-4541-reference,elongation_at_break,lower_bound,0.4,,,1,minimum,"{""product_form"": ""sheet"", ""temperature_K"": 293.15}",EN 10088-2,https://www.outokumpu.com/-/media/files/products/core/outokumpu-core-range-datasheet.pdf,"Page 8, Core 321/4541, product form C, row Table 5, A80 (80 mm gauge length)",40,%,2
obs-e11046d0359774cc9ac0,stainless-core-321-4541,,density,point,7900.0,,,kg/m^3,typical,{},EN 10088-1,https://www.outokumpu.com/-/media/files/products/core/outokumpu-core-range-datasheet.pdf,"Page 10, Core 321/4541, row Table 7, Density",7.9,kg/dm³,2
obs-76c071b4857f884b220e,stainless-core-321-4541,,youngs_modulus,point,200000000000.0,,,Pa,typical,"{""temperature_K"": 293.15}",EN 10088-1,https://www.outokumpu.com/-/media/files/products/core/outokumpu-core-range-datasheet.pdf,"Page 10, Core 321/4541, row Table 7, Modulus of elasticity at 20 °C",200,GPa,3
obs-b97cd027da946dbdc203,stainless-core-321-4541,,thermal_conductivity,point,15.0,,,W/(m*K),typical,"{""temperature_K"": 293.15}",EN 10088-1,https://www.outokumpu.com/-/media/files/products/core/outokumpu-core-range-datasheet.pdf,"Page 10, Core 321/4541, row Table 7, Thermal conductivity at 20 °C",15,W/(m·K),2
obs-8e8d9f197a61e86b99c9,stainless-core-321-4541,,specific_heat,point,500.0,,,J/(kg*K),typical,"{""temperature_K"": 293.15}",EN 10088-1,https://www.outokumpu.com/-/media/files/products/core/outokumpu-core-range-datasheet.pdf,"Page 10, Core 321/4541, row Table 7, Thermal capacity at 20 °C",500,J/(kg·K),3
obs-5c718f214dc5a3a1d562,stainless-core-347-4550,stainless-core-347-4550-reference,tensile_yield_strength,lower_bound,220000000.0,,,Pa,minimum,"{""product_form"": ""sheet"", ""temperature_K"": 293.15}",EN 10088-2,https://www.outokumpu.com/-/media/files/products/core/outokumpu-core-range-datasheet.pdf,"Page 8, Core 347/4550, product form C, row Table 5, Rp0.2",220,MPa,3
obs-4f06ad628f5fb9fbc495,stainless-core-347-4550,stainless-core-347-4550-reference,ultimate_tensile_strength,interval,,520000000.0,720000000.0,Pa,specified_range,"{""product_form"": ""sheet"", ""temperature_K"": 293.15}",EN 10088-2,https://www.outokumpu.com/-/media/files/products/core/outokumpu-core-range-datasheet.pdf,"Page 8, Core 347/4550, product form C, row Table 5, Rm",520–720,MPa,3
obs-1d9996d1076df8d876d9,stainless-core-347-4550,stainless-core-347-4550-reference,elongation_at_break,lower_bound,0.4,,,1,minimum,"{""product_form"": ""sheet"", ""temperature_K"": 293.15}",EN 10088-2,https://www.outokumpu.com/-/media/files/products/core/outokumpu-core-range-datasheet.pdf,"Page 8, Core 347/4550, product form C, row Table 5, A80 (80 mm gauge length)",40,%,2
obs-4daa2df989576ebc4ea3,stainless-core-347-4550,,density,point,7900.0,,,kg/m^3,typical,{},EN 10088-1,https://www.outokumpu.com/-/media/files/products/core/outokumpu-core-range-datasheet.pdf,"Page 10, Core 347/4550, row Table 7, Density",7.9,kg/dm³,2
obs-86053d75e012ece7a3e3,stainless-core-347-4550,,youngs_modulus,point,200000000000.0,,,Pa,typical,"{""temperature_K"": 293.15}",EN 10088-1,https://www.outokumpu.com/-/media/files/products/core/outokumpu-core-range-datasheet.pdf,"Page 10, Core 347/4550, row Table 7, Modulus of elasticity at 20 °C",200,GPa,3
obs-9c0712e8260e90b651a0,stainless-core-347-4550,,thermal_conductivity,point,15.0,,,W/(m*K),typical,"{""temperature_K"": 293.15}",EN 10088-1,https://www.outokumpu.com/-/media/files/products/core/outokumpu-core-range-datasheet.pdf,"Page 10, Core 347/4550, row Table 7, Thermal conductivity at 20 °C",15,W/(m·K),2
obs-bb4976d1ea008e924e6b,stainless-core-347-4550,,specific_heat,point,500.0,,,J/(kg*K),typical,"{""temperature_K"": 293.15}",EN 10088-1,https://www.outokumpu.com/-/media/files/products/core/outokumpu-core-range-datasheet.pdf,"Page 10, Core 347/4550, row Table 7, Thermal capacity at 20 °C",500,J/(kg·K),3
obs-cd2537247c46834babe5,stainless-core-301ln-4318,stainless-core-301ln-4318-reference,tensile_yield_strength,lower_bound,350000000.0,,,Pa,minimum,"{""product_form"": ""sheet"", ""temperature_K"": 293.15}",EN 10088-2,https://www.outokumpu.com/-/media/files/products/core/outokumpu-core-range-datasheet.pdf,"Page 8, Core 301LN/4318, product form C, row Table 5, Rp0.2",350,MPa,3
obs-aa2e800a4b4dede582d8,stainless-core-301ln-4318,stainless-core-301ln-4318-reference,ultimate_tensile_strength,interval,,650000000.0,850000000.0,Pa,specified_range,"{""product_form"": ""sheet"", ""temperature_K"": 293.15}",EN 10088-2,https://www.outokumpu.com/-/media/files/products/core/outokumpu-core-range-datasheet.pdf,"Page 8, Core 301LN/4318, product form C, row Table 5, Rm",650–850,MPa,3
obs-95c5eb6071cf44396e7d,stainless-core-301ln-4318,stainless-core-301ln-4318-reference,elongation_at_break,lower_bound,0.35000000000000003,,,1,minimum,"{""product_form"": ""sheet"", ""temperature_K"": 293.15}",EN 10088-2,https://www.outokumpu.com/-/media/files/products/core/outokumpu-core-range-datasheet.pdf,"Page 8, Core 301LN/4318, product form C, row Table 5, A80 (80 mm gauge length)",35,%,2
obs-d4472d362ec913bacbcb,stainless-core-301ln-4318,,density,point,7900.0,,,kg/m^3,typical,{},EN 10088-1,https://www.outokumpu.com/-/media/files/products/core/outokumpu-core-range-datasheet.pdf,"Page 10, Core 301LN/4318, row Table 7, Density",7.9,kg/dm³,2
obs-496f6e634f991a0d5d6b,stainless-core-301ln-4318,,youngs_modulus,point,200000000000.0,,,Pa,typical,"{""temperature_K"": 293.15}",EN 10088-1,https://www.outokumpu.com/-/media/files/products/core/outokumpu-core-range-datasheet.pdf,"Page 10, Core 301LN/4318, row Table 7, Modulus of elasticity at 20 °C",200,GPa,3
obs-b1556e210821d6580471,stainless-core-301ln-4318,,thermal_conductivity,point,15.0,,,W/(m*K),typical,"{""temperature_K"": 293.15}",EN 10088-1,https://www.outokumpu.com/-/media/files/products/core/outokumpu-core-range-datasheet.pdf,"Page 10, Core 301LN/4318, row Table 7, Thermal conductivity at 20 °C",15,W/(m·K),2
obs-cedb062ee7273b747414,stainless-core-301ln-4318,,specific_heat,point,500.0,,,J/(kg*K),typical,"{""temperature_K"": 293.15}",EN 10088-1,https://www.outokumpu.com/-/media/files/products/core/outokumpu-core-range-datasheet.pdf,"Page 10, Core 301LN/4318, row Table 7, Thermal capacity at 20 °C",500,J/(kg·K),3
obs-d02dcaeae5833518a4ef,stainless-core-301-4310,stainless-core-301-4310-reference,tensile_yield_strength,lower_bound,250000000.0,,,Pa,minimum,"{""product_form"": ""sheet"", ""temperature_K"": 293.15}",EN 10088-2,https://www.outokumpu.com/-/media/files/products/core/outokumpu-core-range-datasheet.pdf,"Page 8, Core 301/4310, product form C, row Table 5, Rp0.2",250,MPa,3
obs-9c540013195311fd1f32,stainless-core-301-4310,stainless-core-301-4310-reference,ultimate_tensile_strength,interval,,600000000.0,950000000.0,Pa,specified_range,"{""product_form"": ""sheet"", ""temperature_K"": 293.15}",EN 10088-2,https://www.outokumpu.com/-/media/files/products/core/outokumpu-core-range-datasheet.pdf,"Page 8, Core 301/4310, product form C, row Table 5, Rm",600–950,MPa,3
obs-d844fe240620ea47eea1,stainless-core-301-4310,stainless-core-301-4310-reference,elongation_at_break,lower_bound,0.4,,,1,minimum,"{""product_form"": ""sheet"", ""temperature_K"": 293.15}",EN 10088-2,https://www.outokumpu.com/-/media/files/products/core/outokumpu-core-range-datasheet.pdf,"Page 8, Core 301/4310, product form C, row Table 5, A80 (80 mm gauge length)",40,%,2
obs-29715d2d160206b6c980,stainless-core-301-4310,,density,point,7900.0,,,kg/m^3,typical,{},EN 10088-1,https://www.outokumpu.com/-/media/files/products/core/outokumpu-core-range-datasheet.pdf,"Page 10, Core 301/4310, row Table 7, Density",7.9,kg/dm³,2
obs-aa7fbf1a2ef33e52baa0,stainless-core-301-4310,,youngs_modulus,point,200000000000.0,,,Pa,typical,"{""temperature_K"": 293.15}",EN 10088-1,https://www.outokumpu.com/-/media/files/products/core/outokumpu-core-range-datasheet.pdf,"Page 10, Core 301/4310, row Table 7, Modulus of elasticity at 20 °C",200,GPa,3
obs-73df096c52dc3dad7edb,stainless-core-301-4310,,thermal_conductivity,point,15.0,,,W/(m*K),typical,"{""temperature_K"": 293.15}",EN 10088-1,https://www.outokumpu.com/-/media/files/products/core/outokumpu-core-range-datasheet.pdf,"Page 10, Core 301/4310, row Table 7, Thermal conductivity at 20 °C",15,W/(m·K),2
obs-85c9327cfb8ae686d01f,stainless-core-301-4310,,specific_heat,point,500.0,,,J/(kg*K),typical,"{""temperature_K"": 293.15}",EN 10088-1,https://www.outokumpu.com/-/media/files/products/core/outokumpu-core-range-datasheet.pdf,"Page 10, Core 301/4310, row Table 7, Thermal capacity at 20 °C",500,J/(kg·K),3
obs-ed2b972c2f90efbe0e4c,stainless-core-201-4372,stainless-core-201-4372-reference,tensile_yield_strength,lower_bound,350000000.0,,,Pa,minimum,"{""product_form"": ""sheet"", ""temperature_K"": 293.15}",EN 10088-2,https://www.outokumpu.com/-/media/files/products/core/outokumpu-core-range-datasheet.pdf,"Page 8, Core 201/4372, product form C, row Table 5, Rp0.2",350,MPa,3
obs-e32e197791ac697fcde4,stainless-core-201-4372,stainless-core-201-4372-reference,ultimate_tensile_strength,interval,,680000000.0,880000000.0,Pa,specified_range,"{""product_form"": ""sheet"", ""temperature_K"": 293.15}",EN 10088-2,https://www.outokumpu.com/-/media/files/products/core/outokumpu-core-range-datasheet.pdf,"Page 8, Core 201/4372, product form C, row Table 5, Rm",680–880,MPa,3
obs-999309d730fc38c5fb26,stainless-core-201-4372,stainless-core-201-4372-reference,elongation_at_break,lower_bound,0.45,,,1,minimum,"{""product_form"": ""sheet"", ""temperature_K"": 293.15}",EN 10088-2,https://www.outokumpu.com/-/media/files/products/core/outokumpu-core-range-datasheet.pdf,"Page 8, Core 201/4372, product form C, row Table 5, A80 (80 mm gauge length)",45,%,2
obs-4989b66610e422dd565a,stainless-core-201-4372,,density,point,7800.0,,,kg/m^3,typical,{},EN 10088-1,https://www.outokumpu.com/-/media/files/products/core/outokumpu-core-range-datasheet.pdf,"Page 10, Core 201/4372, row Table 7, Density",7.8,kg/dm³,2
obs-9dc82457e31cec04e7ac,stainless-core-201-4372,,youngs_modulus,point,200000000000.0,,,Pa,typical,"{""temperature_K"": 293.15}",EN 10088-1,https://www.outokumpu.com/-/media/files/products/core/outokumpu-core-range-datasheet.pdf,"Page 10, Core 201/4372, row Table 7, Modulus of elasticity at 20 °C",200,GPa,3
obs-c8377c3f07a46e1c182f,stainless-core-201-4372,,thermal_conductivity,point,15.0,,,W/(m*K),typical,"{""temperature_K"": 293.15}",EN 10088-1,https://www.outokumpu.com/-/media/files/products/core/outokumpu-core-range-datasheet.pdf,"Page 10, Core 201/4372, row Table 7, Thermal conductivity at 20 °C",15,W/(m·K),2
obs-c886c0e853409b0943be,stainless-core-201ln-4372,stainless-core-201ln-4372-reference,tensile_yield_strength,lower_bound,350000000.0,,,Pa,minimum,"{""product_form"": ""sheet"", ""temperature_K"": 293.15}",EN 10088-2,https://www.outokumpu.com/-/media/files/products/core/outokumpu-core-range-datasheet.pdf,"Page 8, Core 201LN/4372, product form C, row Table 5, Rp0.2",350,MPa,3
obs-291886338316aeabb9a9,stainless-core-201ln-4372,stainless-core-201ln-4372-reference,ultimate_tensile_strength,interval,,680000000.0,880000000.0,Pa,specified_range,"{""product_form"": ""sheet"", ""temperature_K"": 293.15}",EN 10088-2,https://www.outokumpu.com/-/media/files/products/core/outokumpu-core-range-datasheet.pdf,"Page 8, Core 201LN/4372, product form C, row Table 5, Rm",680–880,MPa,3
obs-51b12d3163c058a6760a,stainless-core-201ln-4372,stainless-core-201ln-4372-reference,elongation_at_break,lower_bound,0.45,,,1,minimum,"{""product_form"": ""sheet"", ""temperature_K"": 293.15}",EN 10088-2,https://www.outokumpu.com/-/media/files/products/core/outokumpu-core-range-datasheet.pdf,"Page 8, Core 201LN/4372, product form C, row Table 5, A80 (80 mm gauge length)",45,%,2
obs-f5843f323610609d6910,stainless-core-201ln-4372,,density,point,7800.0,,,kg/m^3,typical,{},EN 10088-1,https://www.outokumpu.com/-/media/files/products/core/outokumpu-core-range-datasheet.pdf,"Page 10, Core 201LN/4372, row Table 7, Density",7.8,kg/dm³,2
obs-67c5c3a1fe7686ddb84c,stainless-core-201ln-4372,,youngs_modulus,point,200000000000.0,,,Pa,typical,"{""temperature_K"": 293.15}",EN 10088-1,https://www.outokumpu.com/-/media/files/products/core/outokumpu-core-range-datasheet.pdf,"Page 10, Core 201LN/4372, row Table 7, Modulus of elasticity at 20 °C",200,GPa,3
obs-f0019486c5ec4a839249,stainless-core-201ln-4372,,thermal_conductivity,point,15.0,,,W/(m*K),typical,"{""temperature_K"": 293.15}",EN 10088-1,https://www.outokumpu.com/-/media/files/products/core/outokumpu-core-range-datasheet.pdf,"Page 10, Core 201LN/4372, row Table 7, Thermal conductivity at 20 °C",15,W/(m·K),2
obs-741d9ea378875c96e247,stainless-core-441-4509,stainless-core-441-4509-reference,tensile_yield_strength,lower_bound,250000000.0,,,Pa,minimum,"{""product_form"": ""sheet"", ""temperature_K"": 293.15}",EN 10088-2,https://www.outokumpu.com/-/media/files/products/core/outokumpu-core-range-datasheet.pdf,"Page 8, Core 441/4509, product form C, row Table 5, Rp0.2",250,MPa,3
obs-88df3fe22be4898de263,stainless-core-441-4509,stainless-core-441-4509-reference,ultimate_tensile_strength,interval,,430000000.0,630000000.0,Pa,specified_range,"{""product_form"": ""sheet"", ""temperature_K"": 293.15}",EN 10088-2,https://www.outokumpu.com/-/media/files/products/core/outokumpu-core-range-datasheet.pdf,"Page 8, Core 441/4509, product form C, row Table 5, Rm",430–630,MPa,3
obs-ef3fb6c78cf9536634e4,stainless-core-441-4509,stainless-core-441-4509-reference,elongation_at_break,lower_bound,0.18,,,1,minimum,"{""product_form"": ""sheet"", ""temperature_K"": 293.15}",EN 10088-2,https://www.outokumpu.com/-/media/files/products/core/outokumpu-core-range-datasheet.pdf,"Page 8, Core 441/4509, product form C, row Table 5, A80 (80 mm gauge length)",18,%,2
obs-9c5df414faa023291749,stainless-core-441-4509,,density,point,7700.0,,,kg/m^3,typical,{},EN 10088-1,https://www.outokumpu.com/-/media/files/products/core/outokumpu-core-range-datasheet.pdf,"Page 10, Core 441/4509, row Table 7, Density",7.7,kg/dm³,2
obs-c55bb33dd3c82fd6e306,stainless-core-441-4509,,youngs_modulus,point,220000000000.0,,,Pa,typical,"{""temperature_K"": 293.15}",EN 10088-1,https://www.outokumpu.com/-/media/files/products/core/outokumpu-core-range-datasheet.pdf,"Page 10, Core 441/4509, row Table 7, Modulus of elasticity at 20 °C",220,GPa,3
obs-d5bee7e86783717200f7,stainless-core-441-4509,,thermal_conductivity,point,25.0,,,W/(m*K),typical,"{""temperature_K"": 293.15}",EN 10088-1,https://www.outokumpu.com/-/media/files/products/core/outokumpu-core-range-datasheet.pdf,"Page 10, Core 441/4509, row Table 7, Thermal conductivity at 20 °C",25,W/(m·K),2
obs-473dcbb1c7c2a3939788,stainless-core-441-4509,,specific_heat,point,460.0,,,J/(kg*K),typical,"{""temperature_K"": 293.15}",EN 10088-1,https://www.outokumpu.com/-/media/files/products/core/outokumpu-core-range-datasheet.pdf,"Page 10, Core 441/4509, row Table 7, Thermal capacity at 20 °C",460,J/(kg·K),3
obs-52afd2b09cf67b6241de,stainless-core-439m,stainless-core-439m-reference,tensile_yield_strength,lower_bound,205000000.0,,,Pa,minimum,"{""product_form"": ""sheet"", ""temperature_K"": 293.15}",ASTM A240,https://www.outokumpu.com/-/media/files/products/core/outokumpu-core-range-datasheet.pdf,"Page 8, Core 439M, product form C*, row Table 5, Rp0.2",205,MPa,3
obs-3a518f54fb9bff4bf756,stainless-core-439m,stainless-core-439m-reference,ultimate_tensile_strength,lower_bound,415000000.0,,,Pa,minimum,"{""product_form"": ""sheet"", ""temperature_K"": 293.15}",ASTM A240,https://www.outokumpu.com/-/media/files/products/core/outokumpu-core-range-datasheet.pdf,"Page 8, Core 439M, product form C*, row Table 5, Rm",415,MPa,3
obs-2aafa5c8bd5458071dfb,stainless-core-439m,stainless-core-439m-reference,elongation_at_break,lower_bound,0.22,,,1,minimum,"{""product_form"": ""sheet"", ""temperature_K"": 293.15}",ASTM A240,https://www.outokumpu.com/-/media/files/products/core/outokumpu-core-range-datasheet.pdf,"Page 8, Core 439M, product form C*, row Table 5, A80 (80 mm gauge length)",22,%,2
obs-1eed26351d74d7c816fd,stainless-core-439m,,density,point,7700.0,,,kg/m^3,typical,{},Outokumpu values (Table 7 footnote),https://www.outokumpu.com/-/media/files/products/core/outokumpu-core-range-datasheet.pdf,"Page 10, Core 439M, row Table 7, Density",7.7,kg/dm³,2
obs-94decc163d0e0926d88d,stainless-core-439m,,youngs_modulus,point,220000000000.0,,,Pa,typical,"{""temperature_K"": 293.15}",Outokumpu values (Table 7 footnote),https://www.outokumpu.com/-/media/files/products/core/outokumpu-core-range-datasheet.pdf,"Page 10, Core 439M, row Table 7, Modulus of elasticity at 20 °C",220,GPa,3
obs-036e754c8d71c86fb9dd,stainless-core-439m,,thermal_conductivity,point,25.0,,,W/(m*K),typical,"{""temperature_K"": 293.15}",Outokumpu values (Table 7 footnote),https://www.outokumpu.com/-/media/files/products/core/outokumpu-core-range-datasheet.pdf,"Page 10, Core 439M, row Table 7, Thermal conductivity at 20 °C",25,W/(m·K),2
obs-ddfc528508a89db32807,stainless-core-439m,,specific_heat,point,460.0,,,J/(kg*K),typical,"{""temperature_K"": 293.15}",Outokumpu values (Table 7 footnote),https://www.outokumpu.com/-/media/files/products/core/outokumpu-core-range-datasheet.pdf,"Page 10, Core 439M, row Table 7, Thermal capacity at 20 °C",460,J/(kg·K),3
obs-99cbdd7d271565ca2b7e,stainless-core-4622,stainless-core-4622-reference,tensile_yield_strength,lower_bound,300000000.0,,,Pa,minimum,"{""product_form"": ""sheet"", ""temperature_K"": 293.15}",EN 10028-7,https://www.outokumpu.com/-/media/files/products/core/outokumpu-core-range-datasheet.pdf,"Page 8, Core 4622, product form C**, row Table 5, Rp0.2",300,MPa,3
obs-b0eccd62601941814a39,stainless-core-4622,stainless-core-4622-reference,ultimate_tensile_strength,interval,,430000000.0,630000000.0,Pa,specified_range,"{""product_form"": ""sheet"", ""temperature_K"": 293.15}",EN 10028-7,https://www.outokumpu.com/-/media/files/products/core/outokumpu-core-range-datasheet.pdf,"Page 8, Core 4622, product form C**, row Table 5, Rm",430–630,MPa,3
obs-9bbe63c52128cf15b5f9,stainless-core-4622,stainless-core-4622-reference,elongation_at_break,lower_bound,0.22,,,1,minimum,"{""product_form"": ""sheet"", ""temperature_K"": 293.15}",EN 10028-7,https://www.outokumpu.com/-/media/files/products/core/outokumpu-core-range-datasheet.pdf,"Page 8, Core 4622, product form C**, row Table 5, A80 (80 mm gauge length)",22,%,2
obs-3597e663e5e9614a1b3e,stainless-core-4622,,density,point,7700.0,,,kg/m^3,typical,{},Outokumpu values (Table 7 footnote),https://www.outokumpu.com/-/media/files/products/core/outokumpu-core-range-datasheet.pdf,"Page 10, Core 4622, row Table 7, Density",7.7,kg/dm³,2
obs-acba2157823c173e3b17,stainless-core-4622,,youngs_modulus,point,220000000000.0,,,Pa,typical,"{""temperature_K"": 293.15}",Outokumpu values (Table 7 footnote),https://www.outokumpu.com/-/media/files/products/core/outokumpu-core-range-datasheet.pdf,"Page 10, Core 4622, row Table 7, Modulus of elasticity at 20 °C",220,GPa,3
obs-47e72103dede43121686,stainless-core-4622,,thermal_conductivity,point,21.0,,,W/(m*K),typical,"{""temperature_K"": 293.15}",Outokumpu values (Table 7 footnote),https://www.outokumpu.com/-/media/files/products/core/outokumpu-core-range-datasheet.pdf,"Page 10, Core 4622, row Table 7, Thermal conductivity at 20 °C",21,W/(m·K),2
obs-823206892f5ebffc9450,stainless-core-4622,,specific_heat,point,460.0,,,J/(kg*K),typical,"{""temperature_K"": 293.15}",Outokumpu values (Table 7 footnote),https://www.outokumpu.com/-/media/files/products/core/outokumpu-core-range-datasheet.pdf,"Page 10, Core 4622, row Table 7, Thermal capacity at 20 °C",460,J/(kg·K),3
obs-03aef7fc6ff88cc5db0d,stainless-supra-316-4401,stainless-supra-316-4401-reference,tensile_yield_strength,lower_bound,240000000.0,,,Pa,minimum,"{""product_form"": ""sheet"", ""temperature_K"": 293.15}",EN 10088-2,https://www.outokumpu.com/-/media/files/products/supra/outokumpu-supra-range-datasheet.pdf,"Page 6, Supra 316/4401, product form C, row Table 5, Rp0.2",240,MPa,3
obs-e99f66cf7460f01702ac,stainless-supra-316-4401,stainless-supra-316-4401-reference,ultimate_tensile_strength,interval,,530000000.0,680000000.0,Pa,specified_range,"{""product_form"": ""sheet"", ""temperature_K"": 293.15}",EN 10088-2,https://www.outokumpu.com/-/media/files/products/supra/outokumpu-supra-range-datasheet.pdf,"Page 6, Supra 316/4401, product form C, row Table 5, Rm",530–680,MPa,3
obs-e33b327df53475a79953,stainless-supra-316-4401,stainless-supra-316-4401-reference,elongation_at_break,lower_bound,0.4,,,1,minimum,"{""product_form"": ""sheet"", ""temperature_K"": 293.15}",EN 10088-2,https://www.outokumpu.com/-/media/files/products/supra/outokumpu-supra-range-datasheet.pdf,"Page 6, Supra 316/4401, product form C, row Table 5, A80 (80 mm gauge length)",40,%,2
obs-1af4fdfa05e3294e380e,stainless-supra-316-4401,,density,point,8000.0,,,kg/m^3,typical,{},EN 10088-1,https://www.outokumpu.com/-/media/files/products/supra/outokumpu-supra-range-datasheet.pdf,"Page 8, Supra 316/4401, row Table 7, Density",8.0,kg/dm³,2
obs-068a244d2eb59c5d82e0,stainless-supra-316-4401,,youngs_modulus,point,200000000000.0,,,Pa,typical,"{""temperature_K"": 293.15}",EN 10088-1,https://www.outokumpu.com/-/media/files/products/supra/outokumpu-supra-range-datasheet.pdf,"Page 8, Supra 316/4401, row Table 7, Modulus of elasticity at 20 °C",200,GPa,3
obs-00e330482a211b161d34,stainless-supra-316-4401,,thermal_conductivity,point,15.0,,,W/(m*K),typical,"{""temperature_K"": 293.15}",EN 10088-1,https://www.outokumpu.com/-/media/files/products/supra/outokumpu-supra-range-datasheet.pdf,"Page 8, Supra 316/4401, row Table 7, Thermal conductivity at 20 °C",15,W/(m·K),2
obs-1bbfdd9a9b6e9268c516,stainless-supra-316-4401,,specific_heat,point,500.0,,,J/(kg*K),typical,"{""temperature_K"": 293.15}",EN 10088-1,https://www.outokumpu.com/-/media/files/products/supra/outokumpu-supra-range-datasheet.pdf,"Page 8, Supra 316/4401, row Table 7, Thermal capacity at 20 °C",500,J/(kg·K),3
obs-7e9e062a8ec5486ec308,stainless-supra-316l-4404,stainless-supra-316l-4404-reference,tensile_yield_strength,lower_bound,240000000.0,,,Pa,minimum,"{""product_form"": ""sheet"", ""temperature_K"": 293.15}",EN 10088-2,https://www.outokumpu.com/-/media/files/products/supra/outokumpu-supra-range-datasheet.pdf,"Page 6, Supra 316L/4404, product form C, row Table 5, Rp0.2",240,MPa,3
obs-a919ddc3354647747a3d,stainless-supra-316l-4404,stainless-supra-316l-4404-reference,ultimate_tensile_strength,interval,,530000000.0,680000000.0,Pa,specified_range,"{""product_form"": ""sheet"", ""temperature_K"": 293.15}",EN 10088-2,https://www.outokumpu.com/-/media/files/products/supra/outokumpu-supra-range-datasheet.pdf,"Page 6, Supra 316L/4404, product form C, row Table 5, Rm",530–680,MPa,3
obs-0d38ea3c464b54398222,stainless-supra-316l-4404,stainless-supra-316l-4404-reference,elongation_at_break,lower_bound,0.4,,,1,minimum,"{""product_form"": ""sheet"", ""temperature_K"": 293.15}",EN 10088-2,https://www.outokumpu.com/-/media/files/products/supra/outokumpu-supra-range-datasheet.pdf,"Page 6, Supra 316L/4404, product form C, row Table 5, A80 (80 mm gauge length)",40,%,2
obs-7c579fcc8fc28f7ed880,stainless-supra-316l-4404,,density,point,8000.0,,,kg/m^3,typical,{},EN 10088-1,https://www.outokumpu.com/-/media/files/products/supra/outokumpu-supra-range-datasheet.pdf,"Page 8, Supra 316L/4404, row Table 7, Density",8.0,kg/dm³,2
obs-c8ab791788cb06174b95,stainless-supra-316l-4404,,youngs_modulus,point,200000000000.0,,,Pa,typical,"{""temperature_K"": 293.15}",EN 10088-1,https://www.outokumpu.com/-/media/files/products/supra/outokumpu-supra-range-datasheet.pdf,"Page 8, Supra 316L/4404, row Table 7, Modulus of elasticity at 20 °C",200,GPa,3
obs-0494d93acda9f5403169,stainless-supra-316l-4404,,thermal_conductivity,point,15.0,,,W/(m*K),typical,"{""temperature_K"": 293.15}",EN 10088-1,https://www.outokumpu.com/-/media/files/products/supra/outokumpu-supra-range-datasheet.pdf,"Page 8, Supra 316L/4404, row Table 7, Thermal conductivity at 20 °C",15,W/(m·K),2
obs-27f21007e06992621e7d,stainless-supra-316l-4404,,specific_heat,point,500.0,,,J/(kg*K),typical,"{""temperature_K"": 293.15}",EN 10088-1,https://www.outokumpu.com/-/media/files/products/supra/outokumpu-supra-range-datasheet.pdf,"Page 8, Supra 316L/4404, row Table 7, Thermal capacity at 20 °C",500,J/(kg·K),3
obs-4773c4f0ce247cc3c230,stainless-supra-316plus,stainless-supra-316plus-reference,tensile_yield_strength,lower_bound,350000000.0,,,Pa,minimum,"{""product_form"": ""sheet"", ""temperature_K"": 293.15}",EN 10028-7,https://www.outokumpu.com/-/media/files/products/supra/outokumpu-supra-range-datasheet.pdf,"Page 6, Supra 316plus, product form C*, row Table 5, Rp0.2",350,MPa,3
obs-2858e353671c0d915ce3,stainless-supra-316plus,stainless-supra-316plus-reference,ultimate_tensile_strength,interval,,650000000.0,850000000.0,Pa,specified_range,"{""product_form"": ""sheet"", ""temperature_K"": 293.15}",EN 10028-7,https://www.outokumpu.com/-/media/files/products/supra/outokumpu-supra-range-datasheet.pdf,"Page 6, Supra 316plus, product form C*, row Table 5, Rm",650–850,MPa,3
obs-e045cae3b7f9e959ae53,stainless-supra-316plus,stainless-supra-316plus-reference,elongation_at_break,lower_bound,0.35000000000000003,,,1,minimum,"{""product_form"": ""sheet"", ""temperature_K"": 293.15}",EN 10028-7,https://www.outokumpu.com/-/media/files/products/supra/outokumpu-supra-range-datasheet.pdf,"Page 6, Supra 316plus, product form C*, row Table 5, A80 (80 mm gauge length)",35,%,2
obs-e7f5695f25a4da09318a,stainless-supra-316plus,,density,point,7900.0,,,kg/m^3,typical,{},Outokumpu values (Table 7 footnote),https://www.outokumpu.com/-/media/files/products/supra/outokumpu-supra-range-datasheet.pdf,"Page 8, Supra 316plus, row Table 7, Density",7.9,kg/dm³,2
obs-800fc479dfd61e7d94a7,stainless-supra-316plus,,youngs_modulus,point,200000000000.0,,,Pa,typical,"{""temperature_K"": 293.15}",Outokumpu values (Table 7 footnote),https://www.outokumpu.com/-/media/files/products/supra/outokumpu-supra-range-datasheet.pdf,"Page 8, Supra 316plus, row Table 7, Modulus of elasticity at 20 °C",200,GPa,3
obs-105157beaa9780af5ab4,stainless-supra-316plus,,thermal_conductivity,point,15.0,,,W/(m*K),typical,"{""temperature_K"": 293.15}",Outokumpu values (Table 7 footnote),https://www.outokumpu.com/-/media/files/products/supra/outokumpu-supra-range-datasheet.pdf,"Page 8, Supra 316plus, row Table 7, Thermal conductivity at 20 °C",15,W/(m·K),2
obs-f44d4138324c5884c180,stainless-supra-316plus,,specific_heat,point,500.0,,,J/(kg*K),typical,"{""temperature_K"": 293.15}",Outokumpu values (Table 7 footnote),https://www.outokumpu.com/-/media/files/products/supra/outokumpu-supra-range-datasheet.pdf,"Page 8, Supra 316plus, row Table 7, Thermal capacity at 20 °C",500,J/(kg·K),3
obs-6111d48f77a0436f1e94,stainless-supra-316-4436,stainless-supra-316-4436-reference,tensile_yield_strength,lower_bound,240000000.0,,,Pa,minimum,"{""product_form"": ""sheet"", ""temperature_K"": 293.15}",EN 10088-2,https://www.outokumpu.com/-/media/files/products/supra/outokumpu-supra-range-datasheet.pdf,"Page 6, Supra 316/4436, product form C, row Table 5, Rp0.2",240,MPa,3
obs-a2e968fa7f48cf6ab461,stainless-supra-316-4436,stainless-supra-316-4436-reference,ultimate_tensile_strength,interval,,550000000.0,700000000.0,Pa,specified_range,"{""product_form"": ""sheet"", ""temperature_K"": 293.15}",EN 10088-2,https://www.outokumpu.com/-/media/files/products/supra/outokumpu-supra-range-datasheet.pdf,"Page 6, Supra 316/4436, product form C, row Table 5, Rm",550–700,MPa,3
obs-ed8a0ddbec24f7e4ee04,stainless-supra-316-4436,stainless-supra-316-4436-reference,elongation_at_break,lower_bound,0.4,,,1,minimum,"{""product_form"": ""sheet"", ""temperature_K"": 293.15}",EN 10088-2,https://www.outokumpu.com/-/media/files/products/supra/outokumpu-supra-range-datasheet.pdf,"Page 6, Supra 316/4436, product form C, row Table 5, A80 (80 mm gauge length)",40,%,2
obs-f411322c099b72f23e8b,stainless-supra-316-4436,,density,point,8000.0,,,kg/m^3,typical,{},EN 10088-1,https://www.outokumpu.com/-/media/files/products/supra/outokumpu-supra-range-datasheet.pdf,"Page 8, Supra 316/4436, row Table 7, Density",8.0,kg/dm³,2
obs-28c9a472a9ca20c8332d,stainless-supra-316-4436,,youngs_modulus,point,200000000000.0,,,Pa,typical,"{""temperature_K"": 293.15}",EN 10088-1,https://www.outokumpu.com/-/media/files/products/supra/outokumpu-supra-range-datasheet.pdf,"Page 8, Supra 316/4436, row Table 7, Modulus of elasticity at 20 °C",200,GPa,3
obs-7975527240b3e33f64a0,stainless-supra-316-4436,,thermal_conductivity,point,15.0,,,W/(m*K),typical,"{""temperature_K"": 293.15}",EN 10088-1,https://www.outokumpu.com/-/media/files/products/supra/outokumpu-supra-range-datasheet.pdf,"Page 8, Supra 316/4436, row Table 7, Thermal conductivity at 20 °C",15,W/(m·K),2
obs-9b3c0987a4a63a089078,stainless-supra-316-4436,,specific_heat,point,500.0,,,J/(kg*K),typical,"{""temperature_K"": 293.15}",EN 10088-1,https://www.outokumpu.com/-/media/files/products/supra/outokumpu-supra-range-datasheet.pdf,"Page 8, Supra 316/4436, row Table 7, Thermal capacity at 20 °C",500,J/(kg·K),3
obs-483cc4e0aaabfc5a3098,stainless-supra-316l-4432,stainless-supra-316l-4432-reference,tensile_yield_strength,lower_bound,240000000.0,,,Pa,minimum,"{""product_form"": ""sheet"", ""temperature_K"": 293.15}",EN 10088-2,https://www.outokumpu.com/-/media/files/products/supra/outokumpu-supra-range-datasheet.pdf,"Page 6, Supra 316L/4432, product form C, row Table 5, Rp0.2",240,MPa,3
obs-cb9fae3692cfa411397f,stainless-supra-316l-4432,stainless-supra-316l-4432-reference,ultimate_tensile_strength,interval,,550000000.0,700000000.0,Pa,specified_range,"{""product_form"": ""sheet"", ""temperature_K"": 293.15}",EN 10088-2,https://www.outokumpu.com/-/media/files/products/supra/outokumpu-supra-range-datasheet.pdf,"Page 6, Supra 316L/4432, product form C, row Table 5, Rm",550–700,MPa,3
obs-f8a8d32176f345b0ebda,stainless-supra-316l-4432,stainless-supra-316l-4432-reference,elongation_at_break,lower_bound,0.4,,,1,minimum,"{""product_form"": ""sheet"", ""temperature_K"": 293.15}",EN 10088-2,https://www.outokumpu.com/-/media/files/products/supra/outokumpu-supra-range-datasheet.pdf,"Page 6, Supra 316L/4432, product form C, row Table 5, A80 (80 mm gauge length)",40,%,2
obs-7663489849cf8f1848ae,stainless-supra-316l-4432,,density,point,8000.0,,,kg/m^3,typical,{},EN 10088-1,https://www.outokumpu.com/-/media/files/products/supra/outokumpu-supra-range-datasheet.pdf,"Page 8, Supra 316L/4432, row Table 7, Density",8.0,kg/dm³,2
obs-f20fc244eff25f4e52b2,stainless-supra-316l-4432,,youngs_modulus,point,200000000000.0,,,Pa,typical,"{""temperature_K"": 293.15}",EN 10088-1,https://www.outokumpu.com/-/media/files/products/supra/outokumpu-supra-range-datasheet.pdf,"Page 8, Supra 316L/4432, row Table 7, Modulus of elasticity at 20 °C",200,GPa,3
obs-eb87fb79482d981e7893,stainless-supra-316l-4432,,thermal_conductivity,point,15.0,,,W/(m*K),typical,"{""temperature_K"": 293.15}",EN 10088-1,https://www.outokumpu.com/-/media/files/products/supra/outokumpu-supra-range-datasheet.pdf,"Page 8, Supra 316L/4432, row Table 7, Thermal conductivity at 20 °C",15,W/(m·K),2
obs-cfdcb13b43aad839425b,stainless-supra-316l-4432,,specific_heat,point,500.0,,,J/(kg*K),typical,"{""temperature_K"": 293.15}",EN 10088-1,https://www.outokumpu.com/-/media/files/products/supra/outokumpu-supra-range-datasheet.pdf,"Page 8, Supra 316L/4432, row Table 7, Thermal capacity at 20 °C",500,J/(kg·K),3
obs-ce7c0ef4c647827cffd6,stainless-supra-316l-4435,stainless-supra-316l-4435-reference,tensile_yield_strength,lower_bound,240000000.0,,,Pa,minimum,"{""product_form"": ""sheet"", ""temperature_K"": 293.15}",EN 10088-2,https://www.outokumpu.com/-/media/files/products/supra/outokumpu-supra-range-datasheet.pdf,"Page 6, Supra 316L/4435, product form C, row Table 5, Rp0.2",240,MPa,3
obs-b66ba88d8f2fbc91cf04,stainless-supra-316l-4435,stainless-supra-316l-4435-reference,ultimate_tensile_strength,interval,,550000000.0,700000000.0,Pa,specified_range,"{""product_form"": ""sheet"", ""temperature_K"": 293.15}",EN 10088-2,https://www.outokumpu.com/-/media/files/products/supra/outokumpu-supra-range-datasheet.pdf,"Page 6, Supra 316L/4435, product form C, row Table 5, Rm",550–700,MPa,3
obs-5fd4d054c45efc92e617,stainless-supra-316l-4435,stainless-supra-316l-4435-reference,elongation_at_break,lower_bound,0.4,,,1,minimum,"{""product_form"": ""sheet"", ""temperature_K"": 293.15}",EN 10088-2,https://www.outokumpu.com/-/media/files/products/supra/outokumpu-supra-range-datasheet.pdf,"Page 6, Supra 316L/4435, product form C, row Table 5, A80 (80 mm gauge length)",40,%,2
obs-4187dfb18f8632c9ba88,stainless-supra-316l-4435,,density,point,8000.0,,,kg/m^3,typical,{},EN 10088-1,https://www.outokumpu.com/-/media/files/products/supra/outokumpu-supra-range-datasheet.pdf,"Page 8, Supra 316L/4435, row Table 7, Density",8.0,kg/dm³,2
obs-0c90795177f4189410c5,stainless-supra-316l-4435,,youngs_modulus,point,200000000000.0,,,Pa,typical,"{""temperature_K"": 293.15}",EN 10088-1,https://www.outokumpu.com/-/media/files/products/supra/outokumpu-supra-range-datasheet.pdf,"Page 8, Supra 316L/4435, row Table 7, Modulus of elasticity at 20 °C",200,GPa,3
obs-cea7aee8a6f3ba3ccf70,stainless-supra-316l-4435,,thermal_conductivity,point,15.0,,,W/(m*K),typical,"{""temperature_K"": 293.15}",EN 10088-1,https://www.outokumpu.com/-/media/files/products/supra/outokumpu-supra-range-datasheet.pdf,"Page 8, Supra 316L/4435, row Table 7, Thermal conductivity at 20 °C",15,W/(m·K),2
obs-a1c2bc9a57009c6eba44,stainless-supra-316l-4435,,specific_heat,point,500.0,,,J/(kg*K),typical,"{""temperature_K"": 293.15}",EN 10088-1,https://www.outokumpu.com/-/media/files/products/supra/outokumpu-supra-range-datasheet.pdf,"Page 8, Supra 316L/4435, row Table 7, Thermal capacity at 20 °C",500,J/(kg·K),3
obs-be077cdc2b4ca3a7fed3,stainless-supra-316ti-4571,stainless-supra-316ti-4571-reference,tensile_yield_strength,lower_bound,240000000.0,,,Pa,minimum,"{""product_form"": ""sheet"", ""temperature_K"": 293.15}",EN 10088-2,https://www.outokumpu.com/-/media/files/products/supra/outokumpu-supra-range-datasheet.pdf,"Page 6, Supra 316Ti/4571, product form C, row Table 5, Rp0.2",240,MPa,3
obs-7c79a7bba1b28d6a5d79,stainless-supra-316ti-4571,stainless-supra-316ti-4571-reference,ultimate_tensile_strength,interval,,540000000.0,690000000.0,Pa,specified_range,"{""product_form"": ""sheet"", ""temperature_K"": 293.15}",EN 10088-2,https://www.outokumpu.com/-/media/files/products/supra/outokumpu-supra-range-datasheet.pdf,"Page 6, Supra 316Ti/4571, product form C, row Table 5, Rm",540–690,MPa,3
obs-0c09e45c310195039742,stainless-supra-316ti-4571,stainless-supra-316ti-4571-reference,elongation_at_break,lower_bound,0.4,,,1,minimum,"{""product_form"": ""sheet"", ""temperature_K"": 293.15}",EN 10088-2,https://www.outokumpu.com/-/media/files/products/supra/outokumpu-supra-range-datasheet.pdf,"Page 6, Supra 316Ti/4571, product form C, row Table 5, A80 (80 mm gauge length)",40,%,2
obs-79739b6d1fcca3a2c2c3,stainless-supra-316ti-4571,,density,point,8000.0,,,kg/m^3,typical,{},EN 10088-1,https://www.outokumpu.com/-/media/files/products/supra/outokumpu-supra-range-datasheet.pdf,"Page 8, Supra 316Ti/4571, row Table 7, Density",8.0,kg/dm³,2
obs-6bc654ef62ff12fbd44a,stainless-supra-316ti-4571,,youngs_modulus,point,200000000000.0,,,Pa,typical,"{""temperature_K"": 293.15}",EN 10088-1,https://www.outokumpu.com/-/media/files/products/supra/outokumpu-supra-range-datasheet.pdf,"Page 8, Supra 316Ti/4571, row Table 7, Modulus of elasticity at 20 °C",200,GPa,3
obs-0966c47e5b4e617b5b58,stainless-supra-316ti-4571,,thermal_conductivity,point,15.0,,,W/(m*K),typical,"{""temperature_K"": 293.15}",EN 10088-1,https://www.outokumpu.com/-/media/files/products/supra/outokumpu-supra-range-datasheet.pdf,"Page 8, Supra 316Ti/4571, row Table 7, Thermal conductivity at 20 °C",15,W/(m·K),2
obs-1b51764915e21dfe040f,stainless-supra-316ti-4571,,specific_heat,point,500.0,,,J/(kg*K),typical,"{""temperature_K"": 293.15}",EN 10088-1,https://www.outokumpu.com/-/media/files/products/supra/outokumpu-supra-range-datasheet.pdf,"Page 8, Supra 316Ti/4571, row Table 7, Thermal capacity at 20 °C",500,J/(kg·K),3
obs-62834de591dd3abfeab6,stainless-supra-444-4521,stainless-supra-444-4521-reference,tensile_yield_strength,lower_bound,320000000.0,,,Pa,minimum,"{""product_form"": ""sheet"", ""temperature_K"": 293.15}",EN 10088-2,https://www.outokumpu.com/-/media/files/products/supra/outokumpu-supra-range-datasheet.pdf,"Page 6, Supra 444/4521, product form C, row Table 5, Rp0.2",320,MPa,3
obs-2495d99fe5596b02f1ba,stainless-supra-444-4521,stainless-supra-444-4521-reference,ultimate_tensile_strength,interval,,420000000.0,640000000.0,Pa,specified_range,"{""product_form"": ""sheet"", ""temperature_K"": 293.15}",EN 10088-2,https://www.outokumpu.com/-/media/files/products/supra/outokumpu-supra-range-datasheet.pdf,"Page 6, Supra 444/4521, product form C, row Table 5, Rm",420–640,MPa,3
obs-331ba57d37d6127439d6,stainless-supra-444-4521,stainless-supra-444-4521-reference,elongation_at_break,lower_bound,0.2,,,1,minimum,"{""product_form"": ""sheet"", ""temperature_K"": 293.15}",EN 10088-2,https://www.outokumpu.com/-/media/files/products/supra/outokumpu-supra-range-datasheet.pdf,"Page 6, Supra 444/4521, product form C, row Table 5, A80 (80 mm gauge length)",20,%,2
obs-2ca7ba5c17de5570d226,stainless-supra-444-4521,,density,point,7700.0,,,kg/m^3,typical,{},EN 10088-1,https://www.outokumpu.com/-/media/files/products/supra/outokumpu-supra-range-datasheet.pdf,"Page 8, Supra 444/4521, row Table 7, Density",7.7,kg/dm³,2
obs-b6b62d45b65c9f45ed82,stainless-supra-444-4521,,youngs_modulus,point,220000000000.0,,,Pa,typical,"{""temperature_K"": 293.15}",EN 10088-1,https://www.outokumpu.com/-/media/files/products/supra/outokumpu-supra-range-datasheet.pdf,"Page 8, Supra 444/4521, row Table 7, Modulus of elasticity at 20 °C",220,GPa,3
obs-9c5582a3c2eeac37e786,stainless-supra-444-4521,,thermal_conductivity,point,23.0,,,W/(m*K),typical,"{""temperature_K"": 293.15}",EN 10088-1,https://www.outokumpu.com/-/media/files/products/supra/outokumpu-supra-range-datasheet.pdf,"Page 8, Supra 444/4521, row Table 7, Thermal conductivity at 20 °C",23,W/(m·K),2
obs-86f460c27b3786c43822,stainless-supra-444-4521,,specific_heat,point,430.0,,,J/(kg*K),typical,"{""temperature_K"": 293.15}",EN 10088-1,https://www.outokumpu.com/-/media/files/products/supra/outokumpu-supra-range-datasheet.pdf,"Page 8, Supra 444/4521, row Table 7, Thermal capacity at 20 °C",430,J/(kg·K),3
